id,slug,name,brand,category,sku,description
2131,tamarack-pendant-light-go,Tamarack Pendant Light Go,Tamarack,Lighting,SK-2131-TA,"The Tamarack Pendant Light Go. A dependable lighting pick with a clean, no-nonsense design and the everyday features you actually use."
2284,brightwell-desk-lamp-core,Brightwell Desk Lamp Core,Brightwell,Office,SK-2284-BR,"The Brightwell Desk Lamp Core. A dependable office pick with a clean, no-nonsense design and the everyday features you actually use."
2067,mosella-acoustic-guitar-one,Mosella Acoustic Guitar One,Mosella,Instruments,SK-2067-MO,"The Mosella Acoustic Guitar One. A dependable instruments pick with a clean, no-nonsense design and the everyday features you actually use."
2618,solvane-beard-trimmer-nano,Solvane Beard Trimmer Nano,Solvane,Personal Care,SK-2618-SO,"The Solvane Beard Trimmer Nano. A dependable personal care pick with a clean, no-nonsense design and the everyday features you actually use."
2610,junova-led-strip-nano,Junova LED Strip Nano,Junova,Lighting,SK-2610-JU,"The Junova LED Strip Nano. A dependable lighting pick with a clean, no-nonsense design and the everyday features you actually use."
2287,orbisk-bookshelf-core,Orbisk Bookshelf Core,Orbisk,Office,SK-2287-OR,"The Orbisk Bookshelf Core. A dependable office pick with a clean, no-nonsense design and the everyday features you actually use."
2692,veloria-smart-panel-duo,Veloria Smart Panel Duo,Veloria,Lighting,SK-2692-VE,"The Veloria Smart Panel Duo. A dependable lighting pick with a clean, no-nonsense design and the everyday features you actually use."
2104,veloria-vr-headset-go,Veloria VR Headset Go,Veloria,Gaming,SK-2104-VE,"The Veloria VR Headset Go. A dependable gaming pick with a clean, no-nonsense design and the everyday features you actually use."
2381,quarrow-massager-prime,Quarrow Massager Prime,Quarrow,Personal Care,SK-2381-QU,"The Quarrow Massager Prime. A dependable personal care pick with a clean, no-nonsense design and the everyday features you actually use."
2166,tundrel-dash-cam-edge,Tundrel Dash Cam Edge,Tundrel,Cameras,SK-2166-TU,"The Tundrel Dash Cam Edge. A dependable cameras pick with a clean, no-nonsense design and the everyday features you actually use."
2615,lumeno-wall-sconce-nano,Lumeno Wall Sconce Nano,Lumeno,Lighting,SK-2615-LU,"The Lumeno Wall Sconce Nano. A dependable lighting pick with a clean, no-nonsense design and the everyday features you actually use."
2560,saffrix-5g-hotspot-ultra,Saffrix 5G Hotspot Ultra,Saffrix,Networking,SK-2560-SA,"The Saffrix 5G Hotspot Ultra. A dependable networking pick with a clean, no-nonsense design and the everyday features you actually use."
2797,lumeno-powerline-adapter-aero,Lumeno Powerline Adapter Aero,Lumeno,Networking,SK-2797-LU,"The Lumeno Powerline Adapter Aero. A dependable networking pick with a clean, no-nonsense design and the everyday features you actually use."
2695,halvard-wall-sconce-duo,Halvard Wall Sconce Duo,Halvard,Lighting,SK-2695-HA,"The Halvard Wall Sconce Duo. A dependable lighting pick with a clean, no-nonsense design and the everyday features you actually use."
2172,brightwell-kids-tablet-edge,Brightwell Kids Tablet Edge,Brightwell,Tablets,SK-2172-BR,"The Brightwell Kids Tablet Edge. A dependable tablets pick with a clean, no-nonsense design and the everyday features you actually use."
2662,brightwell-capture-card-duo,Brightwell Capture Card Duo,Brightwell,Gaming,SK-2662-BR,"The Brightwell Capture Card Duo. A dependable gaming pick with a clean, no-nonsense design and the everyday features you actually use."
2009,halvard-tablet-one,Halvard Tablet One,Halvard,Tablets,SK-2009-HA,"The Halvard Tablet One. A dependable tablets pick with a clean, no-nonsense design and the everyday features you actually use."
2611,halvard-pendant-light-nano,Halvard Pendant Light Nano,Halvard,Lighting,SK-2611-HA,"The Halvard Pendant Light Nano. A dependable lighting pick with a clean, no-nonsense design and the everyday features you actually use."
2699,lumeno-electric-toothbrush-duo,Lumeno Electric Toothbrush Duo,Lumeno,Personal Care,SK-2699-LU,"The Lumeno Electric Toothbrush Duo. A dependable personal care pick with a clean, no-nonsense design and the everyday features you actually use."
2722,junova-action-camera-aero,Junova Action Camera Aero,Junova,Cameras,SK-2722-JU,"The Junova Action Camera Aero. A dependable cameras pick with a clean, no-nonsense design and the everyday features you actually use."
2645,pinecrest-film-scanner-duo,Pinecrest Film Scanner Duo,Pinecrest,Cameras,SK-2645-PI,"The Pinecrest Film Scanner Duo. A dependable cameras pick with a clean, no-nonsense design and the everyday features you actually use."
2765,halvard-filing-cabinet-aero,Halvard Filing Cabinet Aero,Halvard,Office,SK-2765-HA,"The Halvard Filing Cabinet Aero. A dependable office pick with a clean, no-nonsense design and the everyday features you actually use."
2313,tamarack-wi-fi-router-core,Tamarack Wi-Fi Router Core,Tamarack,Networking,SK-2313-TA,"The Tamarack Wi-Fi Router Core. A dependable networking pick with a clean, no-nonsense design and the everyday features you actually use."
2055,lumeno-wall-sconce-one,Lumeno Wall Sconce One,Lumeno,Lighting,SK-2055-LU,"The Lumeno Wall Sconce One. A dependable lighting pick with a clean, no-nonsense design and the everyday features you actually use."
2153,lumeno-wi-fi-router-go,Lumeno Wi-Fi Router Go,Lumeno,Networking,SK-2153-LU,"The Lumeno Wi-Fi Router Go. A dependable networking pick with a clean, no-nonsense design and the everyday features you actually use."
2862,junova-shaver-zen,Junova Shaver Zen,Junova,Personal Care,SK-2862-JU,"The Junova Shaver Zen. A dependable personal care pick with a clean, no-nonsense design and the everyday features you actually use."
2460,tundrel-hair-straightener-flex,Tundrel Hair Straightener Flex,Tundrel,Personal Care,SK-2460-TU,"The Tundrel Hair Straightener Flex. A dependable personal care pick with a clean, no-nonsense design and the everyday features you actually use."
2147,orbisk-acoustic-guitar-go,Orbisk Acoustic Guitar Go,Orbisk,Instruments,SK-2147-OR,"The Orbisk Acoustic Guitar Go. A dependable instruments pick with a clean, no-nonsense design and the everyday features you actually use."
2813,pinecrest-note-pad-zen,Pinecrest Note Pad Zen,Pinecrest,Tablets,SK-2813-PI,"The Pinecrest Note Pad Zen. A dependable tablets pick with a clean, no-nonsense design and the everyday features you actually use."
2100,solvane-arcade-stick-go,Solvane Arcade Stick Go,Solvane,Gaming,SK-2100-SO,"The Solvane Arcade Stick Go. A dependable gaming pick with a clean, no-nonsense design and the everyday features you actually use."
2783,lumeno-grooming-kit-aero,Lumeno Grooming Kit Aero,Lumeno,Personal Care,SK-2783-LU,"The Lumeno Grooming Kit Aero. A dependable personal care pick with a clean, no-nonsense design and the everyday features you actually use."
2684,tundrel-desk-lamp-duo,Tundrel Desk Lamp Duo,Tundrel,Office,SK-2684-TU,"The Tundrel Desk Lamp Duo. A dependable office pick with a clean, no-nonsense design and the everyday features you actually use."
2040,tundrel-camp-chair-one,Tundrel Camp Chair One,Tundrel,Outdoor,SK-2040-TU,"The Tundrel Camp Chair One. A dependable outdoor pick with a clean, no-nonsense design and the everyday features you actually use."
2770,saffrix-led-strip-aero,Saffrix LED Strip Aero,Saffrix,Lighting,SK-2770-SA,"The Saffrix LED Strip Aero. A dependable lighting pick with a clean, no-nonsense design and the everyday features you actually use."
2851,mosella-pendant-light-zen,Mosella Pendant Light Zen,Mosella,Lighting,SK-2851-MO,"The Mosella Pendant Light Zen. A dependable lighting pick with a clean, no-nonsense design and the everyday features you actually use."
2756,saffrix-trekking-poles-aero,Saffrix Trekking Poles Aero,Saffrix,Outdoor,SK-2756-SA,"The Saffrix Trekking Poles Aero. A dependable outdoor pick with a clean, no-nonsense design and the everyday features you actually use."
2181,lumeno-gaming-headset-edge,Lumeno Gaming Headset Edge,Lumeno,Gaming,SK-2181-LU,"The Lumeno Gaming Headset Edge. A dependable gaming pick with a clean, no-nonsense design and the everyday features you actually use."
2500,redwick-arcade-stick-ultra,Redwick Arcade Stick Ultra,Redwick,Gaming,SK-2500-RE,"The Redwick Arcade Stick Ultra. A dependable gaming pick with a clean, no-nonsense design and the everyday features you actually use."
2724,redwick-vlog-camera-aero,Redwick Vlog Camera Aero,Redwick,Cameras,SK-2724-RE,"The Redwick Vlog Camera Aero. A dependable cameras pick with a clean, no-nonsense design and the everyday features you actually use."
2911,pinecrest-foam-roller-arc,Pinecrest Foam Roller Arc,Pinecrest,Fitness,SK-2911-PI,"The Pinecrest Foam Roller Arc. A dependable fitness pick with a clean, no-nonsense design and the everyday features you actually use."
2459,mosella-electric-toothbrush-flex,Mosella Electric Toothbrush Flex,Mosella,Personal Care,SK-2459-MO,"The Mosella Electric Toothbrush Flex. A dependable personal care pick with a clean, no-nonsense design and the everyday features you actually use."
2913,quarrow-tent-arc,Quarrow Tent Arc,Quarrow,Outdoor,SK-2913-QU,"The Quarrow Tent Arc. A dependable outdoor pick with a clean, no-nonsense design and the everyday features you actually use."
2242,brightwell-action-camera-core,Brightwell Action Camera Core,Brightwell,Cameras,SK-2242-BR,"The Brightwell Action Camera Core. A dependable cameras pick with a clean, no-nonsense design and the everyday features you actually use."
2839,lumeno-hammock-zen,Lumeno Hammock Zen,Lumeno,Outdoor,SK-2839-LU,"The Lumeno Hammock Zen. A dependable outdoor pick with a clean, no-nonsense design and the everyday features you actually use."
2858,brightwell-beard-trimmer-zen,Brightwell Beard Trimmer Zen,Brightwell,Personal Care,SK-2858-BR,"The Brightwell Beard Trimmer Zen. A dependable personal care pick with a clean, no-nonsense design and the everyday features you actually use."
2275,halvard-camp-stove-core,Halvard Camp Stove Core,Halvard,Outdoor,SK-2275-HA,"The Halvard Camp Stove Core. A dependable outdoor pick with a clean, no-nonsense design and the everyday features you actually use."
2899,quarrow-racing-wheel-arc,Quarrow Racing Wheel Arc,Quarrow,Gaming,SK-2899-QU,"The Quarrow Racing Wheel Arc. A dependable gaming pick with a clean, no-nonsense design and the everyday features you actually use."
2512,junova-pull-up-bar-ultra,Junova Pull-up Bar Ultra,Junova,Fitness,SK-2512-JU,"The Junova Pull-up Bar Ultra. A dependable fitness pick with a clean, no-nonsense design and the everyday features you actually use."
2238,saffrix-travel-router-edge,Saffrix Travel Router Edge,Saffrix,Networking,SK-2238-SA,"The Saffrix Travel Router Edge. A dependable networking pick with a clean, no-nonsense design and the everyday features you actually use."
2931,orbisk-pendant-light-arc,Orbisk Pendant Light Arc,Orbisk,Lighting,SK-2931-OR,"The Orbisk Pendant Light Arc. A dependable lighting pick with a clean, no-nonsense design and the everyday features you actually use."
2927,quarrow-bookshelf-arc,Quarrow Bookshelf Arc,Quarrow,Office,SK-2927-QU,"The Quarrow Bookshelf Arc. A dependable office pick with a clean, no-nonsense design and the everyday features you actually use."
2184,solvane-vr-headset-edge,Solvane VR Headset Edge,Solvane,Gaming,SK-2184-SO,"The Solvane VR Headset Edge. A dependable gaming pick with a clean, no-nonsense design and the everyday features you actually use."
2909,lumeno-kettlebell-arc,Lumeno Kettlebell Arc,Lumeno,Fitness,SK-2909-LU,"The Lumeno Kettlebell Arc. A dependable fitness pick with a clean, no-nonsense design and the everyday features you actually use."
2831,tamarack-foam-roller-zen,Tamarack Foam Roller Zen,Tamarack,Fitness,SK-2831-TA,"The Tamarack Foam Roller Zen. A dependable fitness pick with a clean, no-nonsense design and the everyday features you actually use."
2938,saffrix-beard-trimmer-arc,Saffrix Beard Trimmer Arc,Saffrix,Personal Care,SK-2938-SA,"The Saffrix Beard Trimmer Arc. A dependable personal care pick with a clean, no-nonsense design and the everyday features you actually use."
2113,pinecrest-tent-go,Pinecrest Tent Go,Pinecrest,Outdoor,SK-2113-PI,"The Pinecrest Tent Go. A dependable outdoor pick with a clean, no-nonsense design and the everyday features you actually use."
2889,orbisk-tablet-arc,Orbisk Tablet Arc,Orbisk,Tablets,SK-2889-OR,"The Orbisk Tablet Arc. A dependable tablets pick with a clean, no-nonsense design and the everyday features you actually use."
2773,quarrow-reading-light-aero,Quarrow Reading Light Aero,Quarrow,Lighting,SK-2773-QU,"The Quarrow Reading Light Aero. A dependable lighting pick with a clean, no-nonsense design and the everyday features you actually use."
2693,orbisk-reading-light-duo,Orbisk Reading Light Duo,Orbisk,Lighting,SK-2693-OR,"The Orbisk Reading Light Duo. A dependable lighting pick with a clean, no-nonsense design and the everyday features you actually use."
2155,pinecrest-network-switch-go,Pinecrest Network Switch Go,Pinecrest,Networking,SK-2155-PI,"The Pinecrest Network Switch Go. A dependable networking pick with a clean, no-nonsense design and the everyday features you actually use."
2066,redwick-ukulele-one,Redwick Ukulele One,Redwick,Instruments,SK-2066-RE,"The Redwick Ukulele One. A dependable instruments pick with a clean, no-nonsense design and the everyday features you actually use."
2817,tamarack-controller-zen,Tamarack Controller Zen,Tamarack,Gaming,SK-2817-TA,"The Tamarack Controller Zen. A dependable gaming pick with a clean, no-nonsense design and the everyday features you actually use."
2050,junova-led-strip-one,Junova LED Strip One,Junova,Lighting,SK-2050-JU,"The Junova LED Strip One. A dependable lighting pick with a clean, no-nonsense design and the everyday features you actually use."
2093,halvard-note-pad-go,Halvard Note Pad Go,Halvard,Tablets,SK-2093-HA,"The Halvard Note Pad Go. A dependable tablets pick with a clean, no-nonsense design and the everyday features you actually use."
2785,pinecrest-digital-piano-aero,Pinecrest Digital Piano Aero,Pinecrest,Instruments,SK-2785-PI,"The Pinecrest Digital Piano Aero. A dependable instruments pick with a clean, no-nonsense design and the everyday features you actually use."
2947,halvard-acoustic-guitar-arc,Halvard Acoustic Guitar Arc,Halvard,Instruments,SK-2947-HA,"The Halvard Acoustic Guitar Arc. A dependable instruments pick with a clean, no-nonsense design and the everyday features you actually use."
2648,brightwell-gimbal-duo,Brightwell Gimbal Duo,Brightwell,Cameras,SK-2648-BR,"The Brightwell Gimbal Duo. A dependable cameras pick with a clean, no-nonsense design and the everyday features you actually use."
2799,pinecrest-nas-enclosure-aero,Pinecrest NAS Enclosure Aero,Pinecrest,Networking,SK-2799-PI,"The Pinecrest NAS Enclosure Aero. A dependable networking pick with a clean, no-nonsense design and the everyday features you actually use."
2059,quarrow-electric-toothbrush-one,Quarrow Electric Toothbrush One,Quarrow,Personal Care,SK-2059-QU,"The Quarrow Electric Toothbrush One. A dependable personal care pick with a clean, no-nonsense design and the everyday features you actually use."
2003,quarrow-instant-camera-one,Quarrow Instant Camera One,Quarrow,Cameras,SK-2003-QU,"The Quarrow Instant Camera One. A dependable cameras pick with a clean, no-nonsense design and the everyday features you actually use."
2358,junova-cooler-box-prime,Junova Cooler Box Prime,Junova,Outdoor,SK-2358-JU,"The Junova Cooler Box Prime. A dependable outdoor pick with a clean, no-nonsense design and the everyday features you actually use."
2824,tundrel-vr-headset-zen,Tundrel VR Headset Zen,Tundrel,Gaming,SK-2824-TU,"The Tundrel VR Headset Zen. A dependable gaming pick with a clean, no-nonsense design and the everyday features you actually use."
2453,tamarack-reading-light-flex,Tamarack Reading Light Flex,Tamarack,Lighting,SK-2453-TA,"The Tamarack Reading Light Flex. A dependable lighting pick with a clean, no-nonsense design and the everyday features you actually use."
2651,orbisk-drawing-tablet-duo,Orbisk Drawing Tablet Duo,Orbisk,Tablets,SK-2651-OR,"The Orbisk Drawing Tablet Duo. A dependable tablets pick with a clean, no-nonsense design and the everyday features you actually use."
2902,veloria-capture-card-arc,Veloria Capture Card Arc,Veloria,Gaming,SK-2902-VE,"The Veloria Capture Card Arc. A dependable gaming pick with a clean, no-nonsense design and the everyday features you actually use."
2208,tundrel-desk-organiser-edge,Tundrel Desk Organiser Edge,Tundrel,Office,SK-2208-TU,"The Tundrel Desk Organiser Edge. A dependable office pick with a clean, no-nonsense design and the everyday features you actually use."
2136,redwick-light-bar-go,Redwick Light Bar Go,Redwick,Lighting,SK-2136-RE,"The Redwick Light Bar Go. A dependable lighting pick with a clean, no-nonsense design and the everyday features you actually use."
2230,veloria-violin-edge,Veloria Violin Edge,Veloria,Instruments,SK-2230-VE,"The Veloria Violin Edge. A dependable instruments pick with a clean, no-nonsense design and the everyday features you actually use."
2867,lumeno-acoustic-guitar-zen,Lumeno Acoustic Guitar Zen,Lumeno,Instruments,SK-2867-LU,"The Lumeno Acoustic Guitar Zen. A dependable instruments pick with a clean, no-nonsense design and the everyday features you actually use."
2265,lumeno-dumbbell-set-core,Lumeno Dumbbell Set Core,Lumeno,Fitness,SK-2265-LU,"The Lumeno Dumbbell Set Core. A dependable fitness pick with a clean, no-nonsense design and the everyday features you actually use."
2019,tamarack-racing-wheel-one,Tamarack Racing Wheel One,Tamarack,Gaming,SK-2019-TA,"The Tamarack Racing Wheel One. A dependable gaming pick with a clean, no-nonsense design and the everyday features you actually use."
2511,orbisk-foam-roller-ultra,Orbisk Foam Roller Ultra,Orbisk,Fitness,SK-2511-OR,"The Orbisk Foam Roller Ultra. A dependable fitness pick with a clean, no-nonsense design and the everyday features you actually use."
2667,halvard-rowing-machine-duo,Halvard Rowing Machine Duo,Halvard,Fitness,SK-2667-HA,"The Halvard Rowing Machine Duo. A dependable fitness pick with a clean, no-nonsense design and the everyday features you actually use."
2259,orbisk-racing-wheel-core,Orbisk Racing Wheel Core,Orbisk,Gaming,SK-2259-OR,"The Orbisk Racing Wheel Core. A dependable gaming pick with a clean, no-nonsense design and the everyday features you actually use."
2509,tamarack-kettlebell-ultra,Tamarack Kettlebell Ultra,Tamarack,Fitness,SK-2509-TA,"The Tamarack Kettlebell Ultra. A dependable fitness pick with a clean, no-nonsense design and the everyday features you actually use."
2616,saffrix-light-bar-nano,Saffrix Light Bar Nano,Saffrix,Lighting,SK-2616-SA,"The Saffrix Light Bar Nano. A dependable lighting pick with a clean, no-nonsense design and the everyday features you actually use."
2450,solvane-led-strip-flex,Solvane LED Strip Flex,Solvane,Lighting,SK-2450-SO,"The Solvane LED Strip Flex. A dependable lighting pick with a clean, no-nonsense design and the everyday features you actually use."
2845,tamarack-filing-cabinet-zen,Tamarack Filing Cabinet Zen,Tamarack,Office,SK-2845-TA,"The Tamarack Filing Cabinet Zen. A dependable office pick with a clean, no-nonsense design and the everyday features you actually use."
2248,redwick-gimbal-core,Redwick Gimbal Core,Redwick,Cameras,SK-2248-RE,"The Redwick Gimbal Core. A dependable cameras pick with a clean, no-nonsense design and the everyday features you actually use."
2403,mosella-instant-camera-flex,Mosella Instant Camera Flex,Mosella,Cameras,SK-2403-MO,"The Mosella Instant Camera Flex. A dependable cameras pick with a clean, no-nonsense design and the everyday features you actually use."
2081,mosella-mirrorless-camera-go,Mosella Mirrorless Camera Go,Mosella,Cameras,SK-2081-MO,"The Mosella Mirrorless Camera Go. A dependable cameras pick with a clean, no-nonsense design and the everyday features you actually use."
2466,brightwell-ukulele-flex,Brightwell Ukulele Flex,Brightwell,Instruments,SK-2466-BR,"The Brightwell Ukulele Flex. A dependable instruments pick with a clean, no-nonsense design and the everyday features you actually use."
2825,lumeno-dumbbell-set-zen,Lumeno Dumbbell Set Zen,Lumeno,Fitness,SK-2825-LU,"The Lumeno Dumbbell Set Zen. A dependable fitness pick with a clean, no-nonsense design and the everyday features you actually use."
2787,quarrow-acoustic-guitar-aero,Quarrow Acoustic Guitar Aero,Quarrow,Instruments,SK-2787-QU,"The Quarrow Acoustic Guitar Aero. A dependable instruments pick with a clean, no-nonsense design and the everyday features you actually use."
2194,tundrel-sleeping-bag-edge,Tundrel Sleeping Bag Edge,Tundrel,Outdoor,SK-2194-TU,"The Tundrel Sleeping Bag Edge. A dependable outdoor pick with a clean, no-nonsense design and the everyday features you actually use."
2852,tundrel-smart-panel-zen,Tundrel Smart Panel Zen,Tundrel,Lighting,SK-2852-TU,"The Tundrel Smart Panel Zen. A dependable lighting pick with a clean, no-nonsense design and the everyday features you actually use."
2039,mosella-hammock-one,Mosella Hammock One,Mosella,Outdoor,SK-2039-MO,"The Mosella Hammock One. A dependable outdoor pick with a clean, no-nonsense design and the everyday features you actually use."
2379,pinecrest-electric-toothbrush-prime,Pinecrest Electric Toothbrush Prime,Pinecrest,Personal Care,SK-2379-PI,"The Pinecrest Electric Toothbrush Prime. A dependable personal care pick with a clean, no-nonsense design and the everyday features you actually use."
2423,quarrow-flight-stick-flex,Quarrow Flight Stick Flex,Quarrow,Gaming,SK-2423-QU,"The Quarrow Flight Stick Flex. A dependable gaming pick with a clean, no-nonsense design and the everyday features you actually use."
2243,tamarack-instant-camera-core,Tamarack Instant Camera Core,Tamarack,Cameras,SK-2243-TA,"The Tamarack Instant Camera Core. A dependable cameras pick with a clean, no-nonsense design and the everyday features you actually use."
2815,quarrow-foldable-tablet-zen,Quarrow Foldable Tablet Zen,Quarrow,Tablets,SK-2815-QU,"The Quarrow Foldable Tablet Zen. A dependable tablets pick with a clean, no-nonsense design and the everyday features you actually use."
2407,pinecrest-trail-camera-flex,Pinecrest Trail Camera Flex,Pinecrest,Cameras,SK-2407-PI,"The Pinecrest Trail Camera Flex. A dependable cameras pick with a clean, no-nonsense design and the everyday features you actually use."
2151,mosella-cajon-go,Mosella Cajon Go,Mosella,Instruments,SK-2151-MO,"The Mosella Cajon Go. A dependable instruments pick with a clean, no-nonsense design and the everyday features you actually use."
2189,orbisk-kettlebell-edge,Orbisk Kettlebell Edge,Orbisk,Fitness,SK-2189-OR,"The Orbisk Kettlebell Edge. A dependable fitness pick with a clean, no-nonsense design and the everyday features you actually use."
2632,solvane-synthesizer-nano,Solvane Synthesizer Nano,Solvane,Instruments,SK-2632-SO,"The Solvane Synthesizer Nano. A dependable instruments pick with a clean, no-nonsense design and the everyday features you actually use."
2212,solvane-smart-panel-edge,Solvane Smart Panel Edge,Solvane,Lighting,SK-2212-SO,"The Solvane Smart Panel Edge. A dependable lighting pick with a clean, no-nonsense design and the everyday features you actually use."
2171,quarrow-drawing-tablet-edge,Quarrow Drawing Tablet Edge,Quarrow,Tablets,SK-2171-QU,"The Quarrow Drawing Tablet Edge. A dependable tablets pick with a clean, no-nonsense design and the everyday features you actually use."
2045,quarrow-filing-cabinet-one,Quarrow Filing Cabinet One,Quarrow,Office,SK-2045-QU,"The Quarrow Filing Cabinet One. A dependable office pick with a clean, no-nonsense design and the everyday features you actually use."
2298,brightwell-beard-trimmer-core,Brightwell Beard Trimmer Core,Brightwell,Personal Care,SK-2298-BR,"The Brightwell Beard Trimmer Core. A dependable personal care pick with a clean, no-nonsense design and the everyday features you actually use."
2779,halvard-electric-toothbrush-aero,Halvard Electric Toothbrush Aero,Halvard,Personal Care,SK-2779-HA,"The Halvard Electric Toothbrush Aero. A dependable personal care pick with a clean, no-nonsense design and the everyday features you actually use."
2623,orbisk-grooming-kit-nano,Orbisk Grooming Kit Nano,Orbisk,Personal Care,SK-2623-OR,"The Orbisk Grooming Kit Nano. A dependable personal care pick with a clean, no-nonsense design and the everyday features you actually use."
2461,lumeno-massager-flex,Lumeno Massager Flex,Lumeno,Personal Care,SK-2461-LU,"The Lumeno Massager Flex. A dependable personal care pick with a clean, no-nonsense design and the everyday features you actually use."
2096,tundrel-rugged-tablet-go,Tundrel Rugged Tablet Go,Tundrel,Tablets,SK-2096-TU,"The Tundrel Rugged Tablet Go. A dependable tablets pick with a clean, no-nonsense design and the everyday features you actually use."
2576,solvane-rugged-tablet-nano,Solvane Rugged Tablet Nano,Solvane,Tablets,SK-2576-SO,"The Solvane Rugged Tablet Nano. A dependable tablets pick with a clean, no-nonsense design and the everyday features you actually use."
2145,tamarack-digital-piano-go,Tamarack Digital Piano Go,Tamarack,Instruments,SK-2145-TA,"The Tamarack Digital Piano Go. A dependable instruments pick with a clean, no-nonsense design and the everyday features you actually use."
2916,veloria-trekking-poles-arc,Veloria Trekking Poles Arc,Veloria,Outdoor,SK-2916-VE,"The Veloria Trekking Poles Arc. A dependable outdoor pick with a clean, no-nonsense design and the everyday features you actually use."
2405,lumeno-film-scanner-flex,Lumeno Film Scanner Flex,Lumeno,Cameras,SK-2405-LU,"The Lumeno Film Scanner Flex. A dependable cameras pick with a clean, no-nonsense design and the everyday features you actually use."
2451,quarrow-pendant-light-flex,Quarrow Pendant Light Flex,Quarrow,Lighting,SK-2451-QU,"The Quarrow Pendant Light Flex. A dependable lighting pick with a clean, no-nonsense design and the everyday features you actually use."
2077,orbisk-powerline-adapter-one,Orbisk Powerline Adapter One,Orbisk,Networking,SK-2077-OR,"The Orbisk Powerline Adapter One. A dependable networking pick with a clean, no-nonsense design and the everyday features you actually use."
2395,quarrow-network-switch-prime,Quarrow Network Switch Prime,Quarrow,Networking,SK-2395-QU,"The Quarrow Network Switch Prime. A dependable networking pick with a clean, no-nonsense design and the everyday features you actually use."
2888,veloria-gimbal-arc,Veloria Gimbal Arc,Veloria,Cameras,SK-2888-VE,"The Veloria Gimbal Arc. A dependable cameras pick with a clean, no-nonsense design and the everyday features you actually use."
2575,pinecrest-foldable-tablet-nano,Pinecrest Foldable Tablet Nano,Pinecrest,Tablets,SK-2575-PI,"The Pinecrest Foldable Tablet Nano. A dependable tablets pick with a clean, no-nonsense design and the everyday features you actually use."
2072,solvane-synthesizer-one,Solvane Synthesizer One,Solvane,Instruments,SK-2072-SO,"The Solvane Synthesizer One. A dependable instruments pick with a clean, no-nonsense design and the everyday features you actually use."
2421,pinecrest-gaming-headset-flex,Pinecrest Gaming Headset Flex,Pinecrest,Gaming,SK-2421-PI,"The Pinecrest Gaming Headset Flex. A dependable gaming pick with a clean, no-nonsense design and the everyday features you actually use."
2114,solvane-sleeping-bag-go,Solvane Sleeping Bag Go,Solvane,Outdoor,SK-2114-SO,"The Solvane Sleeping Bag Go. A dependable outdoor pick with a clean, no-nonsense design and the everyday features you actually use."
2701,pinecrest-massager-duo,Pinecrest Massager Duo,Pinecrest,Personal Care,SK-2701-PI,"The Pinecrest Massager Duo. A dependable personal care pick with a clean, no-nonsense design and the everyday features you actually use."
2339,quarrow-racing-wheel-prime,Quarrow Racing Wheel Prime,Quarrow,Gaming,SK-2339-QU,"The Quarrow Racing Wheel Prime. A dependable gaming pick with a clean, no-nonsense design and the everyday features you actually use."
2895,lumeno-foldable-tablet-arc,Lumeno Foldable Tablet Arc,Lumeno,Tablets,SK-2895-LU,"The Lumeno Foldable Tablet Arc. A dependable tablets pick with a clean, no-nonsense design and the everyday features you actually use."
2111,lumeno-foam-roller-go,Lumeno Foam Roller Go,Lumeno,Fitness,SK-2111-LU,"The Lumeno Foam Roller Go. A dependable fitness pick with a clean, no-nonsense design and the everyday features you actually use."
2890,junova-e-reader-arc,Junova E-Reader Arc,Junova,Tablets,SK-2890-JU,"The Junova E-Reader Arc. A dependable tablets pick with a clean, no-nonsense design and the everyday features you actually use."
2271,tamarack-foam-roller-core,Tamarack Foam Roller Core,Tamarack,Fitness,SK-2271-TA,"The Tamarack Foam Roller Core. A dependable fitness pick with a clean, no-nonsense design and the everyday features you actually use."
2076,veloria-range-extender-one,Veloria Range Extender One,Veloria,Networking,SK-2076-VE,"The Veloria Range Extender One. A dependable networking pick with a clean, no-nonsense design and the everyday features you actually use."
2336,saffrix-rugged-tablet-prime,Saffrix Rugged Tablet Prime,Saffrix,Tablets,SK-2336-SA,"The Saffrix Rugged Tablet Prime. A dependable tablets pick with a clean, no-nonsense design and the everyday features you actually use."
2633,quarrow-wi-fi-router-nano,Quarrow Wi-Fi Router Nano,Quarrow,Networking,SK-2633-QU,"The Quarrow Wi-Fi Router Nano. A dependable networking pick with a clean, no-nonsense design and the everyday features you actually use."
2092,junova-kids-tablet-go,Junova Kids Tablet Go,Junova,Tablets,SK-2092-JU,"The Junova Kids Tablet Go. A dependable tablets pick with a clean, no-nonsense design and the everyday features you actually use."
2080,redwick-5g-hotspot-one,Redwick 5G Hotspot One,Redwick,Networking,SK-2080-RE,"The Redwick 5G Hotspot One. A dependable networking pick with a clean, no-nonsense design and the everyday features you actually use."
2263,mosella-flight-stick-core,Mosella Flight Stick Core,Mosella,Gaming,SK-2263-MO,"The Mosella Flight Stick Core. A dependable gaming pick with a clean, no-nonsense design and the everyday features you actually use."
2636,veloria-range-extender-nano,Veloria Range Extender Nano,Veloria,Networking,SK-2636-VE,"The Veloria Range Extender Nano. A dependable networking pick with a clean, no-nonsense design and the everyday features you actually use."
2585,mosella-dumbbell-set-nano,Mosella Dumbbell Set Nano,Mosella,Fitness,SK-2585-MO,"The Mosella Dumbbell Set Nano. A dependable fitness pick with a clean, no-nonsense design and the everyday features you actually use."
2638,junova-travel-router-nano,Junova Travel Router Nano,Junova,Networking,SK-2638-JU,"The Junova Travel Router Nano. A dependable networking pick with a clean, no-nonsense design and the everyday features you actually use."
2449,pinecrest-floor-lamp-flex,Pinecrest Floor Lamp Flex,Pinecrest,Lighting,SK-2449-PI,"The Pinecrest Floor Lamp Flex. A dependable lighting pick with a clean, no-nonsense design and the everyday features you actually use."
2362,tundrel-standing-desk-prime,Tundrel Standing Desk Prime,Tundrel,Office,SK-2362-TU,"The Tundrel Standing Desk Prime. A dependable office pick with a clean, no-nonsense design and the everyday features you actually use."
2655,mosella-foldable-tablet-duo,Mosella Foldable Tablet Duo,Mosella,Tablets,SK-2655-MO,"The Mosella Foldable Tablet Duo. A dependable tablets pick with a clean, no-nonsense design and the everyday features you actually use."
2682,redwick-standing-desk-duo,Redwick Standing Desk Duo,Redwick,Office,SK-2682-RE,"The Redwick Standing Desk Duo. A dependable office pick with a clean, no-nonsense design and the everyday features you actually use."
2641,mosella-mirrorless-camera-duo,Mosella Mirrorless Camera Duo,Mosella,Cameras,SK-2641-MO,"The Mosella Mirrorless Camera Duo. A dependable cameras pick with a clean, no-nonsense design and the everyday features you actually use."
2603,pinecrest-monitor-arm-nano,Pinecrest Monitor Arm Nano,Pinecrest,Office,SK-2603-PI,"The Pinecrest Monitor Arm Nano. A dependable office pick with a clean, no-nonsense design and the everyday features you actually use."
2821,halvard-gaming-headset-zen,Halvard Gaming Headset Zen,Halvard,Gaming,SK-2821-HA,"The Halvard Gaming Headset Zen. A dependable gaming pick with a clean, no-nonsense design and the everyday features you actually use."
2930,veloria-led-strip-arc,Veloria LED Strip Arc,Veloria,Lighting,SK-2930-VE,"The Veloria LED Strip Arc. A dependable lighting pick with a clean, no-nonsense design and the everyday features you actually use."
2804,veloria-vlog-camera-zen,Veloria Vlog Camera Zen,Veloria,Cameras,SK-2804-VE,"The Veloria Vlog Camera Zen. A dependable cameras pick with a clean, no-nonsense design and the everyday features you actually use."
2196,saffrix-trekking-poles-edge,Saffrix Trekking Poles Edge,Saffrix,Outdoor,SK-2196-SA,"The Saffrix Trekking Poles Edge. A dependable outdoor pick with a clean, no-nonsense design and the everyday features you actually use."
2634,brightwell-mesh-system-nano,Brightwell Mesh System Nano,Brightwell,Networking,SK-2634-BR,"The Brightwell Mesh System Nano. A dependable networking pick with a clean, no-nonsense design and the everyday features you actually use."
2472,redwick-synthesizer-flex,Redwick Synthesizer Flex,Redwick,Instruments,SK-2472-RE,"The Redwick Synthesizer Flex. A dependable instruments pick with a clean, no-nonsense design and the everyday features you actually use."
2872,brightwell-synthesizer-zen,Brightwell Synthesizer Zen,Brightwell,Instruments,SK-2872-BR,"The Brightwell Synthesizer Zen. A dependable instruments pick with a clean, no-nonsense design and the everyday features you actually use."
2743,pinecrest-flight-stick-aero,Pinecrest Flight Stick Aero,Pinecrest,Gaming,SK-2743-PI,"The Pinecrest Flight Stick Aero. A dependable gaming pick with a clean, no-nonsense design and the everyday features you actually use."
2267,pinecrest-rowing-machine-core,Pinecrest Rowing Machine Core,Pinecrest,Fitness,SK-2267-PI,"The Pinecrest Rowing Machine Core. A dependable fitness pick with a clean, no-nonsense design and the everyday features you actually use."
2428,junova-resistance-bands-flex,Junova Resistance Bands Flex,Junova,Fitness,SK-2428-JU,"The Junova Resistance Bands Flex. A dependable fitness pick with a clean, no-nonsense design and the everyday features you actually use."
2869,pinecrest-midi-keyboard-zen,Pinecrest MIDI Keyboard Zen,Pinecrest,Instruments,SK-2869-PI,"The Pinecrest MIDI Keyboard Zen. A dependable instruments pick with a clean, no-nonsense design and the everyday features you actually use."
2471,halvard-cajon-flex,Halvard Cajon Flex,Halvard,Instruments,SK-2471-HA,"The Halvard Cajon Flex. A dependable instruments pick with a clean, no-nonsense design and the everyday features you actually use."
2182,saffrix-capture-card-edge,Saffrix Capture Card Edge,Saffrix,Gaming,SK-2182-SA,"The Saffrix Capture Card Edge. A dependable gaming pick with a clean, no-nonsense design and the everyday features you actually use."
2073,quarrow-wi-fi-router-one,Quarrow Wi-Fi Router One,Quarrow,Networking,SK-2073-QU,"The Quarrow Wi-Fi Router One. A dependable networking pick with a clean, no-nonsense design and the everyday features you actually use."
2013,lumeno-note-pad-one,Lumeno Note Pad One,Lumeno,Tablets,SK-2013-LU,"The Lumeno Note Pad One. A dependable tablets pick with a clean, no-nonsense design and the everyday features you actually use."
2798,saffrix-travel-router-aero,Saffrix Travel Router Aero,Saffrix,Networking,SK-2798-SA,"The Saffrix Travel Router Aero. A dependable networking pick with a clean, no-nonsense design and the everyday features you actually use."
2068,tundrel-electronic-drum-kit-one,Tundrel Electronic Drum Kit One,Tundrel,Instruments,SK-2068-TU,"The Tundrel Electronic Drum Kit One. A dependable instruments pick with a clean, no-nonsense design and the everyday features you actually use."
2244,veloria-vlog-camera-core,Veloria Vlog Camera Core,Veloria,Cameras,SK-2244-VE,"The Veloria Vlog Camera Core. A dependable cameras pick with a clean, no-nonsense design and the everyday features you actually use."
2549,quarrow-midi-keyboard-ultra,Quarrow MIDI Keyboard Ultra,Quarrow,Instruments,SK-2549-QU,"The Quarrow MIDI Keyboard Ultra. A dependable instruments pick with a clean, no-nonsense design and the everyday features you actually use."
2334,tundrel-slate-prime,Tundrel Slate Prime,Tundrel,Tablets,SK-2334-TU,"The Tundrel Slate Prime. A dependable tablets pick with a clean, no-nonsense design and the everyday features you actually use."
2820,junova-arcade-stick-zen,Junova Arcade Stick Zen,Junova,Gaming,SK-2820-JU,"The Junova Arcade Stick Zen. A dependable gaming pick with a clean, no-nonsense design and the everyday features you actually use."
2493,quarrow-note-pad-ultra,Quarrow Note Pad Ultra,Quarrow,Tablets,SK-2493-QU,"The Quarrow Note Pad Ultra. A dependable tablets pick with a clean, no-nonsense design and the everyday features you actually use."
2661,quarrow-gaming-headset-duo,Quarrow Gaming Headset Duo,Quarrow,Gaming,SK-2661-QU,"The Quarrow Gaming Headset Duo. A dependable gaming pick with a clean, no-nonsense design and the everyday features you actually use."
2463,pinecrest-grooming-kit-flex,Pinecrest Grooming Kit Flex,Pinecrest,Personal Care,SK-2463-PI,"The Pinecrest Grooming Kit Flex. A dependable personal care pick with a clean, no-nonsense design and the everyday features you actually use."
2229,tamarack-midi-keyboard-edge,Tamarack MIDI Keyboard Edge,Tamarack,Instruments,SK-2229-TA,"The Tamarack MIDI Keyboard Edge. A dependable instruments pick with a clean, no-nonsense design and the everyday features you actually use."
2737,halvard-controller-aero,Halvard Controller Aero,Halvard,Gaming,SK-2737-HA,"The Halvard Controller Aero. A dependable gaming pick with a clean, no-nonsense design and the everyday features you actually use."
2679,orbisk-hammock-duo,Orbisk Hammock Duo,Orbisk,Outdoor,SK-2679-OR,"The Orbisk Hammock Duo. A dependable outdoor pick with a clean, no-nonsense design and the everyday features you actually use."
2485,halvard-film-scanner-ultra,Halvard Film Scanner Ultra,Halvard,Cameras,SK-2485-HA,"The Halvard Film Scanner Ultra. A dependable cameras pick with a clean, no-nonsense design and the everyday features you actually use."
2598,redwick-cooler-box-nano,Redwick Cooler Box Nano,Redwick,Outdoor,SK-2598-RE,"The Redwick Cooler Box Nano. A dependable outdoor pick with a clean, no-nonsense design and the everyday features you actually use."
2718,brightwell-travel-router-duo,Brightwell Travel Router Duo,Brightwell,Networking,SK-2718-BR,"The Brightwell Travel Router Duo. A dependable networking pick with a clean, no-nonsense design and the everyday features you actually use."
2854,saffrix-lantern-zen,Saffrix Lantern Zen,Saffrix,Lighting,SK-2854-SA,"The Saffrix Lantern Zen. A dependable lighting pick with a clean, no-nonsense design and the everyday features you actually use."
2291,mosella-pendant-light-core,Mosella Pendant Light Core,Mosella,Lighting,SK-2291-MO,"The Mosella Pendant Light Core. A dependable lighting pick with a clean, no-nonsense design and the everyday features you actually use."
2829,quarrow-kettlebell-zen,Quarrow Kettlebell Zen,Quarrow,Fitness,SK-2829-QU,"The Quarrow Kettlebell Zen. A dependable fitness pick with a clean, no-nonsense design and the everyday features you actually use."
2543,mosella-grooming-kit-ultra,Mosella Grooming Kit Ultra,Mosella,Personal Care,SK-2543-MO,"The Mosella Grooming Kit Ultra. A dependable personal care pick with a clean, no-nonsense design and the everyday features you actually use."
2531,lumeno-pendant-light-ultra,Lumeno Pendant Light Ultra,Lumeno,Lighting,SK-2531-LU,"The Lumeno Pendant Light Ultra. A dependable lighting pick with a clean, no-nonsense design and the everyday features you actually use."
2740,tundrel-arcade-stick-aero,Tundrel Arcade Stick Aero,Tundrel,Gaming,SK-2740-TU,"The Tundrel Arcade Stick Aero. A dependable gaming pick with a clean, no-nonsense design and the everyday features you actually use."
2191,halvard-foam-roller-edge,Halvard Foam Roller Edge,Halvard,Fitness,SK-2191-HA,"The Halvard Foam Roller Edge. A dependable fitness pick with a clean, no-nonsense design and the everyday features you actually use."
2106,junova-yoga-mat-go,Junova Yoga Mat Go,Junova,Fitness,SK-2106-JU,"The Junova Yoga Mat Go. A dependable fitness pick with a clean, no-nonsense design and the everyday features you actually use."
2723,halvard-instant-camera-aero,Halvard Instant Camera Aero,Halvard,Cameras,SK-2723-HA,"The Halvard Instant Camera Aero. A dependable cameras pick with a clean, no-nonsense design and the everyday features you actually use."
2720,veloria-5g-hotspot-duo,Veloria 5G Hotspot Duo,Veloria,Networking,SK-2720-VE,"The Veloria 5G Hotspot Duo. A dependable networking pick with a clean, no-nonsense design and the everyday features you actually use."
2816,brightwell-rugged-tablet-zen,Brightwell Rugged Tablet Zen,Brightwell,Tablets,SK-2816-BR,"The Brightwell Rugged Tablet Zen. A dependable tablets pick with a clean, no-nonsense design and the everyday features you actually use."
2873,tamarack-wi-fi-router-zen,Tamarack Wi-Fi Router Zen,Tamarack,Networking,SK-2873-TA,"The Tamarack Wi-Fi Router Zen. A dependable networking pick with a clean, no-nonsense design and the everyday features you actually use."
2294,saffrix-lantern-core,Saffrix Lantern Core,Saffrix,Lighting,SK-2294-SA,"The Saffrix Lantern Core. A dependable lighting pick with a clean, no-nonsense design and the everyday features you actually use."
2589,pinecrest-kettlebell-nano,Pinecrest Kettlebell Nano,Pinecrest,Fitness,SK-2589-PI,"The Pinecrest Kettlebell Nano. A dependable fitness pick with a clean, no-nonsense design and the everyday features you actually use."
2558,tundrel-travel-router-ultra,Tundrel Travel Router Ultra,Tundrel,Networking,SK-2558-TU,"The Tundrel Travel Router Ultra. A dependable networking pick with a clean, no-nonsense design and the everyday features you actually use."
2337,pinecrest-controller-prime,Pinecrest Controller Prime,Pinecrest,Gaming,SK-2337-PI,"The Pinecrest Controller Prime. A dependable gaming pick with a clean, no-nonsense design and the everyday features you actually use."
2753,mosella-tent-aero,Mosella Tent Aero,Mosella,Outdoor,SK-2753-MO,"The Mosella Tent Aero. A dependable outdoor pick with a clean, no-nonsense design and the everyday features you actually use."
2416,redwick-rugged-tablet-flex,Redwick Rugged Tablet Flex,Redwick,Tablets,SK-2416-RE,"The Redwick Rugged Tablet Flex. A dependable tablets pick with a clean, no-nonsense design and the everyday features you actually use."
2135,halvard-wall-sconce-go,Halvard Wall Sconce Go,Halvard,Lighting,SK-2135-HA,"The Halvard Wall Sconce Go. A dependable lighting pick with a clean, no-nonsense design and the everyday features you actually use."
2729,pinecrest-tablet-aero,Pinecrest Tablet Aero,Pinecrest,Tablets,SK-2729-PI,"The Pinecrest Tablet Aero. A dependable tablets pick with a clean, no-nonsense design and the everyday features you actually use."
2534,solvane-lantern-ultra,Solvane Lantern Ultra,Solvane,Lighting,SK-2534-SO,"The Solvane Lantern Ultra. A dependable lighting pick with a clean, no-nonsense design and the everyday features you actually use."
2406,saffrix-dash-cam-flex,Saffrix Dash Cam Flex,Saffrix,Cameras,SK-2406-SA,"The Saffrix Dash Cam Flex. A dependable cameras pick with a clean, no-nonsense design and the everyday features you actually use."
2132,veloria-smart-panel-go,Veloria Smart Panel Go,Veloria,Lighting,SK-2132-VE,"The Veloria Smart Panel Go. A dependable lighting pick with a clean, no-nonsense design and the everyday features you actually use."
2530,tundrel-led-strip-ultra,Tundrel LED Strip Ultra,Tundrel,Lighting,SK-2530-TU,"The Tundrel LED Strip Ultra. A dependable lighting pick with a clean, no-nonsense design and the everyday features you actually use."
2581,orbisk-gaming-headset-nano,Orbisk Gaming Headset Nano,Orbisk,Gaming,SK-2581-OR,"The Orbisk Gaming Headset Nano. A dependable gaming pick with a clean, no-nonsense design and the everyday features you actually use."
2921,mosella-desk-chair-arc,Mosella Desk Chair Arc,Mosella,Office,SK-2921-MO,"The Mosella Desk Chair Arc. A dependable office pick with a clean, no-nonsense design and the everyday features you actually use."
2593,tamarack-tent-nano,Tamarack Tent Nano,Tamarack,Outdoor,SK-2593-TA,"The Tamarack Tent Nano. A dependable outdoor pick with a clean, no-nonsense design and the everyday features you actually use."
2707,orbisk-acoustic-guitar-duo,Orbisk Acoustic Guitar Duo,Orbisk,Instruments,SK-2707-OR,"The Orbisk Acoustic Guitar Duo. A dependable instruments pick with a clean, no-nonsense design and the everyday features you actually use."
2005,tamarack-film-scanner-one,Tamarack Film Scanner One,Tamarack,Cameras,SK-2005-TA,"The Tamarack Film Scanner One. A dependable cameras pick with a clean, no-nonsense design and the everyday features you actually use."
2659,pinecrest-racing-wheel-duo,Pinecrest Racing Wheel Duo,Pinecrest,Gaming,SK-2659-PI,"The Pinecrest Racing Wheel Duo. A dependable gaming pick with a clean, no-nonsense design and the everyday features you actually use."
2075,tamarack-network-switch-one,Tamarack Network Switch One,Tamarack,Networking,SK-2075-TA,"The Tamarack Network Switch One. A dependable networking pick with a clean, no-nonsense design and the everyday features you actually use."
2875,orbisk-network-switch-zen,Orbisk Network Switch Zen,Orbisk,Networking,SK-2875-OR,"The Orbisk Network Switch Zen. A dependable networking pick with a clean, no-nonsense design and the everyday features you actually use."
2697,mosella-hair-dryer-duo,Mosella Hair Dryer Duo,Mosella,Personal Care,SK-2697-MO,"The Mosella Hair Dryer Duo. A dependable personal care pick with a clean, no-nonsense design and the everyday features you actually use."
2293,lumeno-reading-light-core,Lumeno Reading Light Core,Lumeno,Lighting,SK-2293-LU,"The Lumeno Reading Light Core. A dependable lighting pick with a clean, no-nonsense design and the everyday features you actually use."
2745,quarrow-dumbbell-set-aero,Quarrow Dumbbell Set Aero,Quarrow,Fitness,SK-2745-QU,"The Quarrow Dumbbell Set Aero. A dependable fitness pick with a clean, no-nonsense design and the everyday features you actually use."
2346,redwick-yoga-mat-prime,Redwick Yoga Mat Prime,Redwick,Fitness,SK-2346-RE,"The Redwick Yoga Mat Prime. A dependable fitness pick with a clean, no-nonsense design and the everyday features you actually use."
2563,quarrow-instant-camera-nano,Quarrow Instant Camera Nano,Quarrow,Cameras,SK-2563-QU,"The Quarrow Instant Camera Nano. A dependable cameras pick with a clean, no-nonsense design and the everyday features you actually use."
2206,redwick-footrest-edge,Redwick Footrest Edge,Redwick,Office,SK-2206-RE,"The Redwick Footrest Edge. A dependable office pick with a clean, no-nonsense design and the everyday features you actually use."
2755,lumeno-camp-stove-aero,Lumeno Camp Stove Aero,Lumeno,Outdoor,SK-2755-LU,"The Lumeno Camp Stove Aero. A dependable outdoor pick with a clean, no-nonsense design and the everyday features you actually use."
2200,brightwell-camp-chair-edge,Brightwell Camp Chair Edge,Brightwell,Outdoor,SK-2200-BR,"The Brightwell Camp Chair Edge. A dependable outdoor pick with a clean, no-nonsense design and the everyday features you actually use."
2274,junova-sleeping-bag-core,Junova Sleeping Bag Core,Junova,Outdoor,SK-2274-JU,"The Junova Sleeping Bag Core. A dependable outdoor pick with a clean, no-nonsense design and the everyday features you actually use."
2507,quarrow-rowing-machine-ultra,Quarrow Rowing Machine Ultra,Quarrow,Fitness,SK-2507-QU,"The Quarrow Rowing Machine Ultra. A dependable fitness pick with a clean, no-nonsense design and the everyday features you actually use."
2041,lumeno-desk-chair-one,Lumeno Desk Chair One,Lumeno,Office,SK-2041-LU,"The Lumeno Desk Chair One. A dependable office pick with a clean, no-nonsense design and the everyday features you actually use."
2340,brightwell-arcade-stick-prime,Brightwell Arcade Stick Prime,Brightwell,Gaming,SK-2340-BR,"The Brightwell Arcade Stick Prime. A dependable gaming pick with a clean, no-nonsense design and the everyday features you actually use."
2473,mosella-wi-fi-router-flex,Mosella Wi-Fi Router Flex,Mosella,Networking,SK-2473-MO,"The Mosella Wi-Fi Router Flex. A dependable networking pick with a clean, no-nonsense design and the everyday features you actually use."
2878,redwick-travel-router-zen,Redwick Travel Router Zen,Redwick,Networking,SK-2878-RE,"The Redwick Travel Router Zen. A dependable networking pick with a clean, no-nonsense design and the everyday features you actually use."
2515,mosella-camp-stove-ultra,Mosella Camp Stove Ultra,Mosella,Outdoor,SK-2515-MO,"The Mosella Camp Stove Ultra. A dependable outdoor pick with a clean, no-nonsense design and the everyday features you actually use."
2454,veloria-lantern-flex,Veloria Lantern Flex,Veloria,Lighting,SK-2454-VE,"The Veloria Lantern Flex. A dependable lighting pick with a clean, no-nonsense design and the everyday features you actually use."
2741,lumeno-gaming-headset-aero,Lumeno Gaming Headset Aero,Lumeno,Gaming,SK-2741-LU,"The Lumeno Gaming Headset Aero. A dependable gaming pick with a clean, no-nonsense design and the everyday features you actually use."
2202,veloria-standing-desk-edge,Veloria Standing Desk Edge,Veloria,Office,SK-2202-VE,"The Veloria Standing Desk Edge. A dependable office pick with a clean, no-nonsense design and the everyday features you actually use."
2095,mosella-foldable-tablet-go,Mosella Foldable Tablet Go,Mosella,Tablets,SK-2095-MO,"The Mosella Foldable Tablet Go. A dependable tablets pick with a clean, no-nonsense design and the everyday features you actually use."
2539,orbisk-electric-toothbrush-ultra,Orbisk Electric Toothbrush Ultra,Orbisk,Personal Care,SK-2539-OR,"The Orbisk Electric Toothbrush Ultra. A dependable personal care pick with a clean, no-nonsense design and the everyday features you actually use."
2010,redwick-e-reader-one,Redwick E-Reader One,Redwick,Tablets,SK-2010-RE,"The Redwick E-Reader One. A dependable tablets pick with a clean, no-nonsense design and the everyday features you actually use."
2276,redwick-trekking-poles-core,Redwick Trekking Poles Core,Redwick,Outdoor,SK-2276-RE,"The Redwick Trekking Poles Core. A dependable outdoor pick with a clean, no-nonsense design and the everyday features you actually use."
2060,brightwell-hair-straightener-one,Brightwell Hair Straightener One,Brightwell,Personal Care,SK-2060-BR,"The Brightwell Hair Straightener One. A dependable personal care pick with a clean, no-nonsense design and the everyday features you actually use."
2213,quarrow-reading-light-edge,Quarrow Reading Light Edge,Quarrow,Lighting,SK-2213-QU,"The Quarrow Reading Light Edge. A dependable lighting pick with a clean, no-nonsense design and the everyday features you actually use."
2343,orbisk-flight-stick-prime,Orbisk Flight Stick Prime,Orbisk,Gaming,SK-2343-OR,"The Orbisk Flight Stick Prime. A dependable gaming pick with a clean, no-nonsense design and the everyday features you actually use."
2793,halvard-wi-fi-router-aero,Halvard Wi-Fi Router Aero,Halvard,Networking,SK-2793-HA,"The Halvard Wi-Fi Router Aero. A dependable networking pick with a clean, no-nonsense design and the everyday features you actually use."
2663,tamarack-flight-stick-duo,Tamarack Flight Stick Duo,Tamarack,Gaming,SK-2663-TA,"The Tamarack Flight Stick Duo. A dependable gaming pick with a clean, no-nonsense design and the everyday features you actually use."
2954,solvane-mesh-system-arc,Solvane Mesh System Arc,Solvane,Networking,SK-2954-SO,"The Solvane Mesh System Arc. A dependable networking pick with a clean, no-nonsense design and the everyday features you actually use."
2668,redwick-resistance-bands-duo,Redwick Resistance Bands Duo,Redwick,Fitness,SK-2668-RE,"The Redwick Resistance Bands Duo. A dependable fitness pick with a clean, no-nonsense design and the everyday features you actually use."
2932,junova-smart-panel-arc,Junova Smart Panel Arc,Junova,Lighting,SK-2932-JU,"The Junova Smart Panel Arc. A dependable lighting pick with a clean, no-nonsense design and the everyday features you actually use."
2133,orbisk-reading-light-go,Orbisk Reading Light Go,Orbisk,Lighting,SK-2133-OR,"The Orbisk Reading Light Go. A dependable lighting pick with a clean, no-nonsense design and the everyday features you actually use."
2310,solvane-violin-core,Solvane Violin Core,Solvane,Instruments,SK-2310-SO,"The Solvane Violin Core. A dependable instruments pick with a clean, no-nonsense design and the everyday features you actually use."
2528,redwick-desk-organiser-ultra,Redwick Desk Organiser Ultra,Redwick,Office,SK-2528-RE,"The Redwick Desk Organiser Ultra. A dependable office pick with a clean, no-nonsense design and the everyday features you actually use."
2943,tamarack-grooming-kit-arc,Tamarack Grooming Kit Arc,Tamarack,Personal Care,SK-2943-TA,"The Tamarack Grooming Kit Arc. A dependable personal care pick with a clean, no-nonsense design and the everyday features you actually use."
2356,veloria-trekking-poles-prime,Veloria Trekking Poles Prime,Veloria,Outdoor,SK-2356-VE,"The Veloria Trekking Poles Prime. A dependable outdoor pick with a clean, no-nonsense design and the everyday features you actually use."
2317,halvard-powerline-adapter-core,Halvard Powerline Adapter Core,Halvard,Networking,SK-2317-HA,"The Halvard Powerline Adapter Core. A dependable networking pick with a clean, no-nonsense design and the everyday features you actually use."
2199,quarrow-hammock-edge,Quarrow Hammock Edge,Quarrow,Outdoor,SK-2199-QU,"The Quarrow Hammock Edge. A dependable outdoor pick with a clean, no-nonsense design and the everyday features you actually use."
2856,solvane-light-bar-zen,Solvane Light Bar Zen,Solvane,Lighting,SK-2856-SO,"The Solvane Light Bar Zen. A dependable lighting pick with a clean, no-nonsense design and the everyday features you actually use."
2105,orbisk-dumbbell-set-go,Orbisk Dumbbell Set Go,Orbisk,Fitness,SK-2105-OR,"The Orbisk Dumbbell Set Go. A dependable fitness pick with a clean, no-nonsense design and the everyday features you actually use."
2117,tamarack-headlamp-go,Tamarack Headlamp Go,Tamarack,Outdoor,SK-2117-TA,"The Tamarack Headlamp Go. A dependable outdoor pick with a clean, no-nonsense design and the everyday features you actually use."
2469,orbisk-midi-keyboard-flex,Orbisk MIDI Keyboard Flex,Orbisk,Instruments,SK-2469-OR,"The Orbisk MIDI Keyboard Flex. A dependable instruments pick with a clean, no-nonsense design and the everyday features you actually use."
2630,saffrix-violin-nano,Saffrix Violin Nano,Saffrix,Instruments,SK-2630-SA,"The Saffrix Violin Nano. A dependable instruments pick with a clean, no-nonsense design and the everyday features you actually use."
2186,brightwell-yoga-mat-edge,Brightwell Yoga Mat Edge,Brightwell,Fitness,SK-2186-BR,"The Brightwell Yoga Mat Edge. A dependable fitness pick with a clean, no-nonsense design and the everyday features you actually use."
2411,tamarack-drawing-tablet-flex,Tamarack Drawing Tablet Flex,Tamarack,Tablets,SK-2411-TA,"The Tamarack Drawing Tablet Flex. A dependable tablets pick with a clean, no-nonsense design and the everyday features you actually use."
2759,quarrow-hammock-aero,Quarrow Hammock Aero,Quarrow,Outdoor,SK-2759-QU,"The Quarrow Hammock Aero. A dependable outdoor pick with a clean, no-nonsense design and the everyday features you actually use."
2252,saffrix-kids-tablet-core,Saffrix Kids Tablet Core,Saffrix,Tablets,SK-2252-SA,"The Saffrix Kids Tablet Core. A dependable tablets pick with a clean, no-nonsense design and the everyday features you actually use."
2326,brightwell-dash-cam-prime,Brightwell Dash Cam Prime,Brightwell,Cameras,SK-2326-BR,"The Brightwell Dash Cam Prime. A dependable cameras pick with a clean, no-nonsense design and the everyday features you actually use."
2085,pinecrest-film-scanner-go,Pinecrest Film Scanner Go,Pinecrest,Cameras,SK-2085-PI,"The Pinecrest Film Scanner Go. A dependable cameras pick with a clean, no-nonsense design and the everyday features you actually use."
2953,pinecrest-wi-fi-router-arc,Pinecrest Wi-Fi Router Arc,Pinecrest,Networking,SK-2953-PI,"The Pinecrest Wi-Fi Router Arc. A dependable networking pick with a clean, no-nonsense design and the everyday features you actually use."
2925,pinecrest-filing-cabinet-arc,Pinecrest Filing Cabinet Arc,Pinecrest,Office,SK-2925-PI,"The Pinecrest Filing Cabinet Arc. A dependable office pick with a clean, no-nonsense design and the everyday features you actually use."
2559,lumeno-nas-enclosure-ultra,Lumeno NAS Enclosure Ultra,Lumeno,Networking,SK-2559-LU,"The Lumeno NAS Enclosure Ultra. A dependable networking pick with a clean, no-nonsense design and the everyday features you actually use."
2108,redwick-resistance-bands-go,Redwick Resistance Bands Go,Redwick,Fitness,SK-2108-RE,"The Redwick Resistance Bands Go. A dependable fitness pick with a clean, no-nonsense design and the everyday features you actually use."
2566,veloria-dash-cam-nano,Veloria Dash Cam Nano,Veloria,Cameras,SK-2566-VE,"The Veloria Dash Cam Nano. A dependable cameras pick with a clean, no-nonsense design and the everyday features you actually use."
2747,tamarack-rowing-machine-aero,Tamarack Rowing Machine Aero,Tamarack,Fitness,SK-2747-TA,"The Tamarack Rowing Machine Aero. A dependable fitness pick with a clean, no-nonsense design and the everyday features you actually use."
2043,pinecrest-monitor-arm-one,Pinecrest Monitor Arm One,Pinecrest,Office,SK-2043-PI,"The Pinecrest Monitor Arm One. A dependable office pick with a clean, no-nonsense design and the everyday features you actually use."
2322,saffrix-action-camera-prime,Saffrix Action Camera Prime,Saffrix,Cameras,SK-2322-SA,"The Saffrix Action Camera Prime. A dependable cameras pick with a clean, no-nonsense design and the everyday features you actually use."
2525,orbisk-filing-cabinet-ultra,Orbisk Filing Cabinet Ultra,Orbisk,Office,SK-2525-OR,"The Orbisk Filing Cabinet Ultra. A dependable office pick with a clean, no-nonsense design and the everyday features you actually use."
2424,brightwell-vr-headset-flex,Brightwell VR Headset Flex,Brightwell,Gaming,SK-2424-BR,"The Brightwell VR Headset Flex. A dependable gaming pick with a clean, no-nonsense design and the everyday features you actually use."
2571,mosella-drawing-tablet-nano,Mosella Drawing Tablet Nano,Mosella,Tablets,SK-2571-MO,"The Mosella Drawing Tablet Nano. A dependable tablets pick with a clean, no-nonsense design and the everyday features you actually use."
2222,tundrel-shaver-edge,Tundrel Shaver Edge,Tundrel,Personal Care,SK-2222-TU,"The Tundrel Shaver Edge. A dependable personal care pick with a clean, no-nonsense design and the everyday features you actually use."
2455,orbisk-wall-sconce-flex,Orbisk Wall Sconce Flex,Orbisk,Lighting,SK-2455-OR,"The Orbisk Wall Sconce Flex. A dependable lighting pick with a clean, no-nonsense design and the everyday features you actually use."
2749,orbisk-kettlebell-aero,Orbisk Kettlebell Aero,Orbisk,Fitness,SK-2749-OR,"The Orbisk Kettlebell Aero. A dependable fitness pick with a clean, no-nonsense design and the everyday features you actually use."
2458,redwick-beard-trimmer-flex,Redwick Beard Trimmer Flex,Redwick,Personal Care,SK-2458-RE,"The Redwick Beard Trimmer Flex. A dependable personal care pick with a clean, no-nonsense design and the everyday features you actually use."
2365,pinecrest-filing-cabinet-prime,Pinecrest Filing Cabinet Prime,Pinecrest,Office,SK-2365-PI,"The Pinecrest Filing Cabinet Prime. A dependable office pick with a clean, no-nonsense design and the everyday features you actually use."
2318,redwick-travel-router-core,Redwick Travel Router Core,Redwick,Networking,SK-2318-RE,"The Redwick Travel Router Core. A dependable networking pick with a clean, no-nonsense design and the everyday features you actually use."
2312,brightwell-synthesizer-core,Brightwell Synthesizer Core,Brightwell,Instruments,SK-2312-BR,"The Brightwell Synthesizer Core. A dependable instruments pick with a clean, no-nonsense design and the everyday features you actually use."
2462,saffrix-shaver-flex,Saffrix Shaver Flex,Saffrix,Personal Care,SK-2462-SA,"The Saffrix Shaver Flex. A dependable personal care pick with a clean, no-nonsense design and the everyday features you actually use."
2541,halvard-massager-ultra,Halvard Massager Ultra,Halvard,Personal Care,SK-2541-HA,"The Halvard Massager Ultra. A dependable personal care pick with a clean, no-nonsense design and the everyday features you actually use."
2708,junova-electronic-drum-kit-duo,Junova Electronic Drum Kit Duo,Junova,Instruments,SK-2708-JU,"The Junova Electronic Drum Kit Duo. A dependable instruments pick with a clean, no-nonsense design and the everyday features you actually use."
2586,tundrel-yoga-mat-nano,Tundrel Yoga Mat Nano,Tundrel,Fitness,SK-2586-TU,"The Tundrel Yoga Mat Nano. A dependable fitness pick with a clean, no-nonsense design and the everyday features you actually use."
2550,brightwell-violin-ultra,Brightwell Violin Ultra,Brightwell,Instruments,SK-2550-BR,"The Brightwell Violin Ultra. A dependable instruments pick with a clean, no-nonsense design and the everyday features you actually use."
2378,saffrix-beard-trimmer-prime,Saffrix Beard Trimmer Prime,Saffrix,Personal Care,SK-2378-SA,"The Saffrix Beard Trimmer Prime. A dependable personal care pick with a clean, no-nonsense design and the everyday features you actually use."
2503,lumeno-flight-stick-ultra,Lumeno Flight Stick Ultra,Lumeno,Gaming,SK-2503-LU,"The Lumeno Flight Stick Ultra. A dependable gaming pick with a clean, no-nonsense design and the everyday features you actually use."
2115,quarrow-camp-stove-go,Quarrow Camp Stove Go,Quarrow,Outdoor,SK-2115-QU,"The Quarrow Camp Stove Go. A dependable outdoor pick with a clean, no-nonsense design and the everyday features you actually use."
2678,veloria-cooler-box-duo,Veloria Cooler Box Duo,Veloria,Outdoor,SK-2678-VE,"The Veloria Cooler Box Duo. A dependable outdoor pick with a clean, no-nonsense design and the everyday features you actually use."
2807,halvard-trail-camera-zen,Halvard Trail Camera Zen,Halvard,Cameras,SK-2807-HA,"The Halvard Trail Camera Zen. A dependable cameras pick with a clean, no-nonsense design and the everyday features you actually use."
2082,tundrel-action-camera-go,Tundrel Action Camera Go,Tundrel,Cameras,SK-2082-TU,"The Tundrel Action Camera Go. A dependable cameras pick with a clean, no-nonsense design and the everyday features you actually use."
2495,tamarack-foldable-tablet-ultra,Tamarack Foldable Tablet Ultra,Tamarack,Tablets,SK-2495-TA,"The Tamarack Foldable Tablet Ultra. A dependable tablets pick with a clean, no-nonsense design and the everyday features you actually use."
2400,junova-5g-hotspot-prime,Junova 5G Hotspot Prime,Junova,Networking,SK-2400-JU,"The Junova 5G Hotspot Prime. A dependable networking pick with a clean, no-nonsense design and the everyday features you actually use."
2130,brightwell-led-strip-go,Brightwell LED Strip Go,Brightwell,Lighting,SK-2130-BR,"The Brightwell LED Strip Go. A dependable lighting pick with a clean, no-nonsense design and the everyday features you actually use."
2951,lumeno-cajon-arc,Lumeno Cajon Arc,Lumeno,Instruments,SK-2951-LU,"The Lumeno Cajon Arc. A dependable instruments pick with a clean, no-nonsense design and the everyday features you actually use."
2716,solvane-range-extender-duo,Solvane Range Extender Duo,Solvane,Networking,SK-2716-SO,"The Solvane Range Extender Duo. A dependable networking pick with a clean, no-nonsense design and the everyday features you actually use."
2141,pinecrest-massager-go,Pinecrest Massager Go,Pinecrest,Personal Care,SK-2141-PI,"The Pinecrest Massager Go. A dependable personal care pick with a clean, no-nonsense design and the everyday features you actually use."
2126,saffrix-footrest-go,Saffrix Footrest Go,Saffrix,Office,SK-2126-SA,"The Saffrix Footrest Go. A dependable office pick with a clean, no-nonsense design and the everyday features you actually use."
2650,veloria-e-reader-duo,Veloria E-Reader Duo,Veloria,Tablets,SK-2650-VE,"The Veloria E-Reader Duo. A dependable tablets pick with a clean, no-nonsense design and the everyday features you actually use."
2401,halvard-mirrorless-camera-flex,Halvard Mirrorless Camera Flex,Halvard,Cameras,SK-2401-HA,"The Halvard Mirrorless Camera Flex. A dependable cameras pick with a clean, no-nonsense design and the everyday features you actually use."
2033,tamarack-tent-one,Tamarack Tent One,Tamarack,Outdoor,SK-2033-TA,"The Tamarack Tent One. A dependable outdoor pick with a clean, no-nonsense design and the everyday features you actually use."
2235,mosella-network-switch-edge,Mosella Network Switch Edge,Mosella,Networking,SK-2235-MO,"The Mosella Network Switch Edge. A dependable networking pick with a clean, no-nonsense design and the everyday features you actually use."
2369,tamarack-floor-lamp-prime,Tamarack Floor Lamp Prime,Tamarack,Lighting,SK-2369-TA,"The Tamarack Floor Lamp Prime. A dependable lighting pick with a clean, no-nonsense design and the everyday features you actually use."
2065,halvard-digital-piano-one,Halvard Digital Piano One,Halvard,Instruments,SK-2065-HA,"The Halvard Digital Piano One. A dependable instruments pick with a clean, no-nonsense design and the everyday features you actually use."
2299,tamarack-electric-toothbrush-core,Tamarack Electric Toothbrush Core,Tamarack,Personal Care,SK-2299-TA,"The Tamarack Electric Toothbrush Core. A dependable personal care pick with a clean, no-nonsense design and the everyday features you actually use."
2784,saffrix-epilator-aero,Saffrix Epilator Aero,Saffrix,Personal Care,SK-2784-SA,"The Saffrix Epilator Aero. A dependable personal care pick with a clean, no-nonsense design and the everyday features you actually use."
2866,tundrel-ukulele-zen,Tundrel Ukulele Zen,Tundrel,Instruments,SK-2866-TU,"The Tundrel Ukulele Zen. A dependable instruments pick with a clean, no-nonsense design and the everyday features you actually use."
2350,saffrix-spin-bike-prime,Saffrix Spin Bike Prime,Saffrix,Fitness,SK-2350-SA,"The Saffrix Spin Bike Prime. A dependable fitness pick with a clean, no-nonsense design and the everyday features you actually use."
2918,junova-cooler-box-arc,Junova Cooler Box Arc,Junova,Outdoor,SK-2918-JU,"The Junova Cooler Box Arc. A dependable outdoor pick with a clean, no-nonsense design and the everyday features you actually use."
2258,veloria-handheld-console-core,Veloria Handheld Console Core,Veloria,Gaming,SK-2258-VE,"The Veloria Handheld Console Core. A dependable gaming pick with a clean, no-nonsense design and the everyday features you actually use."
2058,solvane-beard-trimmer-one,Solvane Beard Trimmer One,Solvane,Personal Care,SK-2058-SO,"The Solvane Beard Trimmer One. A dependable personal care pick with a clean, no-nonsense design and the everyday features you actually use."
2162,junova-action-camera-edge,Junova Action Camera Edge,Junova,Cameras,SK-2162-JU,"The Junova Action Camera Edge. A dependable cameras pick with a clean, no-nonsense design and the everyday features you actually use."
2048,veloria-desk-organiser-one,Veloria Desk Organiser One,Veloria,Office,SK-2048-VE,"The Veloria Desk Organiser One. A dependable office pick with a clean, no-nonsense design and the everyday features you actually use."
2431,mosella-foam-roller-flex,Mosella Foam Roller Flex,Mosella,Fitness,SK-2431-MO,"The Mosella Foam Roller Flex. A dependable fitness pick with a clean, no-nonsense design and the everyday features you actually use."
2620,brightwell-hair-straightener-nano,Brightwell Hair Straightener Nano,Brightwell,Personal Care,SK-2620-BR,"The Brightwell Hair Straightener Nano. A dependable personal care pick with a clean, no-nonsense design and the everyday features you actually use."
2394,solvane-mesh-system-prime,Solvane Mesh System Prime,Solvane,Networking,SK-2394-SO,"The Solvane Mesh System Prime. A dependable networking pick with a clean, no-nonsense design and the everyday features you actually use."
2281,pinecrest-desk-chair-core,Pinecrest Desk Chair Core,Pinecrest,Office,SK-2281-PI,"The Pinecrest Desk Chair Core. A dependable office pick with a clean, no-nonsense design and the everyday features you actually use."
2385,orbisk-digital-piano-prime,Orbisk Digital Piano Prime,Orbisk,Instruments,SK-2385-OR,"The Orbisk Digital Piano Prime. A dependable instruments pick with a clean, no-nonsense design and the everyday features you actually use."
2053,mosella-reading-light-one,Mosella Reading Light One,Mosella,Lighting,SK-2053-MO,"The Mosella Reading Light One. A dependable lighting pick with a clean, no-nonsense design and the everyday features you actually use."
2481,tamarack-mirrorless-camera-ultra,Tamarack Mirrorless Camera Ultra,Tamarack,Cameras,SK-2481-TA,"The Tamarack Mirrorless Camera Ultra. A dependable cameras pick with a clean, no-nonsense design and the everyday features you actually use."
2094,redwick-slate-go,Redwick Slate Go,Redwick,Tablets,SK-2094-RE,"The Redwick Slate Go. A dependable tablets pick with a clean, no-nonsense design and the everyday features you actually use."
2233,halvard-wi-fi-router-edge,Halvard Wi-Fi Router Edge,Halvard,Networking,SK-2233-HA,"The Halvard Wi-Fi Router Edge. A dependable networking pick with a clean, no-nonsense design and the everyday features you actually use."
2761,tamarack-desk-chair-aero,Tamarack Desk Chair Aero,Tamarack,Office,SK-2761-TA,"The Tamarack Desk Chair Aero. A dependable office pick with a clean, no-nonsense design and the everyday features you actually use."
2811,lumeno-drawing-tablet-zen,Lumeno Drawing Tablet Zen,Lumeno,Tablets,SK-2811-LU,"The Lumeno Drawing Tablet Zen. A dependable tablets pick with a clean, no-nonsense design and the everyday features you actually use."
2261,halvard-gaming-headset-core,Halvard Gaming Headset Core,Halvard,Gaming,SK-2261-HA,"The Halvard Gaming Headset Core. A dependable gaming pick with a clean, no-nonsense design and the everyday features you actually use."
2398,veloria-travel-router-prime,Veloria Travel Router Prime,Veloria,Networking,SK-2398-VE,"The Veloria Travel Router Prime. A dependable networking pick with a clean, no-nonsense design and the everyday features you actually use."
2681,halvard-desk-chair-duo,Halvard Desk Chair Duo,Halvard,Office,SK-2681-HA,"The Halvard Desk Chair Duo. A dependable office pick with a clean, no-nonsense design and the everyday features you actually use."
2520,solvane-camp-chair-ultra,Solvane Camp Chair Ultra,Solvane,Outdoor,SK-2520-SO,"The Solvane Camp Chair Ultra. A dependable outdoor pick with a clean, no-nonsense design and the everyday features you actually use."
2910,saffrix-spin-bike-arc,Saffrix Spin Bike Arc,Saffrix,Fitness,SK-2910-SA,"The Saffrix Spin Bike Arc. A dependable fitness pick with a clean, no-nonsense design and the everyday features you actually use."
2948,redwick-electronic-drum-kit-arc,Redwick Electronic Drum Kit Arc,Redwick,Instruments,SK-2948-RE,"The Redwick Electronic Drum Kit Arc. A dependable instruments pick with a clean, no-nonsense design and the everyday features you actually use."
2173,tamarack-note-pad-edge,Tamarack Note Pad Edge,Tamarack,Tablets,SK-2173-TA,"The Tamarack Note Pad Edge. A dependable tablets pick with a clean, no-nonsense design and the everyday features you actually use."
2247,halvard-trail-camera-core,Halvard Trail Camera Core,Halvard,Cameras,SK-2247-HA,"The Halvard Trail Camera Core. A dependable cameras pick with a clean, no-nonsense design and the everyday features you actually use."
2440,veloria-camp-chair-flex,Veloria Camp Chair Flex,Veloria,Outdoor,SK-2440-VE,"The Veloria Camp Chair Flex. A dependable outdoor pick with a clean, no-nonsense design and the everyday features you actually use."
2380,solvane-hair-straightener-prime,Solvane Hair Straightener Prime,Solvane,Personal Care,SK-2380-SO,"The Solvane Hair Straightener Prime. A dependable personal care pick with a clean, no-nonsense design and the everyday features you actually use."
2446,tundrel-footrest-flex,Tundrel Footrest Flex,Tundrel,Office,SK-2446-TU,"The Tundrel Footrest Flex. A dependable office pick with a clean, no-nonsense design and the everyday features you actually use."
2694,junova-lantern-duo,Junova Lantern Duo,Junova,Lighting,SK-2694-JU,"The Junova Lantern Duo. A dependable lighting pick with a clean, no-nonsense design and the everyday features you actually use."
2221,mosella-massager-edge,Mosella Massager Edge,Mosella,Personal Care,SK-2221-MO,"The Mosella Massager Edge. A dependable personal care pick with a clean, no-nonsense design and the everyday features you actually use."
2654,redwick-slate-duo,Redwick Slate Duo,Redwick,Tablets,SK-2654-RE,"The Redwick Slate Duo. A dependable tablets pick with a clean, no-nonsense design and the everyday features you actually use."
2303,halvard-grooming-kit-core,Halvard Grooming Kit Core,Halvard,Personal Care,SK-2303-HA,"The Halvard Grooming Kit Core. A dependable personal care pick with a clean, no-nonsense design and the everyday features you actually use."
2619,quarrow-electric-toothbrush-nano,Quarrow Electric Toothbrush Nano,Quarrow,Personal Care,SK-2619-QU,"The Quarrow Electric Toothbrush Nano. A dependable personal care pick with a clean, no-nonsense design and the everyday features you actually use."
2239,pinecrest-nas-enclosure-edge,Pinecrest NAS Enclosure Edge,Pinecrest,Networking,SK-2239-PI,"The Pinecrest NAS Enclosure Edge. A dependable networking pick with a clean, no-nonsense design and the everyday features you actually use."
2657,lumeno-controller-duo,Lumeno Controller Duo,Lumeno,Gaming,SK-2657-LU,"The Lumeno Controller Duo. A dependable gaming pick with a clean, no-nonsense design and the everyday features you actually use."
2205,halvard-filing-cabinet-edge,Halvard Filing Cabinet Edge,Halvard,Office,SK-2205-HA,"The Halvard Filing Cabinet Edge. A dependable office pick with a clean, no-nonsense design and the everyday features you actually use."
2046,brightwell-footrest-one,Brightwell Footrest One,Brightwell,Office,SK-2046-BR,"The Brightwell Footrest One. A dependable office pick with a clean, no-nonsense design and the everyday features you actually use."
2056,saffrix-light-bar-one,Saffrix Light Bar One,Saffrix,Lighting,SK-2056-SA,"The Saffrix Light Bar One. A dependable lighting pick with a clean, no-nonsense design and the everyday features you actually use."
2084,saffrix-vlog-camera-go,Saffrix Vlog Camera Go,Saffrix,Cameras,SK-2084-SA,"The Saffrix Vlog Camera Go. A dependable cameras pick with a clean, no-nonsense design and the everyday features you actually use."
2675,quarrow-camp-stove-duo,Quarrow Camp Stove Duo,Quarrow,Outdoor,SK-2675-QU,"The Quarrow Camp Stove Duo. A dependable outdoor pick with a clean, no-nonsense design and the everyday features you actually use."
2011,mosella-drawing-tablet-one,Mosella Drawing Tablet One,Mosella,Tablets,SK-2011-MO,"The Mosella Drawing Tablet One. A dependable tablets pick with a clean, no-nonsense design and the everyday features you actually use."
2097,lumeno-controller-go,Lumeno Controller Go,Lumeno,Gaming,SK-2097-LU,"The Lumeno Controller Go. A dependable gaming pick with a clean, no-nonsense design and the everyday features you actually use."
2154,saffrix-mesh-system-go,Saffrix Mesh System Go,Saffrix,Networking,SK-2154-SA,"The Saffrix Mesh System Go. A dependable networking pick with a clean, no-nonsense design and the everyday features you actually use."
2613,mosella-reading-light-nano,Mosella Reading Light Nano,Mosella,Lighting,SK-2613-MO,"The Mosella Reading Light Nano. A dependable lighting pick with a clean, no-nonsense design and the everyday features you actually use."
2332,redwick-kids-tablet-prime,Redwick Kids Tablet Prime,Redwick,Tablets,SK-2332-RE,"The Redwick Kids Tablet Prime. A dependable tablets pick with a clean, no-nonsense design and the everyday features you actually use."
2375,mosella-wall-sconce-prime,Mosella Wall Sconce Prime,Mosella,Lighting,SK-2375-MO,"The Mosella Wall Sconce Prime. A dependable lighting pick with a clean, no-nonsense design and the everyday features you actually use."
2285,tamarack-filing-cabinet-core,Tamarack Filing Cabinet Core,Tamarack,Office,SK-2285-TA,"The Tamarack Filing Cabinet Core. A dependable office pick with a clean, no-nonsense design and the everyday features you actually use."
2860,veloria-hair-straightener-zen,Veloria Hair Straightener Zen,Veloria,Personal Care,SK-2860-VE,"The Veloria Hair Straightener Zen. A dependable personal care pick with a clean, no-nonsense design and the everyday features you actually use."
2832,veloria-pull-up-bar-zen,Veloria Pull-up Bar Zen,Veloria,Fitness,SK-2832-VE,"The Veloria Pull-up Bar Zen. A dependable fitness pick with a clean, no-nonsense design and the everyday features you actually use."
2316,junova-range-extender-core,Junova Range Extender Core,Junova,Networking,SK-2316-JU,"The Junova Range Extender Core. A dependable networking pick with a clean, no-nonsense design and the everyday features you actually use."
2524,veloria-desk-lamp-ultra,Veloria Desk Lamp Ultra,Veloria,Office,SK-2524-VE,"The Veloria Desk Lamp Ultra. A dependable office pick with a clean, no-nonsense design and the everyday features you actually use."
2228,brightwell-electronic-drum-kit-edge,Brightwell Electronic Drum Kit Edge,Brightwell,Instruments,SK-2228-BR,"The Brightwell Electronic Drum Kit Edge. A dependable instruments pick with a clean, no-nonsense design and the everyday features you actually use."
2712,tundrel-synthesizer-duo,Tundrel Synthesizer Duo,Tundrel,Instruments,SK-2712-TU,"The Tundrel Synthesizer Duo. A dependable instruments pick with a clean, no-nonsense design and the everyday features you actually use."
2486,redwick-dash-cam-ultra,Redwick Dash Cam Ultra,Redwick,Cameras,SK-2486-RE,"The Redwick Dash Cam Ultra. A dependable cameras pick with a clean, no-nonsense design and the everyday features you actually use."
2622,veloria-shaver-nano,Veloria Shaver Nano,Veloria,Personal Care,SK-2622-VE,"The Veloria Shaver Nano. A dependable personal care pick with a clean, no-nonsense design and the everyday features you actually use."
2211,pinecrest-pendant-light-edge,Pinecrest Pendant Light Edge,Pinecrest,Lighting,SK-2211-PI,"The Pinecrest Pendant Light Edge. A dependable lighting pick with a clean, no-nonsense design and the everyday features you actually use."
2051,halvard-pendant-light-one,Halvard Pendant Light One,Halvard,Lighting,SK-2051-HA,"The Halvard Pendant Light One. A dependable lighting pick with a clean, no-nonsense design and the everyday features you actually use."
2517,lumeno-headlamp-ultra,Lumeno Headlamp Ultra,Lumeno,Outdoor,SK-2517-LU,"The Lumeno Headlamp Ultra. A dependable outdoor pick with a clean, no-nonsense design and the everyday features you actually use."
2764,junova-desk-lamp-aero,Junova Desk Lamp Aero,Junova,Office,SK-2764-JU,"The Junova Desk Lamp Aero. A dependable office pick with a clean, no-nonsense design and the everyday features you actually use."
2430,redwick-spin-bike-flex,Redwick Spin Bike Flex,Redwick,Fitness,SK-2430-RE,"The Redwick Spin Bike Flex. A dependable fitness pick with a clean, no-nonsense design and the everyday features you actually use."
2018,brightwell-handheld-console-one,Brightwell Handheld Console One,Brightwell,Gaming,SK-2018-BR,"The Brightwell Handheld Console One. A dependable gaming pick with a clean, no-nonsense design and the everyday features you actually use."
2419,lumeno-racing-wheel-flex,Lumeno Racing Wheel Flex,Lumeno,Gaming,SK-2419-LU,"The Lumeno Racing Wheel Flex. A dependable gaming pick with a clean, no-nonsense design and the everyday features you actually use."
2354,brightwell-sleeping-bag-prime,Brightwell Sleeping Bag Prime,Brightwell,Outdoor,SK-2354-BR,"The Brightwell Sleeping Bag Prime. A dependable outdoor pick with a clean, no-nonsense design and the everyday features you actually use."
2391,lumeno-cajon-prime,Lumeno Cajon Prime,Lumeno,Instruments,SK-2391-LU,"The Lumeno Cajon Prime. A dependable instruments pick with a clean, no-nonsense design and the everyday features you actually use."
2187,tamarack-rowing-machine-edge,Tamarack Rowing Machine Edge,Tamarack,Fitness,SK-2187-TA,"The Tamarack Rowing Machine Edge. A dependable fitness pick with a clean, no-nonsense design and the everyday features you actually use."
2685,lumeno-filing-cabinet-duo,Lumeno Filing Cabinet Duo,Lumeno,Office,SK-2685-LU,"The Lumeno Filing Cabinet Duo. A dependable office pick with a clean, no-nonsense design and the everyday features you actually use."
2359,halvard-hammock-prime,Halvard Hammock Prime,Halvard,Outdoor,SK-2359-HA,"The Halvard Hammock Prime. A dependable outdoor pick with a clean, no-nonsense design and the everyday features you actually use."
2433,lumeno-tent-flex,Lumeno Tent Flex,Lumeno,Outdoor,SK-2433-LU,"The Lumeno Tent Flex. A dependable outdoor pick with a clean, no-nonsense design and the everyday features you actually use."
2269,quarrow-kettlebell-core,Quarrow Kettlebell Core,Quarrow,Fitness,SK-2269-QU,"The Quarrow Kettlebell Core. A dependable fitness pick with a clean, no-nonsense design and the everyday features you actually use."
2347,mosella-rowing-machine-prime,Mosella Rowing Machine Prime,Mosella,Fitness,SK-2347-MO,"The Mosella Rowing Machine Prime. A dependable fitness pick with a clean, no-nonsense design and the everyday features you actually use."
2245,orbisk-film-scanner-core,Orbisk Film Scanner Core,Orbisk,Cameras,SK-2245-OR,"The Orbisk Film Scanner Core. A dependable cameras pick with a clean, no-nonsense design and the everyday features you actually use."
2327,tamarack-trail-camera-prime,Tamarack Trail Camera Prime,Tamarack,Cameras,SK-2327-TA,"The Tamarack Trail Camera Prime. A dependable cameras pick with a clean, no-nonsense design and the everyday features you actually use."
2583,halvard-flight-stick-nano,Halvard Flight Stick Nano,Halvard,Gaming,SK-2583-HA,"The Halvard Flight Stick Nano. A dependable gaming pick with a clean, no-nonsense design and the everyday features you actually use."
2215,tamarack-wall-sconce-edge,Tamarack Wall Sconce Edge,Tamarack,Lighting,SK-2215-TA,"The Tamarack Wall Sconce Edge. A dependable lighting pick with a clean, no-nonsense design and the everyday features you actually use."
2052,redwick-smart-panel-one,Redwick Smart Panel One,Redwick,Lighting,SK-2052-RE,"The Redwick Smart Panel One. A dependable lighting pick with a clean, no-nonsense design and the everyday features you actually use."
2015,pinecrest-foldable-tablet-one,Pinecrest Foldable Tablet One,Pinecrest,Tablets,SK-2015-PI,"The Pinecrest Foldable Tablet One. A dependable tablets pick with a clean, no-nonsense design and the everyday features you actually use."
2652,junova-kids-tablet-duo,Junova Kids Tablet Duo,Junova,Tablets,SK-2652-JU,"The Junova Kids Tablet Duo. A dependable tablets pick with a clean, no-nonsense design and the everyday features you actually use."
2924,saffrix-desk-lamp-arc,Saffrix Desk Lamp Arc,Saffrix,Office,SK-2924-SA,"The Saffrix Desk Lamp Arc. A dependable office pick with a clean, no-nonsense design and the everyday features you actually use."
2439,tamarack-hammock-flex,Tamarack Hammock Flex,Tamarack,Outdoor,SK-2439-TA,"The Tamarack Hammock Flex. A dependable outdoor pick with a clean, no-nonsense design and the everyday features you actually use."
2843,quarrow-monitor-arm-zen,Quarrow Monitor Arm Zen,Quarrow,Office,SK-2843-QU,"The Quarrow Monitor Arm Zen. A dependable office pick with a clean, no-nonsense design and the everyday features you actually use."
2389,mosella-midi-keyboard-prime,Mosella MIDI Keyboard Prime,Mosella,Instruments,SK-2389-MO,"The Mosella MIDI Keyboard Prime. A dependable instruments pick with a clean, no-nonsense design and the everyday features you actually use."
2353,quarrow-tent-prime,Quarrow Tent Prime,Quarrow,Outdoor,SK-2353-QU,"The Quarrow Tent Prime. A dependable outdoor pick with a clean, no-nonsense design and the everyday features you actually use."
2176,junova-rugged-tablet-edge,Junova Rugged Tablet Edge,Junova,Tablets,SK-2176-JU,"The Junova Rugged Tablet Edge. A dependable tablets pick with a clean, no-nonsense design and the everyday features you actually use."
2183,pinecrest-flight-stick-edge,Pinecrest Flight Stick Edge,Pinecrest,Gaming,SK-2183-PI,"The Pinecrest Flight Stick Edge. A dependable gaming pick with a clean, no-nonsense design and the everyday features you actually use."
2193,mosella-tent-edge,Mosella Tent Edge,Mosella,Outdoor,SK-2193-MO,"The Mosella Tent Edge. A dependable outdoor pick with a clean, no-nonsense design and the everyday features you actually use."
2268,solvane-resistance-bands-core,Solvane Resistance Bands Core,Solvane,Fitness,SK-2268-SO,"The Solvane Resistance Bands Core. A dependable fitness pick with a clean, no-nonsense design and the everyday features you actually use."
2885,quarrow-film-scanner-arc,Quarrow Film Scanner Arc,Quarrow,Cameras,SK-2885-QU,"The Quarrow Film Scanner Arc. A dependable cameras pick with a clean, no-nonsense design and the everyday features you actually use."
2673,pinecrest-tent-duo,Pinecrest Tent Duo,Pinecrest,Outdoor,SK-2673-PI,"The Pinecrest Tent Duo. A dependable outdoor pick with a clean, no-nonsense design and the everyday features you actually use."
2666,junova-yoga-mat-duo,Junova Yoga Mat Duo,Junova,Fitness,SK-2666-JU,"The Junova Yoga Mat Duo. A dependable fitness pick with a clean, no-nonsense design and the everyday features you actually use."
2302,junova-shaver-core,Junova Shaver Core,Junova,Personal Care,SK-2302-JU,"The Junova Shaver Core. A dependable personal care pick with a clean, no-nonsense design and the everyday features you actually use."
2569,halvard-tablet-nano,Halvard Tablet Nano,Halvard,Tablets,SK-2569-HA,"The Halvard Tablet Nano. A dependable tablets pick with a clean, no-nonsense design and the everyday features you actually use."
2025,mosella-dumbbell-set-one,Mosella Dumbbell Set One,Mosella,Fitness,SK-2025-MO,"The Mosella Dumbbell Set One. A dependable fitness pick with a clean, no-nonsense design and the everyday features you actually use."
2374,redwick-lantern-prime,Redwick Lantern Prime,Redwick,Lighting,SK-2374-RE,"The Redwick Lantern Prime. A dependable lighting pick with a clean, no-nonsense design and the everyday features you actually use."
2580,veloria-arcade-stick-nano,Veloria Arcade Stick Nano,Veloria,Gaming,SK-2580-VE,"The Veloria Arcade Stick Nano. A dependable gaming pick with a clean, no-nonsense design and the everyday features you actually use."
2709,halvard-midi-keyboard-duo,Halvard MIDI Keyboard Duo,Halvard,Instruments,SK-2709-HA,"The Halvard MIDI Keyboard Duo. A dependable instruments pick with a clean, no-nonsense design and the everyday features you actually use."
2728,saffrix-gimbal-aero,Saffrix Gimbal Aero,Saffrix,Cameras,SK-2728-SA,"The Saffrix Gimbal Aero. A dependable cameras pick with a clean, no-nonsense design and the everyday features you actually use."
2840,saffrix-camp-chair-zen,Saffrix Camp Chair Zen,Saffrix,Outdoor,SK-2840-SA,"The Saffrix Camp Chair Zen. A dependable outdoor pick with a clean, no-nonsense design and the everyday features you actually use."
2801,quarrow-mirrorless-camera-zen,Quarrow Mirrorless Camera Zen,Quarrow,Cameras,SK-2801-QU,"The Quarrow Mirrorless Camera Zen. A dependable cameras pick with a clean, no-nonsense design and the everyday features you actually use."
2522,brightwell-standing-desk-ultra,Brightwell Standing Desk Ultra,Brightwell,Office,SK-2522-BR,"The Brightwell Standing Desk Ultra. A dependable office pick with a clean, no-nonsense design and the everyday features you actually use."
2794,redwick-mesh-system-aero,Redwick Mesh System Aero,Redwick,Networking,SK-2794-RE,"The Redwick Mesh System Aero. A dependable networking pick with a clean, no-nonsense design and the everyday features you actually use."
2876,junova-range-extender-zen,Junova Range Extender Zen,Junova,Networking,SK-2876-JU,"The Junova Range Extender Zen. A dependable networking pick with a clean, no-nonsense design and the everyday features you actually use."
2286,veloria-footrest-core,Veloria Footrest Core,Veloria,Office,SK-2286-VE,"The Veloria Footrest Core. A dependable office pick with a clean, no-nonsense design and the everyday features you actually use."
2649,tamarack-tablet-duo,Tamarack Tablet Duo,Tamarack,Tablets,SK-2649-TA,"The Tamarack Tablet Duo. A dependable tablets pick with a clean, no-nonsense design and the everyday features you actually use."
2621,tamarack-massager-nano,Tamarack Massager Nano,Tamarack,Personal Care,SK-2621-TA,"The Tamarack Massager Nano. A dependable personal care pick with a clean, no-nonsense design and the everyday features you actually use."
2159,tamarack-nas-enclosure-go,Tamarack NAS Enclosure Go,Tamarack,Networking,SK-2159-TA,"The Tamarack NAS Enclosure Go. A dependable networking pick with a clean, no-nonsense design and the everyday features you actually use."
2376,tundrel-light-bar-prime,Tundrel Light Bar Prime,Tundrel,Lighting,SK-2376-TU,"The Tundrel Light Bar Prime. A dependable lighting pick with a clean, no-nonsense design and the everyday features you actually use."
2351,pinecrest-foam-roller-prime,Pinecrest Foam Roller Prime,Pinecrest,Fitness,SK-2351-PI,"The Pinecrest Foam Roller Prime. A dependable fitness pick with a clean, no-nonsense design and the everyday features you actually use."
2325,quarrow-film-scanner-prime,Quarrow Film Scanner Prime,Quarrow,Cameras,SK-2325-QU,"The Quarrow Film Scanner Prime. A dependable cameras pick with a clean, no-nonsense design and the everyday features you actually use."
2935,mosella-wall-sconce-arc,Mosella Wall Sconce Arc,Mosella,Lighting,SK-2935-MO,"The Mosella Wall Sconce Arc. A dependable lighting pick with a clean, no-nonsense design and the everyday features you actually use."
2420,saffrix-arcade-stick-flex,Saffrix Arcade Stick Flex,Saffrix,Gaming,SK-2420-SA,"The Saffrix Arcade Stick Flex. A dependable gaming pick with a clean, no-nonsense design and the everyday features you actually use."
2163,halvard-instant-camera-edge,Halvard Instant Camera Edge,Halvard,Cameras,SK-2163-HA,"The Halvard Instant Camera Edge. A dependable cameras pick with a clean, no-nonsense design and the everyday features you actually use."
2368,brightwell-desk-organiser-prime,Brightwell Desk Organiser Prime,Brightwell,Office,SK-2368-BR,"The Brightwell Desk Organiser Prime. A dependable office pick with a clean, no-nonsense design and the everyday features you actually use."
2881,lumeno-mirrorless-camera-arc,Lumeno Mirrorless Camera Arc,Lumeno,Cameras,SK-2881-LU,"The Lumeno Mirrorless Camera Arc. A dependable cameras pick with a clean, no-nonsense design and the everyday features you actually use."
2744,solvane-vr-headset-aero,Solvane VR Headset Aero,Solvane,Gaming,SK-2744-SO,"The Solvane VR Headset Aero. A dependable gaming pick with a clean, no-nonsense design and the everyday features you actually use."
2447,lumeno-bookshelf-flex,Lumeno Bookshelf Flex,Lumeno,Office,SK-2447-LU,"The Lumeno Bookshelf Flex. A dependable office pick with a clean, no-nonsense design and the everyday features you actually use."
2703,quarrow-grooming-kit-duo,Quarrow Grooming Kit Duo,Quarrow,Personal Care,SK-2703-QU,"The Quarrow Grooming Kit Duo. A dependable personal care pick with a clean, no-nonsense design and the everyday features you actually use."
2014,saffrix-slate-one,Saffrix Slate One,Saffrix,Tablets,SK-2014-SA,"The Saffrix Slate One. A dependable tablets pick with a clean, no-nonsense design and the everyday features you actually use."
2467,tamarack-acoustic-guitar-flex,Tamarack Acoustic Guitar Flex,Tamarack,Instruments,SK-2467-TA,"The Tamarack Acoustic Guitar Flex. A dependable instruments pick with a clean, no-nonsense design and the everyday features you actually use."
2751,halvard-foam-roller-aero,Halvard Foam Roller Aero,Halvard,Fitness,SK-2751-HA,"The Halvard Foam Roller Aero. A dependable fitness pick with a clean, no-nonsense design and the everyday features you actually use."
2277,mosella-headlamp-core,Mosella Headlamp Core,Mosella,Outdoor,SK-2277-MO,"The Mosella Headlamp Core. A dependable outdoor pick with a clean, no-nonsense design and the everyday features you actually use."
2203,orbisk-monitor-arm-edge,Orbisk Monitor Arm Edge,Orbisk,Office,SK-2203-OR,"The Orbisk Monitor Arm Edge. A dependable office pick with a clean, no-nonsense design and the everyday features you actually use."
2960,junova-5g-hotspot-arc,Junova 5G Hotspot Arc,Junova,Networking,SK-2960-JU,"The Junova 5G Hotspot Arc. A dependable networking pick with a clean, no-nonsense design and the everyday features you actually use."
2863,halvard-grooming-kit-zen,Halvard Grooming Kit Zen,Halvard,Personal Care,SK-2863-HA,"The Halvard Grooming Kit Zen. A dependable personal care pick with a clean, no-nonsense design and the everyday features you actually use."
2757,pinecrest-headlamp-aero,Pinecrest Headlamp Aero,Pinecrest,Outdoor,SK-2757-PI,"The Pinecrest Headlamp Aero. A dependable outdoor pick with a clean, no-nonsense design and the everyday features you actually use."
2506,solvane-yoga-mat-ultra,Solvane Yoga Mat Ultra,Solvane,Fitness,SK-2506-SO,"The Solvane Yoga Mat Ultra. A dependable fitness pick with a clean, no-nonsense design and the everyday features you actually use."
2300,veloria-hair-straightener-core,Veloria Hair Straightener Core,Veloria,Personal Care,SK-2300-VE,"The Veloria Hair Straightener Core. A dependable personal care pick with a clean, no-nonsense design and the everyday features you actually use."
2038,redwick-cooler-box-one,Redwick Cooler Box One,Redwick,Outdoor,SK-2038-RE,"The Redwick Cooler Box One. A dependable outdoor pick with a clean, no-nonsense design and the everyday features you actually use."
2732,brightwell-kids-tablet-aero,Brightwell Kids Tablet Aero,Brightwell,Tablets,SK-2732-BR,"The Brightwell Kids Tablet Aero. A dependable tablets pick with a clean, no-nonsense design and the everyday features you actually use."
2377,lumeno-hair-dryer-prime,Lumeno Hair Dryer Prime,Lumeno,Personal Care,SK-2377-LU,"The Lumeno Hair Dryer Prime. A dependable personal care pick with a clean, no-nonsense design and the everyday features you actually use."
2320,tundrel-5g-hotspot-core,Tundrel 5G Hotspot Core,Tundrel,Networking,SK-2320-TU,"The Tundrel 5G Hotspot Core. A dependable networking pick with a clean, no-nonsense design and the everyday features you actually use."
2030,solvane-spin-bike-one,Solvane Spin Bike One,Solvane,Fitness,SK-2030-SO,"The Solvane Spin Bike One. A dependable fitness pick with a clean, no-nonsense design and the everyday features you actually use."
2487,mosella-trail-camera-ultra,Mosella Trail Camera Ultra,Mosella,Cameras,SK-2487-MO,"The Mosella Trail Camera Ultra. A dependable cameras pick with a clean, no-nonsense design and the everyday features you actually use."
2098,saffrix-handheld-console-go,Saffrix Handheld Console Go,Saffrix,Gaming,SK-2098-SA,"The Saffrix Handheld Console Go. A dependable gaming pick with a clean, no-nonsense design and the everyday features you actually use."
2805,orbisk-film-scanner-zen,Orbisk Film Scanner Zen,Orbisk,Cameras,SK-2805-OR,"The Orbisk Film Scanner Zen. A dependable cameras pick with a clean, no-nonsense design and the everyday features you actually use."
2934,redwick-lantern-arc,Redwick Lantern Arc,Redwick,Lighting,SK-2934-RE,"The Redwick Lantern Arc. A dependable lighting pick with a clean, no-nonsense design and the everyday features you actually use."
2028,saffrix-resistance-bands-one,Saffrix Resistance Bands One,Saffrix,Fitness,SK-2028-SA,"The Saffrix Resistance Bands One. A dependable fitness pick with a clean, no-nonsense design and the everyday features you actually use."
2900,brightwell-arcade-stick-arc,Brightwell Arcade Stick Arc,Brightwell,Gaming,SK-2900-BR,"The Brightwell Arcade Stick Arc. A dependable gaming pick with a clean, no-nonsense design and the everyday features you actually use."
2110,tundrel-spin-bike-go,Tundrel Spin Bike Go,Tundrel,Fitness,SK-2110-TU,"The Tundrel Spin Bike Go. A dependable fitness pick with a clean, no-nonsense design and the everyday features you actually use."
2848,junova-desk-organiser-zen,Junova Desk Organiser Zen,Junova,Office,SK-2848-JU,"The Junova Desk Organiser Zen. A dependable office pick with a clean, no-nonsense design and the everyday features you actually use."
2254,solvane-slate-core,Solvane Slate Core,Solvane,Tablets,SK-2254-SO,"The Solvane Slate Core. A dependable tablets pick with a clean, no-nonsense design and the everyday features you actually use."
2871,quarrow-cajon-zen,Quarrow Cajon Zen,Quarrow,Instruments,SK-2871-QU,"The Quarrow Cajon Zen. A dependable instruments pick with a clean, no-nonsense design and the everyday features you actually use."
2036,junova-trekking-poles-one,Junova Trekking Poles One,Junova,Outdoor,SK-2036-JU,"The Junova Trekking Poles One. A dependable outdoor pick with a clean, no-nonsense design and the everyday features you actually use."
2809,mosella-tablet-zen,Mosella Tablet Zen,Mosella,Tablets,SK-2809-MO,"The Mosella Tablet Zen. A dependable tablets pick with a clean, no-nonsense design and the everyday features you actually use."
2127,pinecrest-bookshelf-go,Pinecrest Bookshelf Go,Pinecrest,Office,SK-2127-PI,"The Pinecrest Bookshelf Go. A dependable office pick with a clean, no-nonsense design and the everyday features you actually use."
2594,veloria-sleeping-bag-nano,Veloria Sleeping Bag Nano,Veloria,Outdoor,SK-2594-VE,"The Veloria Sleeping Bag Nano. A dependable outdoor pick with a clean, no-nonsense design and the everyday features you actually use."
2814,solvane-slate-zen,Solvane Slate Zen,Solvane,Tablets,SK-2814-SO,"The Solvane Slate Zen. A dependable tablets pick with a clean, no-nonsense design and the everyday features you actually use."
2545,lumeno-digital-piano-ultra,Lumeno Digital Piano Ultra,Lumeno,Instruments,SK-2545-LU,"The Lumeno Digital Piano Ultra. A dependable instruments pick with a clean, no-nonsense design and the everyday features you actually use."
2361,mosella-desk-chair-prime,Mosella Desk Chair Prime,Mosella,Office,SK-2361-MO,"The Mosella Desk Chair Prime. A dependable office pick with a clean, no-nonsense design and the everyday features you actually use."
2164,redwick-vlog-camera-edge,Redwick Vlog Camera Edge,Redwick,Cameras,SK-2164-RE,"The Redwick Vlog Camera Edge. A dependable cameras pick with a clean, no-nonsense design and the everyday features you actually use."
2427,orbisk-rowing-machine-flex,Orbisk Rowing Machine Flex,Orbisk,Fitness,SK-2427-OR,"The Orbisk Rowing Machine Flex. A dependable fitness pick with a clean, no-nonsense design and the everyday features you actually use."
2706,veloria-ukulele-duo,Veloria Ukulele Duo,Veloria,Instruments,SK-2706-VE,"The Veloria Ukulele Duo. A dependable instruments pick with a clean, no-nonsense design and the everyday features you actually use."
2119,orbisk-hammock-go,Orbisk Hammock Go,Orbisk,Outdoor,SK-2119-OR,"The Orbisk Hammock Go. A dependable outdoor pick with a clean, no-nonsense design and the everyday features you actually use."
2601,lumeno-desk-chair-nano,Lumeno Desk Chair Nano,Lumeno,Office,SK-2601-LU,"The Lumeno Desk Chair Nano. A dependable office pick with a clean, no-nonsense design and the everyday features you actually use."
2349,lumeno-kettlebell-prime,Lumeno Kettlebell Prime,Lumeno,Fitness,SK-2349-LU,"The Lumeno Kettlebell Prime. A dependable fitness pick with a clean, no-nonsense design and the everyday features you actually use."
2628,tundrel-electronic-drum-kit-nano,Tundrel Electronic Drum Kit Nano,Tundrel,Instruments,SK-2628-TU,"The Tundrel Electronic Drum Kit Nano. A dependable instruments pick with a clean, no-nonsense design and the everyday features you actually use."
2608,veloria-desk-organiser-nano,Veloria Desk Organiser Nano,Veloria,Office,SK-2608-VE,"The Veloria Desk Organiser Nano. A dependable office pick with a clean, no-nonsense design and the everyday features you actually use."
2227,quarrow-acoustic-guitar-edge,Quarrow Acoustic Guitar Edge,Quarrow,Instruments,SK-2227-QU,"The Quarrow Acoustic Guitar Edge. A dependable instruments pick with a clean, no-nonsense design and the everyday features you actually use."
2768,tundrel-desk-organiser-aero,Tundrel Desk Organiser Aero,Tundrel,Office,SK-2768-TU,"The Tundrel Desk Organiser Aero. A dependable office pick with a clean, no-nonsense design and the everyday features you actually use."
2606,brightwell-footrest-nano,Brightwell Footrest Nano,Brightwell,Office,SK-2606-BR,"The Brightwell Footrest Nano. A dependable office pick with a clean, no-nonsense design and the everyday features you actually use."
2384,veloria-epilator-prime,Veloria Epilator Prime,Veloria,Personal Care,SK-2384-VE,"The Veloria Epilator Prime. A dependable personal care pick with a clean, no-nonsense design and the everyday features you actually use."
2445,mosella-filing-cabinet-flex,Mosella Filing Cabinet Flex,Mosella,Office,SK-2445-MO,"The Mosella Filing Cabinet Flex. A dependable office pick with a clean, no-nonsense design and the everyday features you actually use."
2556,redwick-range-extender-ultra,Redwick Range Extender Ultra,Redwick,Networking,SK-2556-RE,"The Redwick Range Extender Ultra. A dependable networking pick with a clean, no-nonsense design and the everyday features you actually use."
2438,brightwell-cooler-box-flex,Brightwell Cooler Box Flex,Brightwell,Outdoor,SK-2438-BR,"The Brightwell Cooler Box Flex. A dependable outdoor pick with a clean, no-nonsense design and the everyday features you actually use."
2865,mosella-digital-piano-zen,Mosella Digital Piano Zen,Mosella,Instruments,SK-2865-MO,"The Mosella Digital Piano Zen. A dependable instruments pick with a clean, no-nonsense design and the everyday features you actually use."
2357,orbisk-headlamp-prime,Orbisk Headlamp Prime,Orbisk,Outdoor,SK-2357-OR,"The Orbisk Headlamp Prime. A dependable outdoor pick with a clean, no-nonsense design and the everyday features you actually use."
2574,saffrix-slate-nano,Saffrix Slate Nano,Saffrix,Tablets,SK-2574-SA,"The Saffrix Slate Nano. A dependable tablets pick with a clean, no-nonsense design and the everyday features you actually use."
2288,junova-desk-organiser-core,Junova Desk Organiser Core,Junova,Office,SK-2288-JU,"The Junova Desk Organiser Core. A dependable office pick with a clean, no-nonsense design and the everyday features you actually use."
2042,saffrix-standing-desk-one,Saffrix Standing Desk One,Saffrix,Office,SK-2042-SA,"The Saffrix Standing Desk One. A dependable office pick with a clean, no-nonsense design and the everyday features you actually use."
2146,veloria-ukulele-go,Veloria Ukulele Go,Veloria,Instruments,SK-2146-VE,"The Veloria Ukulele Go. A dependable instruments pick with a clean, no-nonsense design and the everyday features you actually use."
2409,quarrow-tablet-flex,Quarrow Tablet Flex,Quarrow,Tablets,SK-2409-QU,"The Quarrow Tablet Flex. A dependable tablets pick with a clean, no-nonsense design and the everyday features you actually use."
2397,tamarack-powerline-adapter-prime,Tamarack Powerline Adapter Prime,Tamarack,Networking,SK-2397-TA,"The Tamarack Powerline Adapter Prime. A dependable networking pick with a clean, no-nonsense design and the everyday features you actually use."
2044,solvane-desk-lamp-one,Solvane Desk Lamp One,Solvane,Office,SK-2044-SO,"The Solvane Desk Lamp One. A dependable office pick with a clean, no-nonsense design and the everyday features you actually use."
2939,pinecrest-electric-toothbrush-arc,Pinecrest Electric Toothbrush Arc,Pinecrest,Personal Care,SK-2939-PI,"The Pinecrest Electric Toothbrush Arc. A dependable personal care pick with a clean, no-nonsense design and the everyday features you actually use."
2494,brightwell-slate-ultra,Brightwell Slate Ultra,Brightwell,Tablets,SK-2494-BR,"The Brightwell Slate Ultra. A dependable tablets pick with a clean, no-nonsense design and the everyday features you actually use."
2063,orbisk-grooming-kit-one,Orbisk Grooming Kit One,Orbisk,Personal Care,SK-2063-OR,"The Orbisk Grooming Kit One. A dependable personal care pick with a clean, no-nonsense design and the everyday features you actually use."
2491,pinecrest-drawing-tablet-ultra,Pinecrest Drawing Tablet Ultra,Pinecrest,Tablets,SK-2491-PI,"The Pinecrest Drawing Tablet Ultra. A dependable tablets pick with a clean, no-nonsense design and the everyday features you actually use."
2803,tamarack-instant-camera-zen,Tamarack Instant Camera Zen,Tamarack,Cameras,SK-2803-TA,"The Tamarack Instant Camera Zen. A dependable cameras pick with a clean, no-nonsense design and the everyday features you actually use."
2089,tamarack-tablet-go,Tamarack Tablet Go,Tamarack,Tablets,SK-2089-TA,"The Tamarack Tablet Go. A dependable tablets pick with a clean, no-nonsense design and the everyday features you actually use."
2167,lumeno-trail-camera-edge,Lumeno Trail Camera Edge,Lumeno,Cameras,SK-2167-LU,"The Lumeno Trail Camera Edge. A dependable cameras pick with a clean, no-nonsense design and the everyday features you actually use."
2715,pinecrest-network-switch-duo,Pinecrest Network Switch Duo,Pinecrest,Networking,SK-2715-PI,"The Pinecrest Network Switch Duo. A dependable networking pick with a clean, no-nonsense design and the everyday features you actually use."
2272,veloria-pull-up-bar-core,Veloria Pull-up Bar Core,Veloria,Fitness,SK-2272-VE,"The Veloria Pull-up Bar Core. A dependable fitness pick with a clean, no-nonsense design and the everyday features you actually use."
2006,veloria-dash-cam-one,Veloria Dash Cam One,Veloria,Cameras,SK-2006-VE,"The Veloria Dash Cam One. A dependable cameras pick with a clean, no-nonsense design and the everyday features you actually use."
2185,quarrow-dumbbell-set-edge,Quarrow Dumbbell Set Edge,Quarrow,Fitness,SK-2185-QU,"The Quarrow Dumbbell Set Edge. A dependable fitness pick with a clean, no-nonsense design and the everyday features you actually use."
2219,halvard-electric-toothbrush-edge,Halvard Electric Toothbrush Edge,Halvard,Personal Care,SK-2219-HA,"The Halvard Electric Toothbrush Edge. A dependable personal care pick with a clean, no-nonsense design and the everyday features you actually use."
2767,mosella-bookshelf-aero,Mosella Bookshelf Aero,Mosella,Office,SK-2767-MO,"The Mosella Bookshelf Aero. A dependable office pick with a clean, no-nonsense design and the everyday features you actually use."
2476,saffrix-range-extender-flex,Saffrix Range Extender Flex,Saffrix,Networking,SK-2476-SA,"The Saffrix Range Extender Flex. A dependable networking pick with a clean, no-nonsense design and the everyday features you actually use."
2704,brightwell-epilator-duo,Brightwell Epilator Duo,Brightwell,Personal Care,SK-2704-BR,"The Brightwell Epilator Duo. A dependable personal care pick with a clean, no-nonsense design and the everyday features you actually use."
2567,orbisk-trail-camera-nano,Orbisk Trail Camera Nano,Orbisk,Cameras,SK-2567-OR,"The Orbisk Trail Camera Nano. A dependable cameras pick with a clean, no-nonsense design and the everyday features you actually use."
2568,junova-gimbal-nano,Junova Gimbal Nano,Junova,Cameras,SK-2568-JU,"The Junova Gimbal Nano. A dependable cameras pick with a clean, no-nonsense design and the everyday features you actually use."
2125,lumeno-filing-cabinet-go,Lumeno Filing Cabinet Go,Lumeno,Office,SK-2125-LU,"The Lumeno Filing Cabinet Go. A dependable office pick with a clean, no-nonsense design and the everyday features you actually use."
2165,mosella-film-scanner-edge,Mosella Film Scanner Edge,Mosella,Cameras,SK-2165-MO,"The Mosella Film Scanner Edge. A dependable cameras pick with a clean, no-nonsense design and the everyday features you actually use."
2762,veloria-standing-desk-aero,Veloria Standing Desk Aero,Veloria,Office,SK-2762-VE,"The Veloria Standing Desk Aero. A dependable office pick with a clean, no-nonsense design and the everyday features you actually use."
2037,halvard-headlamp-one,Halvard Headlamp One,Halvard,Outdoor,SK-2037-HA,"The Halvard Headlamp One. A dependable outdoor pick with a clean, no-nonsense design and the everyday features you actually use."
2748,veloria-resistance-bands-aero,Veloria Resistance Bands Aero,Veloria,Fitness,SK-2748-VE,"The Veloria Resistance Bands Aero. A dependable fitness pick with a clean, no-nonsense design and the everyday features you actually use."
2290,redwick-led-strip-core,Redwick LED Strip Core,Redwick,Lighting,SK-2290-RE,"The Redwick LED Strip Core. A dependable lighting pick with a clean, no-nonsense design and the everyday features you actually use."
2944,veloria-epilator-arc,Veloria Epilator Arc,Veloria,Personal Care,SK-2944-VE,"The Veloria Epilator Arc. A dependable personal care pick with a clean, no-nonsense design and the everyday features you actually use."
2103,tamarack-flight-stick-go,Tamarack Flight Stick Go,Tamarack,Gaming,SK-2103-TA,"The Tamarack Flight Stick Go. A dependable gaming pick with a clean, no-nonsense design and the everyday features you actually use."
2532,saffrix-smart-panel-ultra,Saffrix Smart Panel Ultra,Saffrix,Lighting,SK-2532-SA,"The Saffrix Smart Panel Ultra. A dependable lighting pick with a clean, no-nonsense design and the everyday features you actually use."
2676,brightwell-trekking-poles-duo,Brightwell Trekking Poles Duo,Brightwell,Outdoor,SK-2676-BR,"The Brightwell Trekking Poles Duo. A dependable outdoor pick with a clean, no-nonsense design and the everyday features you actually use."
2477,pinecrest-powerline-adapter-flex,Pinecrest Powerline Adapter Flex,Pinecrest,Networking,SK-2477-PI,"The Pinecrest Powerline Adapter Flex. A dependable networking pick with a clean, no-nonsense design and the everyday features you actually use."
2373,halvard-reading-light-prime,Halvard Reading Light Prime,Halvard,Lighting,SK-2373-HA,"The Halvard Reading Light Prime. A dependable lighting pick with a clean, no-nonsense design and the everyday features you actually use."
2352,solvane-pull-up-bar-prime,Solvane Pull-up Bar Prime,Solvane,Fitness,SK-2352-SO,"The Solvane Pull-up Bar Prime. A dependable fitness pick with a clean, no-nonsense design and the everyday features you actually use."
2643,lumeno-instant-camera-duo,Lumeno Instant Camera Duo,Lumeno,Cameras,SK-2643-LU,"The Lumeno Instant Camera Duo. A dependable cameras pick with a clean, no-nonsense design and the everyday features you actually use."
2642,tundrel-action-camera-duo,Tundrel Action Camera Duo,Tundrel,Cameras,SK-2642-TU,"The Tundrel Action Camera Duo. A dependable cameras pick with a clean, no-nonsense design and the everyday features you actually use."
2835,halvard-camp-stove-zen,Halvard Camp Stove Zen,Halvard,Outdoor,SK-2835-HA,"The Halvard Camp Stove Zen. A dependable outdoor pick with a clean, no-nonsense design and the everyday features you actually use."
2225,pinecrest-digital-piano-edge,Pinecrest Digital Piano Edge,Pinecrest,Instruments,SK-2225-PI,"The Pinecrest Digital Piano Edge. A dependable instruments pick with a clean, no-nonsense design and the everyday features you actually use."
2548,solvane-electronic-drum-kit-ultra,Solvane Electronic Drum Kit Ultra,Solvane,Instruments,SK-2548-SO,"The Solvane Electronic Drum Kit Ultra. A dependable instruments pick with a clean, no-nonsense design and the everyday features you actually use."
2371,orbisk-pendant-light-prime,Orbisk Pendant Light Prime,Orbisk,Lighting,SK-2371-OR,"The Orbisk Pendant Light Prime. A dependable lighting pick with a clean, no-nonsense design and the everyday features you actually use."
2308,saffrix-electronic-drum-kit-core,Saffrix Electronic Drum Kit Core,Saffrix,Instruments,SK-2308-SA,"The Saffrix Electronic Drum Kit Core. A dependable instruments pick with a clean, no-nonsense design and the everyday features you actually use."
2750,junova-spin-bike-aero,Junova Spin Bike Aero,Junova,Fitness,SK-2750-JU,"The Junova Spin Bike Aero. A dependable fitness pick with a clean, no-nonsense design and the everyday features you actually use."
2012,tundrel-kids-tablet-one,Tundrel Kids Tablet One,Tundrel,Tablets,SK-2012-TU,"The Tundrel Kids Tablet One. A dependable tablets pick with a clean, no-nonsense design and the everyday features you actually use."
2774,brightwell-lantern-aero,Brightwell Lantern Aero,Brightwell,Lighting,SK-2774-BR,"The Brightwell Lantern Aero. A dependable lighting pick with a clean, no-nonsense design and the everyday features you actually use."
2217,orbisk-hair-dryer-edge,Orbisk Hair Dryer Edge,Orbisk,Personal Care,SK-2217-OR,"The Orbisk Hair Dryer Edge. A dependable personal care pick with a clean, no-nonsense design and the everyday features you actually use."
2370,veloria-led-strip-prime,Veloria LED Strip Prime,Veloria,Lighting,SK-2370-VE,"The Veloria LED Strip Prime. A dependable lighting pick with a clean, no-nonsense design and the everyday features you actually use."
2270,brightwell-spin-bike-core,Brightwell Spin Bike Core,Brightwell,Fitness,SK-2270-BR,"The Brightwell Spin Bike Core. A dependable fitness pick with a clean, no-nonsense design and the everyday features you actually use."
2898,solvane-handheld-console-arc,Solvane Handheld Console Arc,Solvane,Gaming,SK-2898-SO,"The Solvane Handheld Console Arc. A dependable gaming pick with a clean, no-nonsense design and the everyday features you actually use."
2057,pinecrest-hair-dryer-one,Pinecrest Hair Dryer One,Pinecrest,Personal Care,SK-2057-PI,"The Pinecrest Hair Dryer One. A dependable personal care pick with a clean, no-nonsense design and the everyday features you actually use."
2892,redwick-kids-tablet-arc,Redwick Kids Tablet Arc,Redwick,Tablets,SK-2892-RE,"The Redwick Kids Tablet Arc. A dependable tablets pick with a clean, no-nonsense design and the everyday features you actually use."
2335,lumeno-foldable-tablet-prime,Lumeno Foldable Tablet Prime,Lumeno,Tablets,SK-2335-LU,"The Lumeno Foldable Tablet Prime. A dependable tablets pick with a clean, no-nonsense design and the everyday features you actually use."
2134,junova-lantern-go,Junova Lantern Go,Junova,Lighting,SK-2134-JU,"The Junova Lantern Go. A dependable lighting pick with a clean, no-nonsense design and the everyday features you actually use."
2537,tamarack-hair-dryer-ultra,Tamarack Hair Dryer Ultra,Tamarack,Personal Care,SK-2537-TA,"The Tamarack Hair Dryer Ultra. A dependable personal care pick with a clean, no-nonsense design and the everyday features you actually use."
2828,solvane-resistance-bands-zen,Solvane Resistance Bands Zen,Solvane,Fitness,SK-2828-SO,"The Solvane Resistance Bands Zen. A dependable fitness pick with a clean, no-nonsense design and the everyday features you actually use."
2660,solvane-arcade-stick-duo,Solvane Arcade Stick Duo,Solvane,Gaming,SK-2660-SO,"The Solvane Arcade Stick Duo. A dependable gaming pick with a clean, no-nonsense design and the everyday features you actually use."
2319,mosella-nas-enclosure-core,Mosella NAS Enclosure Core,Mosella,Networking,SK-2319-MO,"The Mosella NAS Enclosure Core. A dependable networking pick with a clean, no-nonsense design and the everyday features you actually use."
2595,orbisk-camp-stove-nano,Orbisk Camp Stove Nano,Orbisk,Outdoor,SK-2595-OR,"The Orbisk Camp Stove Nano. A dependable outdoor pick with a clean, no-nonsense design and the everyday features you actually use."
2464,solvane-epilator-flex,Solvane Epilator Flex,Solvane,Personal Care,SK-2464-SO,"The Solvane Epilator Flex. A dependable personal care pick with a clean, no-nonsense design and the everyday features you actually use."
2140,saffrix-hair-straightener-go,Saffrix Hair Straightener Go,Saffrix,Personal Care,SK-2140-SA,"The Saffrix Hair Straightener Go. A dependable personal care pick with a clean, no-nonsense design and the everyday features you actually use."
2702,solvane-shaver-duo,Solvane Shaver Duo,Solvane,Personal Care,SK-2702-SO,"The Solvane Shaver Duo. A dependable personal care pick with a clean, no-nonsense design and the everyday features you actually use."
2492,solvane-kids-tablet-ultra,Solvane Kids Tablet Ultra,Solvane,Tablets,SK-2492-SO,"The Solvane Kids Tablet Ultra. A dependable tablets pick with a clean, no-nonsense design and the everyday features you actually use."
2488,tundrel-gimbal-ultra,Tundrel Gimbal Ultra,Tundrel,Cameras,SK-2488-TU,"The Tundrel Gimbal Ultra. A dependable cameras pick with a clean, no-nonsense design and the everyday features you actually use."
2929,tamarack-floor-lamp-arc,Tamarack Floor Lamp Arc,Tamarack,Lighting,SK-2929-TA,"The Tamarack Floor Lamp Arc. A dependable lighting pick with a clean, no-nonsense design and the everyday features you actually use."
2579,tamarack-racing-wheel-nano,Tamarack Racing Wheel Nano,Tamarack,Gaming,SK-2579-TA,"The Tamarack Racing Wheel Nano. A dependable gaming pick with a clean, no-nonsense design and the everyday features you actually use."
2142,solvane-shaver-go,Solvane Shaver Go,Solvane,Personal Care,SK-2142-SO,"The Solvane Shaver Go. A dependable personal care pick with a clean, no-nonsense design and the everyday features you actually use."
2713,lumeno-wi-fi-router-duo,Lumeno Wi-Fi Router Duo,Lumeno,Networking,SK-2713-LU,"The Lumeno Wi-Fi Router Duo. A dependable networking pick with a clean, no-nonsense design and the everyday features you actually use."
2607,tamarack-bookshelf-nano,Tamarack Bookshelf Nano,Tamarack,Office,SK-2607-TA,"The Tamarack Bookshelf Nano. A dependable office pick with a clean, no-nonsense design and the everyday features you actually use."
2664,veloria-vr-headset-duo,Veloria VR Headset Duo,Veloria,Gaming,SK-2664-VE,"The Veloria VR Headset Duo. A dependable gaming pick with a clean, no-nonsense design and the everyday features you actually use."
2496,veloria-rugged-tablet-ultra,Veloria Rugged Tablet Ultra,Veloria,Tablets,SK-2496-VE,"The Veloria Rugged Tablet Ultra. A dependable tablets pick with a clean, no-nonsense design and the everyday features you actually use."
2906,redwick-yoga-mat-arc,Redwick Yoga Mat Arc,Redwick,Fitness,SK-2906-RE,"The Redwick Yoga Mat Arc. A dependable fitness pick with a clean, no-nonsense design and the everyday features you actually use."
2255,quarrow-foldable-tablet-core,Quarrow Foldable Tablet Core,Quarrow,Tablets,SK-2255-QU,"The Quarrow Foldable Tablet Core. A dependable tablets pick with a clean, no-nonsense design and the everyday features you actually use."
2160,veloria-5g-hotspot-go,Veloria 5G Hotspot Go,Veloria,Networking,SK-2160-VE,"The Veloria 5G Hotspot Go. A dependable networking pick with a clean, no-nonsense design and the everyday features you actually use."
2536,brightwell-light-bar-ultra,Brightwell Light Bar Ultra,Brightwell,Lighting,SK-2536-BR,"The Brightwell Light Bar Ultra. A dependable lighting pick with a clean, no-nonsense design and the everyday features you actually use."
2434,saffrix-sleeping-bag-flex,Saffrix Sleeping Bag Flex,Saffrix,Outdoor,SK-2434-SA,"The Saffrix Sleeping Bag Flex. A dependable outdoor pick with a clean, no-nonsense design and the everyday features you actually use."
2914,brightwell-sleeping-bag-arc,Brightwell Sleeping Bag Arc,Brightwell,Outdoor,SK-2914-BR,"The Brightwell Sleeping Bag Arc. A dependable outdoor pick with a clean, no-nonsense design and the everyday features you actually use."
2363,lumeno-monitor-arm-prime,Lumeno Monitor Arm Prime,Lumeno,Office,SK-2363-LU,"The Lumeno Monitor Arm Prime. A dependable office pick with a clean, no-nonsense design and the everyday features you actually use."
2617,pinecrest-hair-dryer-nano,Pinecrest Hair Dryer Nano,Pinecrest,Personal Care,SK-2617-PI,"The Pinecrest Hair Dryer Nano. A dependable personal care pick with a clean, no-nonsense design and the everyday features you actually use."
2912,solvane-pull-up-bar-arc,Solvane Pull-up Bar Arc,Solvane,Fitness,SK-2912-SO,"The Solvane Pull-up Bar Arc. A dependable fitness pick with a clean, no-nonsense design and the everyday features you actually use."
2188,veloria-resistance-bands-edge,Veloria Resistance Bands Edge,Veloria,Fitness,SK-2188-VE,"The Veloria Resistance Bands Edge. A dependable fitness pick with a clean, no-nonsense design and the everyday features you actually use."
2150,redwick-violin-go,Redwick Violin Go,Redwick,Instruments,SK-2150-RE,"The Redwick Violin Go. A dependable instruments pick with a clean, no-nonsense design and the everyday features you actually use."
2827,pinecrest-rowing-machine-zen,Pinecrest Rowing Machine Zen,Pinecrest,Fitness,SK-2827-PI,"The Pinecrest Rowing Machine Zen. A dependable fitness pick with a clean, no-nonsense design and the everyday features you actually use."
2572,tundrel-kids-tablet-nano,Tundrel Kids Tablet Nano,Tundrel,Tablets,SK-2572-TU,"The Tundrel Kids Tablet Nano. A dependable tablets pick with a clean, no-nonsense design and the everyday features you actually use."
2201,tamarack-desk-chair-edge,Tamarack Desk Chair Edge,Tamarack,Office,SK-2201-TA,"The Tamarack Desk Chair Edge. A dependable office pick with a clean, no-nonsense design and the everyday features you actually use."
2690,brightwell-led-strip-duo,Brightwell LED Strip Duo,Brightwell,Lighting,SK-2690-BR,"The Brightwell LED Strip Duo. A dependable lighting pick with a clean, no-nonsense design and the everyday features you actually use."
2266,saffrix-yoga-mat-core,Saffrix Yoga Mat Core,Saffrix,Fitness,SK-2266-SA,"The Saffrix Yoga Mat Core. A dependable fitness pick with a clean, no-nonsense design and the everyday features you actually use."
2538,veloria-beard-trimmer-ultra,Veloria Beard Trimmer Ultra,Veloria,Personal Care,SK-2538-VE,"The Veloria Beard Trimmer Ultra. A dependable personal care pick with a clean, no-nonsense design and the everyday features you actually use."
2526,junova-footrest-ultra,Junova Footrest Ultra,Junova,Office,SK-2526-JU,"The Junova Footrest Ultra. A dependable office pick with a clean, no-nonsense design and the everyday features you actually use."
2138,tundrel-beard-trimmer-go,Tundrel Beard Trimmer Go,Tundrel,Personal Care,SK-2138-TU,"The Tundrel Beard Trimmer Go. A dependable personal care pick with a clean, no-nonsense design and the everyday features you actually use."
2329,orbisk-tablet-prime,Orbisk Tablet Prime,Orbisk,Tablets,SK-2329-OR,"The Orbisk Tablet Prime. A dependable tablets pick with a clean, no-nonsense design and the everyday features you actually use."
2366,solvane-footrest-prime,Solvane Footrest Prime,Solvane,Office,SK-2366-SO,"The Solvane Footrest Prime. A dependable office pick with a clean, no-nonsense design and the everyday features you actually use."
2806,junova-dash-cam-zen,Junova Dash Cam Zen,Junova,Cameras,SK-2806-JU,"The Junova Dash Cam Zen. A dependable cameras pick with a clean, no-nonsense design and the everyday features you actually use."
2956,brightwell-range-extender-arc,Brightwell Range Extender Arc,Brightwell,Networking,SK-2956-BR,"The Brightwell Range Extender Arc. A dependable networking pick with a clean, no-nonsense design and the everyday features you actually use."
2099,pinecrest-racing-wheel-go,Pinecrest Racing Wheel Go,Pinecrest,Gaming,SK-2099-PI,"The Pinecrest Racing Wheel Go. A dependable gaming pick with a clean, no-nonsense design and the everyday features you actually use."
2425,tamarack-dumbbell-set-flex,Tamarack Dumbbell Set Flex,Tamarack,Fitness,SK-2425-TA,"The Tamarack Dumbbell Set Flex. A dependable fitness pick with a clean, no-nonsense design and the everyday features you actually use."
2949,mosella-midi-keyboard-arc,Mosella MIDI Keyboard Arc,Mosella,Instruments,SK-2949-MO,"The Mosella MIDI Keyboard Arc. A dependable instruments pick with a clean, no-nonsense design and the everyday features you actually use."
2734,veloria-slate-aero,Veloria Slate Aero,Veloria,Tablets,SK-2734-VE,"The Veloria Slate Aero. A dependable tablets pick with a clean, no-nonsense design and the everyday features you actually use."
2738,redwick-handheld-console-aero,Redwick Handheld Console Aero,Redwick,Gaming,SK-2738-RE,"The Redwick Handheld Console Aero. A dependable gaming pick with a clean, no-nonsense design and the everyday features you actually use."
2087,quarrow-trail-camera-go,Quarrow Trail Camera Go,Quarrow,Cameras,SK-2087-QU,"The Quarrow Trail Camera Go. A dependable cameras pick with a clean, no-nonsense design and the everyday features you actually use."
2635,tamarack-network-switch-nano,Tamarack Network Switch Nano,Tamarack,Networking,SK-2635-TA,"The Tamarack Network Switch Nano. A dependable networking pick with a clean, no-nonsense design and the everyday features you actually use."
2790,veloria-violin-aero,Veloria Violin Aero,Veloria,Instruments,SK-2790-VE,"The Veloria Violin Aero. A dependable instruments pick with a clean, no-nonsense design and the everyday features you actually use."
2879,mosella-nas-enclosure-zen,Mosella NAS Enclosure Zen,Mosella,Networking,SK-2879-MO,"The Mosella NAS Enclosure Zen. A dependable networking pick with a clean, no-nonsense design and the everyday features you actually use."
2360,redwick-camp-chair-prime,Redwick Camp Chair Prime,Redwick,Outdoor,SK-2360-RE,"The Redwick Camp Chair Prime. A dependable outdoor pick with a clean, no-nonsense design and the everyday features you actually use."
2020,veloria-arcade-stick-one,Veloria Arcade Stick One,Veloria,Gaming,SK-2020-VE,"The Veloria Arcade Stick One. A dependable gaming pick with a clean, no-nonsense design and the everyday features you actually use."
2386,junova-ukulele-prime,Junova Ukulele Prime,Junova,Instruments,SK-2386-JU,"The Junova Ukulele Prime. A dependable instruments pick with a clean, no-nonsense design and the everyday features you actually use."
2540,junova-hair-straightener-ultra,Junova Hair Straightener Ultra,Junova,Personal Care,SK-2540-JU,"The Junova Hair Straightener Ultra. A dependable personal care pick with a clean, no-nonsense design and the everyday features you actually use."
2331,halvard-drawing-tablet-prime,Halvard Drawing Tablet Prime,Halvard,Tablets,SK-2331-HA,"The Halvard Drawing Tablet Prime. A dependable tablets pick with a clean, no-nonsense design and the everyday features you actually use."
2624,junova-epilator-nano,Junova Epilator Nano,Junova,Personal Care,SK-2624-JU,"The Junova Epilator Nano. A dependable personal care pick with a clean, no-nonsense design and the everyday features you actually use."
2109,mosella-kettlebell-go,Mosella Kettlebell Go,Mosella,Fitness,SK-2109-MO,"The Mosella Kettlebell Go. A dependable fitness pick with a clean, no-nonsense design and the everyday features you actually use."
2726,tundrel-dash-cam-aero,Tundrel Dash Cam Aero,Tundrel,Cameras,SK-2726-TU,"The Tundrel Dash Cam Aero. A dependable cameras pick with a clean, no-nonsense design and the everyday features you actually use."
2465,quarrow-digital-piano-flex,Quarrow Digital Piano Flex,Quarrow,Instruments,SK-2465-QU,"The Quarrow Digital Piano Flex. A dependable instruments pick with a clean, no-nonsense design and the everyday features you actually use."
2844,brightwell-desk-lamp-zen,Brightwell Desk Lamp Zen,Brightwell,Office,SK-2844-BR,"The Brightwell Desk Lamp Zen. A dependable office pick with a clean, no-nonsense design and the everyday features you actually use."
2544,tundrel-epilator-ultra,Tundrel Epilator Ultra,Tundrel,Personal Care,SK-2544-TU,"The Tundrel Epilator Ultra. A dependable personal care pick with a clean, no-nonsense design and the everyday features you actually use."
2483,orbisk-instant-camera-ultra,Orbisk Instant Camera Ultra,Orbisk,Cameras,SK-2483-OR,"The Orbisk Instant Camera Ultra. A dependable cameras pick with a clean, no-nonsense design and the everyday features you actually use."
2387,halvard-acoustic-guitar-prime,Halvard Acoustic Guitar Prime,Halvard,Instruments,SK-2387-HA,"The Halvard Acoustic Guitar Prime. A dependable instruments pick with a clean, no-nonsense design and the everyday features you actually use."
2626,redwick-ukulele-nano,Redwick Ukulele Nano,Redwick,Instruments,SK-2626-RE,"The Redwick Ukulele Nano. A dependable instruments pick with a clean, no-nonsense design and the everyday features you actually use."
2315,orbisk-network-switch-core,Orbisk Network Switch Core,Orbisk,Networking,SK-2315-OR,"The Orbisk Network Switch Core. A dependable networking pick with a clean, no-nonsense design and the everyday features you actually use."
2625,halvard-digital-piano-nano,Halvard Digital Piano Nano,Halvard,Instruments,SK-2625-HA,"The Halvard Digital Piano Nano. A dependable instruments pick with a clean, no-nonsense design and the everyday features you actually use."
2032,brightwell-pull-up-bar-one,Brightwell Pull-up Bar One,Brightwell,Fitness,SK-2032-BR,"The Brightwell Pull-up Bar One. A dependable fitness pick with a clean, no-nonsense design and the everyday features you actually use."
2689,quarrow-floor-lamp-duo,Quarrow Floor Lamp Duo,Quarrow,Lighting,SK-2689-QU,"The Quarrow Floor Lamp Duo. A dependable lighting pick with a clean, no-nonsense design and the everyday features you actually use."
2561,pinecrest-mirrorless-camera-nano,Pinecrest Mirrorless Camera Nano,Pinecrest,Cameras,SK-2561-PI,"The Pinecrest Mirrorless Camera Nano. A dependable cameras pick with a clean, no-nonsense design and the everyday features you actually use."
2231,orbisk-cajon-edge,Orbisk Cajon Edge,Orbisk,Instruments,SK-2231-OR,"The Orbisk Cajon Edge. A dependable instruments pick with a clean, no-nonsense design and the everyday features you actually use."
2725,mosella-film-scanner-aero,Mosella Film Scanner Aero,Mosella,Cameras,SK-2725-MO,"The Mosella Film Scanner Aero. A dependable cameras pick with a clean, no-nonsense design and the everyday features you actually use."
2514,redwick-sleeping-bag-ultra,Redwick Sleeping Bag Ultra,Redwick,Outdoor,SK-2514-RE,"The Redwick Sleeping Bag Ultra. A dependable outdoor pick with a clean, no-nonsense design and the everyday features you actually use."
2855,pinecrest-wall-sconce-zen,Pinecrest Wall Sconce Zen,Pinecrest,Lighting,SK-2855-PI,"The Pinecrest Wall Sconce Zen. A dependable lighting pick with a clean, no-nonsense design and the everyday features you actually use."
2226,solvane-ukulele-edge,Solvane Ukulele Edge,Solvane,Instruments,SK-2226-SO,"The Solvane Ukulele Edge. A dependable instruments pick with a clean, no-nonsense design and the everyday features you actually use."
2323,pinecrest-instant-camera-prime,Pinecrest Instant Camera Prime,Pinecrest,Cameras,SK-2323-PI,"The Pinecrest Instant Camera Prime. A dependable cameras pick with a clean, no-nonsense design and the everyday features you actually use."
2903,orbisk-flight-stick-arc,Orbisk Flight Stick Arc,Orbisk,Gaming,SK-2903-OR,"The Orbisk Flight Stick Arc. A dependable gaming pick with a clean, no-nonsense design and the everyday features you actually use."
2237,lumeno-powerline-adapter-edge,Lumeno Powerline Adapter Edge,Lumeno,Networking,SK-2237-LU,"The Lumeno Powerline Adapter Edge. A dependable networking pick with a clean, no-nonsense design and the everyday features you actually use."
2333,mosella-note-pad-prime,Mosella Note Pad Prime,Mosella,Tablets,SK-2333-MO,"The Mosella Note Pad Prime. A dependable tablets pick with a clean, no-nonsense design and the everyday features you actually use."
2893,mosella-note-pad-arc,Mosella Note Pad Arc,Mosella,Tablets,SK-2893-MO,"The Mosella Note Pad Arc. A dependable tablets pick with a clean, no-nonsense design and the everyday features you actually use."
2691,tamarack-pendant-light-duo,Tamarack Pendant Light Duo,Tamarack,Lighting,SK-2691-TA,"The Tamarack Pendant Light Duo. A dependable lighting pick with a clean, no-nonsense design and the everyday features you actually use."
2122,redwick-standing-desk-go,Redwick Standing Desk Go,Redwick,Office,SK-2122-RE,"The Redwick Standing Desk Go. A dependable office pick with a clean, no-nonsense design and the everyday features you actually use."
2240,solvane-5g-hotspot-edge,Solvane 5G Hotspot Edge,Solvane,Networking,SK-2240-SO,"The Solvane 5G Hotspot Edge. A dependable networking pick with a clean, no-nonsense design and the everyday features you actually use."
2392,saffrix-synthesizer-prime,Saffrix Synthesizer Prime,Saffrix,Instruments,SK-2392-SA,"The Saffrix Synthesizer Prime. A dependable instruments pick with a clean, no-nonsense design and the everyday features you actually use."
2024,redwick-vr-headset-one,Redwick VR Headset One,Redwick,Gaming,SK-2024-RE,"The Redwick VR Headset One. A dependable gaming pick with a clean, no-nonsense design and the everyday features you actually use."
2418,tundrel-handheld-console-flex,Tundrel Handheld Console Flex,Tundrel,Gaming,SK-2418-TU,"The Tundrel Handheld Console Flex. A dependable gaming pick with a clean, no-nonsense design and the everyday features you actually use."
2279,lumeno-hammock-core,Lumeno Hammock Core,Lumeno,Outdoor,SK-2279-LU,"The Lumeno Hammock Core. A dependable outdoor pick with a clean, no-nonsense design and the everyday features you actually use."
2441,orbisk-desk-chair-flex,Orbisk Desk Chair Flex,Orbisk,Office,SK-2441-OR,"The Orbisk Desk Chair Flex. A dependable office pick with a clean, no-nonsense design and the everyday features you actually use."
2883,pinecrest-instant-camera-arc,Pinecrest Instant Camera Arc,Pinecrest,Cameras,SK-2883-PI,"The Pinecrest Instant Camera Arc. A dependable cameras pick with a clean, no-nonsense design and the everyday features you actually use."
2301,orbisk-massager-core,Orbisk Massager Core,Orbisk,Personal Care,SK-2301-OR,"The Orbisk Massager Core. A dependable personal care pick with a clean, no-nonsense design and the everyday features you actually use."
2688,solvane-desk-organiser-duo,Solvane Desk Organiser Duo,Solvane,Office,SK-2688-SO,"The Solvane Desk Organiser Duo. A dependable office pick with a clean, no-nonsense design and the everyday features you actually use."
2456,junova-light-bar-flex,Junova Light Bar Flex,Junova,Lighting,SK-2456-JU,"The Junova Light Bar Flex. A dependable lighting pick with a clean, no-nonsense design and the everyday features you actually use."
2672,saffrix-pull-up-bar-duo,Saffrix Pull-up Bar Duo,Saffrix,Fitness,SK-2672-SA,"The Saffrix Pull-up Bar Duo. A dependable fitness pick with a clean, no-nonsense design and the everyday features you actually use."
2062,veloria-shaver-one,Veloria Shaver One,Veloria,Personal Care,SK-2062-VE,"The Veloria Shaver One. A dependable personal care pick with a clean, no-nonsense design and the everyday features you actually use."
2482,veloria-action-camera-ultra,Veloria Action Camera Ultra,Veloria,Cameras,SK-2482-VE,"The Veloria Action Camera Ultra. A dependable cameras pick with a clean, no-nonsense design and the everyday features you actually use."
2250,tundrel-e-reader-core,Tundrel E-Reader Core,Tundrel,Tablets,SK-2250-TU,"The Tundrel E-Reader Core. A dependable tablets pick with a clean, no-nonsense design and the everyday features you actually use."
2216,veloria-light-bar-edge,Veloria Light Bar Edge,Veloria,Lighting,SK-2216-VE,"The Veloria Light Bar Edge. A dependable lighting pick with a clean, no-nonsense design and the everyday features you actually use."
2070,saffrix-violin-one,Saffrix Violin One,Saffrix,Instruments,SK-2070-SA,"The Saffrix Violin One. A dependable instruments pick with a clean, no-nonsense design and the everyday features you actually use."
2629,lumeno-midi-keyboard-nano,Lumeno MIDI Keyboard Nano,Lumeno,Instruments,SK-2629-LU,"The Lumeno MIDI Keyboard Nano. A dependable instruments pick with a clean, no-nonsense design and the everyday features you actually use."
2760,brightwell-camp-chair-aero,Brightwell Camp Chair Aero,Brightwell,Outdoor,SK-2760-BR,"The Brightwell Camp Chair Aero. A dependable outdoor pick with a clean, no-nonsense design and the everyday features you actually use."
2926,solvane-footrest-arc,Solvane Footrest Arc,Solvane,Office,SK-2926-SO,"The Solvane Footrest Arc. A dependable office pick with a clean, no-nonsense design and the everyday features you actually use."
2234,redwick-mesh-system-edge,Redwick Mesh System Edge,Redwick,Networking,SK-2234-RE,"The Redwick Mesh System Edge. A dependable networking pick with a clean, no-nonsense design and the everyday features you actually use."
2696,redwick-light-bar-duo,Redwick Light Bar Duo,Redwick,Lighting,SK-2696-RE,"The Redwick Light Bar Duo. A dependable lighting pick with a clean, no-nonsense design and the everyday features you actually use."
2742,saffrix-capture-card-aero,Saffrix Capture Card Aero,Saffrix,Gaming,SK-2742-SA,"The Saffrix Capture Card Aero. A dependable gaming pick with a clean, no-nonsense design and the everyday features you actually use."
2521,quarrow-desk-chair-ultra,Quarrow Desk Chair Ultra,Quarrow,Office,SK-2521-QU,"The Quarrow Desk Chair Ultra. A dependable office pick with a clean, no-nonsense design and the everyday features you actually use."
2344,junova-vr-headset-prime,Junova VR Headset Prime,Junova,Gaming,SK-2344-JU,"The Junova VR Headset Prime. A dependable gaming pick with a clean, no-nonsense design and the everyday features you actually use."
2296,solvane-light-bar-core,Solvane Light Bar Core,Solvane,Lighting,SK-2296-SO,"The Solvane Light Bar Core. A dependable lighting pick with a clean, no-nonsense design and the everyday features you actually use."
2143,quarrow-grooming-kit-go,Quarrow Grooming Kit Go,Quarrow,Personal Care,SK-2143-QU,"The Quarrow Grooming Kit Go. A dependable personal care pick with a clean, no-nonsense design and the everyday features you actually use."
2429,halvard-kettlebell-flex,Halvard Kettlebell Flex,Halvard,Fitness,SK-2429-HA,"The Halvard Kettlebell Flex. A dependable fitness pick with a clean, no-nonsense design and the everyday features you actually use."
2907,mosella-rowing-machine-arc,Mosella Rowing Machine Arc,Mosella,Fitness,SK-2907-MO,"The Mosella Rowing Machine Arc. A dependable fitness pick with a clean, no-nonsense design and the everyday features you actually use."
2597,halvard-headlamp-nano,Halvard Headlamp Nano,Halvard,Outdoor,SK-2597-HA,"The Halvard Headlamp Nano. A dependable outdoor pick with a clean, no-nonsense design and the everyday features you actually use."
2802,brightwell-action-camera-zen,Brightwell Action Camera Zen,Brightwell,Cameras,SK-2802-BR,"The Brightwell Action Camera Zen. A dependable cameras pick with a clean, no-nonsense design and the everyday features you actually use."
2232,junova-synthesizer-edge,Junova Synthesizer Edge,Junova,Instruments,SK-2232-JU,"The Junova Synthesizer Edge. A dependable instruments pick with a clean, no-nonsense design and the everyday features you actually use."
2535,quarrow-wall-sconce-ultra,Quarrow Wall Sconce Ultra,Quarrow,Lighting,SK-2535-QU,"The Quarrow Wall Sconce Ultra. A dependable lighting pick with a clean, no-nonsense design and the everyday features you actually use."
2278,tundrel-cooler-box-core,Tundrel Cooler Box Core,Tundrel,Outdoor,SK-2278-TU,"The Tundrel Cooler Box Core. A dependable outdoor pick with a clean, no-nonsense design and the everyday features you actually use."
2192,redwick-pull-up-bar-edge,Redwick Pull-up Bar Edge,Redwick,Fitness,SK-2192-RE,"The Redwick Pull-up Bar Edge. A dependable fitness pick with a clean, no-nonsense design and the everyday features you actually use."
2547,pinecrest-acoustic-guitar-ultra,Pinecrest Acoustic Guitar Ultra,Pinecrest,Instruments,SK-2547-PI,"The Pinecrest Acoustic Guitar Ultra. A dependable instruments pick with a clean, no-nonsense design and the everyday features you actually use."
2614,tundrel-lantern-nano,Tundrel Lantern Nano,Tundrel,Lighting,SK-2614-TU,"The Tundrel Lantern Nano. A dependable lighting pick with a clean, no-nonsense design and the everyday features you actually use."
2157,quarrow-powerline-adapter-go,Quarrow Powerline Adapter Go,Quarrow,Networking,SK-2157-QU,"The Quarrow Powerline Adapter Go. A dependable networking pick with a clean, no-nonsense design and the everyday features you actually use."
2023,halvard-flight-stick-one,Halvard Flight Stick One,Halvard,Gaming,SK-2023-HA,"The Halvard Flight Stick One. A dependable gaming pick with a clean, no-nonsense design and the everyday features you actually use."
2670,tundrel-spin-bike-duo,Tundrel Spin Bike Duo,Tundrel,Fitness,SK-2670-TU,"The Tundrel Spin Bike Duo. A dependable fitness pick with a clean, no-nonsense design and the everyday features you actually use."
2637,orbisk-powerline-adapter-nano,Orbisk Powerline Adapter Nano,Orbisk,Networking,SK-2637-OR,"The Orbisk Powerline Adapter Nano. A dependable networking pick with a clean, no-nonsense design and the everyday features you actually use."
2789,tamarack-midi-keyboard-aero,Tamarack MIDI Keyboard Aero,Tamarack,Instruments,SK-2789-TA,"The Tamarack MIDI Keyboard Aero. A dependable instruments pick with a clean, no-nonsense design and the everyday features you actually use."
2054,tundrel-lantern-one,Tundrel Lantern One,Tundrel,Lighting,SK-2054-TU,"The Tundrel Lantern One. A dependable lighting pick with a clean, no-nonsense design and the everyday features you actually use."
2137,mosella-hair-dryer-go,Mosella Hair Dryer Go,Mosella,Personal Care,SK-2137-MO,"The Mosella Hair Dryer Go. A dependable personal care pick with a clean, no-nonsense design and the everyday features you actually use."
2174,veloria-slate-edge,Veloria Slate Edge,Veloria,Tablets,SK-2174-VE,"The Veloria Slate Edge. A dependable tablets pick with a clean, no-nonsense design and the everyday features you actually use."
2830,brightwell-spin-bike-zen,Brightwell Spin Bike Zen,Brightwell,Fitness,SK-2830-BR,"The Brightwell Spin Bike Zen. A dependable fitness pick with a clean, no-nonsense design and the everyday features you actually use."
2527,halvard-bookshelf-ultra,Halvard Bookshelf Ultra,Halvard,Office,SK-2527-HA,"The Halvard Bookshelf Ultra. A dependable office pick with a clean, no-nonsense design and the everyday features you actually use."
2591,quarrow-foam-roller-nano,Quarrow Foam Roller Nano,Quarrow,Fitness,SK-2591-QU,"The Quarrow Foam Roller Nano. A dependable fitness pick with a clean, no-nonsense design and the everyday features you actually use."
2490,saffrix-e-reader-ultra,Saffrix E-Reader Ultra,Saffrix,Tablets,SK-2490-SA,"The Saffrix E-Reader Ultra. A dependable tablets pick with a clean, no-nonsense design and the everyday features you actually use."
2338,solvane-handheld-console-prime,Solvane Handheld Console Prime,Solvane,Gaming,SK-2338-SO,"The Solvane Handheld Console Prime. A dependable gaming pick with a clean, no-nonsense design and the everyday features you actually use."
2923,lumeno-monitor-arm-arc,Lumeno Monitor Arm Arc,Lumeno,Office,SK-2923-LU,"The Lumeno Monitor Arm Arc. A dependable office pick with a clean, no-nonsense design and the everyday features you actually use."
2007,orbisk-trail-camera-one,Orbisk Trail Camera One,Orbisk,Cameras,SK-2007-OR,"The Orbisk Trail Camera One. A dependable cameras pick with a clean, no-nonsense design and the everyday features you actually use."
2513,halvard-tent-ultra,Halvard Tent Ultra,Halvard,Outdoor,SK-2513-HA,"The Halvard Tent Ultra. A dependable outdoor pick with a clean, no-nonsense design and the everyday features you actually use."
2917,orbisk-headlamp-arc,Orbisk Headlamp Arc,Orbisk,Outdoor,SK-2917-OR,"The Orbisk Headlamp Arc. A dependable outdoor pick with a clean, no-nonsense design and the everyday features you actually use."
2175,orbisk-foldable-tablet-edge,Orbisk Foldable Tablet Edge,Orbisk,Tablets,SK-2175-OR,"The Orbisk Foldable Tablet Edge. A dependable tablets pick with a clean, no-nonsense design and the everyday features you actually use."
2555,halvard-network-switch-ultra,Halvard Network Switch Ultra,Halvard,Networking,SK-2555-HA,"The Halvard Network Switch Ultra. A dependable networking pick with a clean, no-nonsense design and the everyday features you actually use."
2220,redwick-hair-straightener-edge,Redwick Hair Straightener Edge,Redwick,Personal Care,SK-2220-RE,"The Redwick Hair Straightener Edge. A dependable personal care pick with a clean, no-nonsense design and the everyday features you actually use."
2542,redwick-shaver-ultra,Redwick Shaver Ultra,Redwick,Personal Care,SK-2542-RE,"The Redwick Shaver Ultra. A dependable personal care pick with a clean, no-nonsense design and the everyday features you actually use."
2292,tundrel-smart-panel-core,Tundrel Smart Panel Core,Tundrel,Lighting,SK-2292-TU,"The Tundrel Smart Panel Core. A dependable lighting pick with a clean, no-nonsense design and the everyday features you actually use."
2665,orbisk-dumbbell-set-duo,Orbisk Dumbbell Set Duo,Orbisk,Fitness,SK-2665-OR,"The Orbisk Dumbbell Set Duo. A dependable fitness pick with a clean, no-nonsense design and the everyday features you actually use."
2422,solvane-capture-card-flex,Solvane Capture Card Flex,Solvane,Gaming,SK-2422-SO,"The Solvane Capture Card Flex. A dependable gaming pick with a clean, no-nonsense design and the everyday features you actually use."
2083,lumeno-instant-camera-go,Lumeno Instant Camera Go,Lumeno,Cameras,SK-2083-LU,"The Lumeno Instant Camera Go. A dependable cameras pick with a clean, no-nonsense design and the everyday features you actually use."
2778,junova-beard-trimmer-aero,Junova Beard Trimmer Aero,Junova,Personal Care,SK-2778-JU,"The Junova Beard Trimmer Aero. A dependable personal care pick with a clean, no-nonsense design and the everyday features you actually use."
2330,junova-e-reader-prime,Junova E-Reader Prime,Junova,Tablets,SK-2330-JU,"The Junova E-Reader Prime. A dependable tablets pick with a clean, no-nonsense design and the everyday features you actually use."
2149,halvard-midi-keyboard-go,Halvard MIDI Keyboard Go,Halvard,Instruments,SK-2149-HA,"The Halvard MIDI Keyboard Go. A dependable instruments pick with a clean, no-nonsense design and the everyday features you actually use."
2940,solvane-hair-straightener-arc,Solvane Hair Straightener Arc,Solvane,Personal Care,SK-2940-SO,"The Solvane Hair Straightener Arc. A dependable personal care pick with a clean, no-nonsense design and the everyday features you actually use."
2273,orbisk-tent-core,Orbisk Tent Core,Orbisk,Outdoor,SK-2273-OR,"The Orbisk Tent Core. A dependable outdoor pick with a clean, no-nonsense design and the everyday features you actually use."
2711,mosella-cajon-duo,Mosella Cajon Duo,Mosella,Instruments,SK-2711-MO,"The Mosella Cajon Duo. A dependable instruments pick with a clean, no-nonsense design and the everyday features you actually use."
2599,mosella-hammock-nano,Mosella Hammock Nano,Mosella,Outdoor,SK-2599-MO,"The Mosella Hammock Nano. A dependable outdoor pick with a clean, no-nonsense design and the everyday features you actually use."
2739,mosella-racing-wheel-aero,Mosella Racing Wheel Aero,Mosella,Gaming,SK-2739-MO,"The Mosella Racing Wheel Aero. A dependable gaming pick with a clean, no-nonsense design and the everyday features you actually use."
2061,tamarack-massager-one,Tamarack Massager One,Tamarack,Personal Care,SK-2061-TA,"The Tamarack Massager One. A dependable personal care pick with a clean, no-nonsense design and the everyday features you actually use."
2034,veloria-sleeping-bag-one,Veloria Sleeping Bag One,Veloria,Outdoor,SK-2034-VE,"The Veloria Sleeping Bag One. A dependable outdoor pick with a clean, no-nonsense design and the everyday features you actually use."
2941,quarrow-massager-arc,Quarrow Massager Arc,Quarrow,Personal Care,SK-2941-QU,"The Quarrow Massager Arc. A dependable personal care pick with a clean, no-nonsense design and the everyday features you actually use."
2719,tamarack-nas-enclosure-duo,Tamarack NAS Enclosure Duo,Tamarack,Networking,SK-2719-TA,"The Tamarack NAS Enclosure Duo. A dependable networking pick with a clean, no-nonsense design and the everyday features you actually use."
2577,quarrow-controller-nano,Quarrow Controller Nano,Quarrow,Gaming,SK-2577-QU,"The Quarrow Controller Nano. A dependable gaming pick with a clean, no-nonsense design and the everyday features you actually use."
2849,halvard-floor-lamp-zen,Halvard Floor Lamp Zen,Halvard,Lighting,SK-2849-HA,"The Halvard Floor Lamp Zen. A dependable lighting pick with a clean, no-nonsense design and the everyday features you actually use."
2341,tamarack-gaming-headset-prime,Tamarack Gaming Headset Prime,Tamarack,Gaming,SK-2341-TA,"The Tamarack Gaming Headset Prime. A dependable gaming pick with a clean, no-nonsense design and the everyday features you actually use."
2169,pinecrest-tablet-edge,Pinecrest Tablet Edge,Pinecrest,Tablets,SK-2169-PI,"The Pinecrest Tablet Edge. A dependable tablets pick with a clean, no-nonsense design and the everyday features you actually use."
2180,tundrel-arcade-stick-edge,Tundrel Arcade Stick Edge,Tundrel,Gaming,SK-2180-TU,"The Tundrel Arcade Stick Edge. A dependable gaming pick with a clean, no-nonsense design and the everyday features you actually use."
2480,brightwell-5g-hotspot-flex,Brightwell 5G Hotspot Flex,Brightwell,Networking,SK-2480-BR,"The Brightwell 5G Hotspot Flex. A dependable networking pick with a clean, no-nonsense design and the everyday features you actually use."
2529,mosella-floor-lamp-ultra,Mosella Floor Lamp Ultra,Mosella,Lighting,SK-2529-MO,"The Mosella Floor Lamp Ultra. A dependable lighting pick with a clean, no-nonsense design and the everyday features you actually use."
2519,pinecrest-hammock-ultra,Pinecrest Hammock Ultra,Pinecrest,Outdoor,SK-2519-PI,"The Pinecrest Hammock Ultra. A dependable outdoor pick with a clean, no-nonsense design and the everyday features you actually use."
2282,solvane-standing-desk-core,Solvane Standing Desk Core,Solvane,Office,SK-2282-SO,"The Solvane Standing Desk Core. A dependable office pick with a clean, no-nonsense design and the everyday features you actually use."
2348,tundrel-resistance-bands-prime,Tundrel Resistance Bands Prime,Tundrel,Fitness,SK-2348-TU,"The Tundrel Resistance Bands Prime. A dependable fitness pick with a clean, no-nonsense design and the everyday features you actually use."
2937,lumeno-hair-dryer-arc,Lumeno Hair Dryer Arc,Lumeno,Personal Care,SK-2937-LU,"The Lumeno Hair Dryer Arc. A dependable personal care pick with a clean, no-nonsense design and the everyday features you actually use."
2413,orbisk-note-pad-flex,Orbisk Note Pad Flex,Orbisk,Tablets,SK-2413-OR,"The Orbisk Note Pad Flex. A dependable tablets pick with a clean, no-nonsense design and the everyday features you actually use."
2658,saffrix-handheld-console-duo,Saffrix Handheld Console Duo,Saffrix,Gaming,SK-2658-SA,"The Saffrix Handheld Console Duo. A dependable gaming pick with a clean, no-nonsense design and the everyday features you actually use."
2604,solvane-desk-lamp-nano,Solvane Desk Lamp Nano,Solvane,Office,SK-2604-SO,"The Solvane Desk Lamp Nano. A dependable office pick with a clean, no-nonsense design and the everyday features you actually use."
2444,redwick-desk-lamp-flex,Redwick Desk Lamp Flex,Redwick,Office,SK-2444-RE,"The Redwick Desk Lamp Flex. A dependable office pick with a clean, no-nonsense design and the everyday features you actually use."
2091,orbisk-drawing-tablet-go,Orbisk Drawing Tablet Go,Orbisk,Tablets,SK-2091-OR,"The Orbisk Drawing Tablet Go. A dependable tablets pick with a clean, no-nonsense design and the everyday features you actually use."
2383,tamarack-grooming-kit-prime,Tamarack Grooming Kit Prime,Tamarack,Personal Care,SK-2383-TA,"The Tamarack Grooming Kit Prime. A dependable personal care pick with a clean, no-nonsense design and the everyday features you actually use."
2510,veloria-spin-bike-ultra,Veloria Spin Bike Ultra,Veloria,Fitness,SK-2510-VE,"The Veloria Spin Bike Ultra. A dependable fitness pick with a clean, no-nonsense design and the everyday features you actually use."
2074,brightwell-mesh-system-one,Brightwell Mesh System One,Brightwell,Networking,SK-2074-BR,"The Brightwell Mesh System One. A dependable networking pick with a clean, no-nonsense design and the everyday features you actually use."
2647,quarrow-trail-camera-duo,Quarrow Trail Camera Duo,Quarrow,Cameras,SK-2647-QU,"The Quarrow Trail Camera Duo. A dependable cameras pick with a clean, no-nonsense design and the everyday features you actually use."
2822,redwick-capture-card-zen,Redwick Capture Card Zen,Redwick,Gaming,SK-2822-RE,"The Redwick Capture Card Zen. A dependable gaming pick with a clean, no-nonsense design and the everyday features you actually use."
2868,saffrix-electronic-drum-kit-zen,Saffrix Electronic Drum Kit Zen,Saffrix,Instruments,SK-2868-SA,"The Saffrix Electronic Drum Kit Zen. A dependable instruments pick with a clean, no-nonsense design and the everyday features you actually use."
2791,orbisk-cajon-aero,Orbisk Cajon Aero,Orbisk,Instruments,SK-2791-OR,"The Orbisk Cajon Aero. A dependable instruments pick with a clean, no-nonsense design and the everyday features you actually use."
2404,tundrel-vlog-camera-flex,Tundrel Vlog Camera Flex,Tundrel,Cameras,SK-2404-TU,"The Tundrel Vlog Camera Flex. A dependable cameras pick with a clean, no-nonsense design and the everyday features you actually use."
2027,lumeno-rowing-machine-one,Lumeno Rowing Machine One,Lumeno,Fitness,SK-2027-LU,"The Lumeno Rowing Machine One. A dependable fitness pick with a clean, no-nonsense design and the everyday features you actually use."
2587,lumeno-rowing-machine-nano,Lumeno Rowing Machine Nano,Lumeno,Fitness,SK-2587-LU,"The Lumeno Rowing Machine Nano. A dependable fitness pick with a clean, no-nonsense design and the everyday features you actually use."
2156,solvane-range-extender-go,Solvane Range Extender Go,Solvane,Networking,SK-2156-SO,"The Solvane Range Extender Go. A dependable networking pick with a clean, no-nonsense design and the everyday features you actually use."
2204,junova-desk-lamp-edge,Junova Desk Lamp Edge,Junova,Office,SK-2204-JU,"The Junova Desk Lamp Edge. A dependable office pick with a clean, no-nonsense design and the everyday features you actually use."
2551,tamarack-cajon-ultra,Tamarack Cajon Ultra,Tamarack,Instruments,SK-2551-TA,"The Tamarack Cajon Ultra. A dependable instruments pick with a clean, no-nonsense design and the everyday features you actually use."
2850,redwick-led-strip-zen,Redwick LED Strip Zen,Redwick,Lighting,SK-2850-RE,"The Redwick LED Strip Zen. A dependable lighting pick with a clean, no-nonsense design and the everyday features you actually use."
2505,pinecrest-dumbbell-set-ultra,Pinecrest Dumbbell Set Ultra,Pinecrest,Fitness,SK-2505-PI,"The Pinecrest Dumbbell Set Ultra. A dependable fitness pick with a clean, no-nonsense design and the everyday features you actually use."
2026,tundrel-yoga-mat-one,Tundrel Yoga Mat One,Tundrel,Fitness,SK-2026-TU,"The Tundrel Yoga Mat One. A dependable fitness pick with a clean, no-nonsense design and the everyday features you actually use."
2069,lumeno-midi-keyboard-one,Lumeno MIDI Keyboard One,Lumeno,Instruments,SK-2069-LU,"The Lumeno MIDI Keyboard One. A dependable instruments pick with a clean, no-nonsense design and the everyday features you actually use."
2382,brightwell-shaver-prime,Brightwell Shaver Prime,Brightwell,Personal Care,SK-2382-BR,"The Brightwell Shaver Prime. A dependable personal care pick with a clean, no-nonsense design and the everyday features you actually use."
2920,redwick-camp-chair-arc,Redwick Camp Chair Arc,Redwick,Outdoor,SK-2920-RE,"The Redwick Camp Chair Arc. A dependable outdoor pick with a clean, no-nonsense design and the everyday features you actually use."
2640,redwick-5g-hotspot-nano,Redwick 5G Hotspot Nano,Redwick,Networking,SK-2640-RE,"The Redwick 5G Hotspot Nano. A dependable networking pick with a clean, no-nonsense design and the everyday features you actually use."
2499,halvard-racing-wheel-ultra,Halvard Racing Wheel Ultra,Halvard,Gaming,SK-2499-HA,"The Halvard Racing Wheel Ultra. A dependable gaming pick with a clean, no-nonsense design and the everyday features you actually use."
2224,saffrix-epilator-edge,Saffrix Epilator Edge,Saffrix,Personal Care,SK-2224-SA,"The Saffrix Epilator Edge. A dependable personal care pick with a clean, no-nonsense design and the everyday features you actually use."
2710,redwick-violin-duo,Redwick Violin Duo,Redwick,Instruments,SK-2710-RE,"The Redwick Violin Duo. A dependable instruments pick with a clean, no-nonsense design and the everyday features you actually use."
2304,redwick-epilator-core,Redwick Epilator Core,Redwick,Personal Care,SK-2304-RE,"The Redwick Epilator Core. A dependable personal care pick with a clean, no-nonsense design and the everyday features you actually use."
2179,mosella-racing-wheel-edge,Mosella Racing Wheel Edge,Mosella,Gaming,SK-2179-MO,"The Mosella Racing Wheel Edge. A dependable gaming pick with a clean, no-nonsense design and the everyday features you actually use."
2812,saffrix-kids-tablet-zen,Saffrix Kids Tablet Zen,Saffrix,Tablets,SK-2812-SA,"The Saffrix Kids Tablet Zen. A dependable tablets pick with a clean, no-nonsense design and the everyday features you actually use."
2573,lumeno-note-pad-nano,Lumeno Note Pad Nano,Lumeno,Tablets,SK-2573-LU,"The Lumeno Note Pad Nano. A dependable tablets pick with a clean, no-nonsense design and the everyday features you actually use."
2578,brightwell-handheld-console-nano,Brightwell Handheld Console Nano,Brightwell,Gaming,SK-2578-BR,"The Brightwell Handheld Console Nano. A dependable gaming pick with a clean, no-nonsense design and the everyday features you actually use."
2516,tundrel-trekking-poles-ultra,Tundrel Trekking Poles Ultra,Tundrel,Outdoor,SK-2516-TU,"The Tundrel Trekking Poles Ultra. A dependable outdoor pick with a clean, no-nonsense design and the everyday features you actually use."
2129,quarrow-floor-lamp-go,Quarrow Floor Lamp Go,Quarrow,Lighting,SK-2129-QU,"The Quarrow Floor Lamp Go. A dependable lighting pick with a clean, no-nonsense design and the everyday features you actually use."
2523,tamarack-monitor-arm-ultra,Tamarack Monitor Arm Ultra,Tamarack,Office,SK-2523-TA,"The Tamarack Monitor Arm Ultra. A dependable office pick with a clean, no-nonsense design and the everyday features you actually use."
2922,tundrel-standing-desk-arc,Tundrel Standing Desk Arc,Tundrel,Office,SK-2922-TU,"The Tundrel Standing Desk Arc. A dependable office pick with a clean, no-nonsense design and the everyday features you actually use."
2731,quarrow-drawing-tablet-aero,Quarrow Drawing Tablet Aero,Quarrow,Tablets,SK-2731-QU,"The Quarrow Drawing Tablet Aero. A dependable tablets pick with a clean, no-nonsense design and the everyday features you actually use."
2775,tamarack-wall-sconce-aero,Tamarack Wall Sconce Aero,Tamarack,Lighting,SK-2775-TA,"The Tamarack Wall Sconce Aero. A dependable lighting pick with a clean, no-nonsense design and the everyday features you actually use."
2158,brightwell-travel-router-go,Brightwell Travel Router Go,Brightwell,Networking,SK-2158-BR,"The Brightwell Travel Router Go. A dependable networking pick with a clean, no-nonsense design and the everyday features you actually use."
2452,brightwell-smart-panel-flex,Brightwell Smart Panel Flex,Brightwell,Lighting,SK-2452-BR,"The Brightwell Smart Panel Flex. A dependable lighting pick with a clean, no-nonsense design and the everyday features you actually use."
2345,halvard-dumbbell-set-prime,Halvard Dumbbell Set Prime,Halvard,Fitness,SK-2345-HA,"The Halvard Dumbbell Set Prime. A dependable fitness pick with a clean, no-nonsense design and the everyday features you actually use."
2249,mosella-tablet-core,Mosella Tablet Core,Mosella,Tablets,SK-2249-MO,"The Mosella Tablet Core. A dependable tablets pick with a clean, no-nonsense design and the everyday features you actually use."
2656,tundrel-rugged-tablet-duo,Tundrel Rugged Tablet Duo,Tundrel,Tablets,SK-2656-TU,"The Tundrel Rugged Tablet Duo. A dependable tablets pick with a clean, no-nonsense design and the everyday features you actually use."
2766,redwick-footrest-aero,Redwick Footrest Aero,Redwick,Office,SK-2766-RE,"The Redwick Footrest Aero. A dependable office pick with a clean, no-nonsense design and the everyday features you actually use."
2197,pinecrest-headlamp-edge,Pinecrest Headlamp Edge,Pinecrest,Outdoor,SK-2197-PI,"The Pinecrest Headlamp Edge. A dependable outdoor pick with a clean, no-nonsense design and the everyday features you actually use."
2683,mosella-monitor-arm-duo,Mosella Monitor Arm Duo,Mosella,Office,SK-2683-MO,"The Mosella Monitor Arm Duo. A dependable office pick with a clean, no-nonsense design and the everyday features you actually use."
2016,solvane-rugged-tablet-one,Solvane Rugged Tablet One,Solvane,Tablets,SK-2016-SO,"The Solvane Rugged Tablet One. A dependable tablets pick with a clean, no-nonsense design and the everyday features you actually use."
2241,quarrow-mirrorless-camera-core,Quarrow Mirrorless Camera Core,Quarrow,Cameras,SK-2241-QU,"The Quarrow Mirrorless Camera Core. A dependable cameras pick with a clean, no-nonsense design and the everyday features you actually use."
2198,solvane-cooler-box-edge,Solvane Cooler Box Edge,Solvane,Outdoor,SK-2198-SO,"The Solvane Cooler Box Edge. A dependable outdoor pick with a clean, no-nonsense design and the everyday features you actually use."
2842,solvane-standing-desk-zen,Solvane Standing Desk Zen,Solvane,Office,SK-2842-SO,"The Solvane Standing Desk Zen. A dependable office pick with a clean, no-nonsense design and the everyday features you actually use."
2946,junova-ukulele-arc,Junova Ukulele Arc,Junova,Instruments,SK-2946-JU,"The Junova Ukulele Arc. A dependable instruments pick with a clean, no-nonsense design and the everyday features you actually use."
2390,tundrel-violin-prime,Tundrel Violin Prime,Tundrel,Instruments,SK-2390-TU,"The Tundrel Violin Prime. A dependable instruments pick with a clean, no-nonsense design and the everyday features you actually use."
2035,orbisk-camp-stove-one,Orbisk Camp Stove One,Orbisk,Outdoor,SK-2035-OR,"The Orbisk Camp Stove One. A dependable outdoor pick with a clean, no-nonsense design and the everyday features you actually use."
2443,halvard-monitor-arm-flex,Halvard Monitor Arm Flex,Halvard,Office,SK-2443-HA,"The Halvard Monitor Arm Flex. A dependable office pick with a clean, no-nonsense design and the everyday features you actually use."
2700,saffrix-hair-straightener-duo,Saffrix Hair Straightener Duo,Saffrix,Personal Care,SK-2700-SA,"The Saffrix Hair Straightener Duo. A dependable personal care pick with a clean, no-nonsense design and the everyday features you actually use."
2942,brightwell-shaver-arc,Brightwell Shaver Arc,Brightwell,Personal Care,SK-2942-BR,"The Brightwell Shaver Arc. A dependable personal care pick with a clean, no-nonsense design and the everyday features you actually use."
2897,pinecrest-controller-arc,Pinecrest Controller Arc,Pinecrest,Gaming,SK-2897-PI,"The Pinecrest Controller Arc. A dependable gaming pick with a clean, no-nonsense design and the everyday features you actually use."
2262,redwick-capture-card-core,Redwick Capture Card Core,Redwick,Gaming,SK-2262-RE,"The Redwick Capture Card Core. A dependable gaming pick with a clean, no-nonsense design and the everyday features you actually use."
2260,junova-arcade-stick-core,Junova Arcade Stick Core,Junova,Gaming,SK-2260-JU,"The Junova Arcade Stick Core. A dependable gaming pick with a clean, no-nonsense design and the everyday features you actually use."
2596,junova-trekking-poles-nano,Junova Trekking Poles Nano,Junova,Outdoor,SK-2596-JU,"The Junova Trekking Poles Nano. A dependable outdoor pick with a clean, no-nonsense design and the everyday features you actually use."
2627,mosella-acoustic-guitar-nano,Mosella Acoustic Guitar Nano,Mosella,Instruments,SK-2627-MO,"The Mosella Acoustic Guitar Nano. A dependable instruments pick with a clean, no-nonsense design and the everyday features you actually use."
2396,brightwell-range-extender-prime,Brightwell Range Extender Prime,Brightwell,Networking,SK-2396-BR,"The Brightwell Range Extender Prime. A dependable networking pick with a clean, no-nonsense design and the everyday features you actually use."
2904,junova-vr-headset-arc,Junova VR Headset Arc,Junova,Gaming,SK-2904-JU,"The Junova VR Headset Arc. A dependable gaming pick with a clean, no-nonsense design and the everyday features you actually use."
2470,junova-violin-flex,Junova Violin Flex,Junova,Instruments,SK-2470-JU,"The Junova Violin Flex. A dependable instruments pick with a clean, no-nonsense design and the everyday features you actually use."
2669,mosella-kettlebell-duo,Mosella Kettlebell Duo,Mosella,Fitness,SK-2669-MO,"The Mosella Kettlebell Duo. A dependable fitness pick with a clean, no-nonsense design and the everyday features you actually use."
2808,redwick-gimbal-zen,Redwick Gimbal Zen,Redwick,Cameras,SK-2808-RE,"The Redwick Gimbal Zen. A dependable cameras pick with a clean, no-nonsense design and the everyday features you actually use."
2777,orbisk-hair-dryer-aero,Orbisk Hair Dryer Aero,Orbisk,Personal Care,SK-2777-OR,"The Orbisk Hair Dryer Aero. A dependable personal care pick with a clean, no-nonsense design and the everyday features you actually use."
2152,tundrel-synthesizer-go,Tundrel Synthesizer Go,Tundrel,Instruments,SK-2152-TU,"The Tundrel Synthesizer Go. A dependable instruments pick with a clean, no-nonsense design and the everyday features you actually use."
2090,veloria-e-reader-go,Veloria E-Reader Go,Veloria,Tablets,SK-2090-VE,"The Veloria E-Reader Go. A dependable tablets pick with a clean, no-nonsense design and the everyday features you actually use."
2705,tamarack-digital-piano-duo,Tamarack Digital Piano Duo,Tamarack,Instruments,SK-2705-TA,"The Tamarack Digital Piano Duo. A dependable instruments pick with a clean, no-nonsense design and the everyday features you actually use."
2837,mosella-headlamp-zen,Mosella Headlamp Zen,Mosella,Outdoor,SK-2837-MO,"The Mosella Headlamp Zen. A dependable outdoor pick with a clean, no-nonsense design and the everyday features you actually use."
2841,pinecrest-desk-chair-zen,Pinecrest Desk Chair Zen,Pinecrest,Office,SK-2841-PI,"The Pinecrest Desk Chair Zen. A dependable office pick with a clean, no-nonsense design and the everyday features you actually use."
2959,orbisk-nas-enclosure-arc,Orbisk NAS Enclosure Arc,Orbisk,Networking,SK-2959-OR,"The Orbisk NAS Enclosure Arc. A dependable networking pick with a clean, no-nonsense design and the everyday features you actually use."
2870,solvane-violin-zen,Solvane Violin Zen,Solvane,Instruments,SK-2870-SO,"The Solvane Violin Zen. A dependable instruments pick with a clean, no-nonsense design and the everyday features you actually use."
2936,tundrel-light-bar-arc,Tundrel Light Bar Arc,Tundrel,Lighting,SK-2936-TU,"The Tundrel Light Bar Arc. A dependable lighting pick with a clean, no-nonsense design and the everyday features you actually use."
2170,solvane-e-reader-edge,Solvane E-Reader Edge,Solvane,Tablets,SK-2170-SO,"The Solvane E-Reader Edge. A dependable tablets pick with a clean, no-nonsense design and the everyday features you actually use."
2257,tamarack-controller-core,Tamarack Controller Core,Tamarack,Gaming,SK-2257-TA,"The Tamarack Controller Core. A dependable gaming pick with a clean, no-nonsense design and the everyday features you actually use."
2646,solvane-dash-cam-duo,Solvane Dash Cam Duo,Solvane,Cameras,SK-2646-SO,"The Solvane Dash Cam Duo. A dependable cameras pick with a clean, no-nonsense design and the everyday features you actually use."
2901,tamarack-gaming-headset-arc,Tamarack Gaming Headset Arc,Tamarack,Gaming,SK-2901-TA,"The Tamarack Gaming Headset Arc. A dependable gaming pick with a clean, no-nonsense design and the everyday features you actually use."
2457,halvard-hair-dryer-flex,Halvard Hair Dryer Flex,Halvard,Personal Care,SK-2457-HA,"The Halvard Hair Dryer Flex. A dependable personal care pick with a clean, no-nonsense design and the everyday features you actually use."
2021,orbisk-gaming-headset-one,Orbisk Gaming Headset One,Orbisk,Gaming,SK-2021-OR,"The Orbisk Gaming Headset One. A dependable gaming pick with a clean, no-nonsense design and the everyday features you actually use."
2364,saffrix-desk-lamp-prime,Saffrix Desk Lamp Prime,Saffrix,Office,SK-2364-SA,"The Saffrix Desk Lamp Prime. A dependable office pick with a clean, no-nonsense design and the everyday features you actually use."
2933,halvard-reading-light-arc,Halvard Reading Light Arc,Halvard,Lighting,SK-2933-HA,"The Halvard Reading Light Arc. A dependable lighting pick with a clean, no-nonsense design and the everyday features you actually use."
2372,junova-smart-panel-prime,Junova Smart Panel Prime,Junova,Lighting,SK-2372-JU,"The Junova Smart Panel Prime. A dependable lighting pick with a clean, no-nonsense design and the everyday features you actually use."
2071,pinecrest-cajon-one,Pinecrest Cajon One,Pinecrest,Instruments,SK-2071-PI,"The Pinecrest Cajon One. A dependable instruments pick with a clean, no-nonsense design and the everyday features you actually use."
2148,junova-electronic-drum-kit-go,Junova Electronic Drum Kit Go,Junova,Instruments,SK-2148-JU,"The Junova Electronic Drum Kit Go. A dependable instruments pick with a clean, no-nonsense design and the everyday features you actually use."
2602,saffrix-standing-desk-nano,Saffrix Standing Desk Nano,Saffrix,Office,SK-2602-SA,"The Saffrix Standing Desk Nano. A dependable office pick with a clean, no-nonsense design and the everyday features you actually use."
2295,pinecrest-wall-sconce-core,Pinecrest Wall Sconce Core,Pinecrest,Lighting,SK-2295-PI,"The Pinecrest Wall Sconce Core. A dependable lighting pick with a clean, no-nonsense design and the everyday features you actually use."
2780,redwick-hair-straightener-aero,Redwick Hair Straightener Aero,Redwick,Personal Care,SK-2780-RE,"The Redwick Hair Straightener Aero. A dependable personal care pick with a clean, no-nonsense design and the everyday features you actually use."
2022,junova-capture-card-one,Junova Capture Card One,Junova,Gaming,SK-2022-JU,"The Junova Capture Card One. A dependable gaming pick with a clean, no-nonsense design and the everyday features you actually use."
2733,tamarack-note-pad-aero,Tamarack Note Pad Aero,Tamarack,Tablets,SK-2733-TA,"The Tamarack Note Pad Aero. A dependable tablets pick with a clean, no-nonsense design and the everyday features you actually use."
2246,junova-dash-cam-core,Junova Dash Cam Core,Junova,Cameras,SK-2246-JU,"The Junova Dash Cam Core. A dependable cameras pick with a clean, no-nonsense design and the everyday features you actually use."
2819,orbisk-racing-wheel-zen,Orbisk Racing Wheel Zen,Orbisk,Gaming,SK-2819-OR,"The Orbisk Racing Wheel Zen. A dependable gaming pick with a clean, no-nonsense design and the everyday features you actually use."
2590,solvane-spin-bike-nano,Solvane Spin Bike Nano,Solvane,Fitness,SK-2590-SO,"The Solvane Spin Bike Nano. A dependable fitness pick with a clean, no-nonsense design and the everyday features you actually use."
2721,orbisk-mirrorless-camera-aero,Orbisk Mirrorless Camera Aero,Orbisk,Cameras,SK-2721-OR,"The Orbisk Mirrorless Camera Aero. A dependable cameras pick with a clean, no-nonsense design and the everyday features you actually use."
2001,pinecrest-mirrorless-camera-one,Pinecrest Mirrorless Camera One,Pinecrest,Cameras,SK-2001-PI,"The Pinecrest Mirrorless Camera One. A dependable cameras pick with a clean, no-nonsense design and the everyday features you actually use."
2342,veloria-capture-card-prime,Veloria Capture Card Prime,Veloria,Gaming,SK-2342-VE,"The Veloria Capture Card Prime. A dependable gaming pick with a clean, no-nonsense design and the everyday features you actually use."
2859,tamarack-electric-toothbrush-zen,Tamarack Electric Toothbrush Zen,Tamarack,Personal Care,SK-2859-TA,"The Tamarack Electric Toothbrush Zen. A dependable personal care pick with a clean, no-nonsense design and the everyday features you actually use."
2823,mosella-flight-stick-zen,Mosella Flight Stick Zen,Mosella,Gaming,SK-2823-MO,"The Mosella Flight Stick Zen. A dependable gaming pick with a clean, no-nonsense design and the everyday features you actually use."
2752,redwick-pull-up-bar-aero,Redwick Pull-up Bar Aero,Redwick,Fitness,SK-2752-RE,"The Redwick Pull-up Bar Aero. A dependable fitness pick with a clean, no-nonsense design and the everyday features you actually use."
2124,tundrel-desk-lamp-go,Tundrel Desk Lamp Go,Tundrel,Office,SK-2124-TU,"The Tundrel Desk Lamp Go. A dependable office pick with a clean, no-nonsense design and the everyday features you actually use."
2209,lumeno-floor-lamp-edge,Lumeno Floor Lamp Edge,Lumeno,Lighting,SK-2209-LU,"The Lumeno Floor Lamp Edge. A dependable lighting pick with a clean, no-nonsense design and the everyday features you actually use."
2796,tundrel-range-extender-aero,Tundrel Range Extender Aero,Tundrel,Networking,SK-2796-TU,"The Tundrel Range Extender Aero. A dependable networking pick with a clean, no-nonsense design and the everyday features you actually use."
2414,junova-slate-flex,Junova Slate Flex,Junova,Tablets,SK-2414-JU,"The Junova Slate Flex. A dependable tablets pick with a clean, no-nonsense design and the everyday features you actually use."
2653,halvard-note-pad-duo,Halvard Note Pad Duo,Halvard,Tablets,SK-2653-HA,"The Halvard Note Pad Duo. A dependable tablets pick with a clean, no-nonsense design and the everyday features you actually use."
2283,quarrow-monitor-arm-core,Quarrow Monitor Arm Core,Quarrow,Office,SK-2283-QU,"The Quarrow Monitor Arm Core. A dependable office pick with a clean, no-nonsense design and the everyday features you actually use."
2307,lumeno-acoustic-guitar-core,Lumeno Acoustic Guitar Core,Lumeno,Instruments,SK-2307-LU,"The Lumeno Acoustic Guitar Core. A dependable instruments pick with a clean, no-nonsense design and the everyday features you actually use."
2905,halvard-dumbbell-set-arc,Halvard Dumbbell Set Arc,Halvard,Fitness,SK-2905-HA,"The Halvard Dumbbell Set Arc. A dependable fitness pick with a clean, no-nonsense design and the everyday features you actually use."
2393,pinecrest-wi-fi-router-prime,Pinecrest Wi-Fi Router Prime,Pinecrest,Networking,SK-2393-PI,"The Pinecrest Wi-Fi Router Prime. A dependable networking pick with a clean, no-nonsense design and the everyday features you actually use."
2086,solvane-dash-cam-go,Solvane Dash Cam Go,Solvane,Cameras,SK-2086-SO,"The Solvane Dash Cam Go. A dependable cameras pick with a clean, no-nonsense design and the everyday features you actually use."
2321,lumeno-mirrorless-camera-prime,Lumeno Mirrorless Camera Prime,Lumeno,Cameras,SK-2321-LU,"The Lumeno Mirrorless Camera Prime. A dependable cameras pick with a clean, no-nonsense design and the everyday features you actually use."
2644,saffrix-vlog-camera-duo,Saffrix Vlog Camera Duo,Saffrix,Cameras,SK-2644-SA,"The Saffrix Vlog Camera Duo. A dependable cameras pick with a clean, no-nonsense design and the everyday features you actually use."
2088,brightwell-gimbal-go,Brightwell Gimbal Go,Brightwell,Cameras,SK-2088-BR,"The Brightwell Gimbal Go. A dependable cameras pick with a clean, no-nonsense design and the everyday features you actually use."
2218,junova-beard-trimmer-edge,Junova Beard Trimmer Edge,Junova,Personal Care,SK-2218-JU,"The Junova Beard Trimmer Edge. A dependable personal care pick with a clean, no-nonsense design and the everyday features you actually use."
2435,pinecrest-camp-stove-flex,Pinecrest Camp Stove Flex,Pinecrest,Outdoor,SK-2435-PI,"The Pinecrest Camp Stove Flex. A dependable outdoor pick with a clean, no-nonsense design and the everyday features you actually use."
2887,tamarack-trail-camera-arc,Tamarack Trail Camera Arc,Tamarack,Cameras,SK-2887-TA,"The Tamarack Trail Camera Arc. A dependable cameras pick with a clean, no-nonsense design and the everyday features you actually use."
2671,lumeno-foam-roller-duo,Lumeno Foam Roller Duo,Lumeno,Fitness,SK-2671-LU,"The Lumeno Foam Roller Duo. A dependable fitness pick with a clean, no-nonsense design and the everyday features you actually use."
2437,quarrow-headlamp-flex,Quarrow Headlamp Flex,Quarrow,Outdoor,SK-2437-QU,"The Quarrow Headlamp Flex. A dependable outdoor pick with a clean, no-nonsense design and the everyday features you actually use."
2029,pinecrest-kettlebell-one,Pinecrest Kettlebell One,Pinecrest,Fitness,SK-2029-PI,"The Pinecrest Kettlebell One. A dependable fitness pick with a clean, no-nonsense design and the everyday features you actually use."
2950,tundrel-violin-arc,Tundrel Violin Arc,Tundrel,Instruments,SK-2950-TU,"The Tundrel Violin Arc. A dependable instruments pick with a clean, no-nonsense design and the everyday features you actually use."
2908,tundrel-resistance-bands-arc,Tundrel Resistance Bands Arc,Tundrel,Fitness,SK-2908-TU,"The Tundrel Resistance Bands Arc. A dependable fitness pick with a clean, no-nonsense design and the everyday features you actually use."
2128,solvane-desk-organiser-go,Solvane Desk Organiser Go,Solvane,Office,SK-2128-SO,"The Solvane Desk Organiser Go. A dependable office pick with a clean, no-nonsense design and the everyday features you actually use."
2861,orbisk-massager-zen,Orbisk Massager Zen,Orbisk,Personal Care,SK-2861-OR,"The Orbisk Massager Zen. A dependable personal care pick with a clean, no-nonsense design and the everyday features you actually use."
2680,junova-camp-chair-duo,Junova Camp Chair Duo,Junova,Outdoor,SK-2680-JU,"The Junova Camp Chair Duo. A dependable outdoor pick with a clean, no-nonsense design and the everyday features you actually use."
2612,redwick-smart-panel-nano,Redwick Smart Panel Nano,Redwick,Lighting,SK-2612-RE,"The Redwick Smart Panel Nano. A dependable lighting pick with a clean, no-nonsense design and the everyday features you actually use."
2582,junova-capture-card-nano,Junova Capture Card Nano,Junova,Gaming,SK-2582-JU,"The Junova Capture Card Nano. A dependable gaming pick with a clean, no-nonsense design and the everyday features you actually use."
2896,saffrix-rugged-tablet-arc,Saffrix Rugged Tablet Arc,Saffrix,Tablets,SK-2896-SA,"The Saffrix Rugged Tablet Arc. A dependable tablets pick with a clean, no-nonsense design and the everyday features you actually use."
2306,tundrel-ukulele-core,Tundrel Ukulele Core,Tundrel,Instruments,SK-2306-TU,"The Tundrel Ukulele Core. A dependable instruments pick with a clean, no-nonsense design and the everyday features you actually use."
2781,mosella-massager-aero,Mosella Massager Aero,Mosella,Personal Care,SK-2781-MO,"The Mosella Massager Aero. A dependable personal care pick with a clean, no-nonsense design and the everyday features you actually use."
2754,tundrel-sleeping-bag-aero,Tundrel Sleeping Bag Aero,Tundrel,Outdoor,SK-2754-TU,"The Tundrel Sleeping Bag Aero. A dependable outdoor pick with a clean, no-nonsense design and the everyday features you actually use."
2853,lumeno-reading-light-zen,Lumeno Reading Light Zen,Lumeno,Lighting,SK-2853-LU,"The Lumeno Reading Light Zen. A dependable lighting pick with a clean, no-nonsense design and the everyday features you actually use."
2280,saffrix-camp-chair-core,Saffrix Camp Chair Core,Saffrix,Outdoor,SK-2280-SA,"The Saffrix Camp Chair Core. A dependable outdoor pick with a clean, no-nonsense design and the everyday features you actually use."
2518,saffrix-cooler-box-ultra,Saffrix Cooler Box Ultra,Saffrix,Outdoor,SK-2518-SA,"The Saffrix Cooler Box Ultra. A dependable outdoor pick with a clean, no-nonsense design and the everyday features you actually use."
2223,lumeno-grooming-kit-edge,Lumeno Grooming Kit Edge,Lumeno,Personal Care,SK-2223-LU,"The Lumeno Grooming Kit Edge. A dependable personal care pick with a clean, no-nonsense design and the everyday features you actually use."
2311,quarrow-cajon-core,Quarrow Cajon Core,Quarrow,Instruments,SK-2311-QU,"The Quarrow Cajon Core. A dependable instruments pick with a clean, no-nonsense design and the everyday features you actually use."
2772,solvane-smart-panel-aero,Solvane Smart Panel Aero,Solvane,Lighting,SK-2772-SO,"The Solvane Smart Panel Aero. A dependable lighting pick with a clean, no-nonsense design and the everyday features you actually use."
2919,halvard-hammock-arc,Halvard Hammock Arc,Halvard,Outdoor,SK-2919-HA,"The Halvard Hammock Arc. A dependable outdoor pick with a clean, no-nonsense design and the everyday features you actually use."
2168,saffrix-gimbal-edge,Saffrix Gimbal Edge,Saffrix,Cameras,SK-2168-SA,"The Saffrix Gimbal Edge. A dependable cameras pick with a clean, no-nonsense design and the everyday features you actually use."
2565,tamarack-film-scanner-nano,Tamarack Film Scanner Nano,Tamarack,Cameras,SK-2565-TA,"The Tamarack Film Scanner Nano. A dependable cameras pick with a clean, no-nonsense design and the everyday features you actually use."
2468,veloria-electronic-drum-kit-flex,Veloria Electronic Drum Kit Flex,Veloria,Instruments,SK-2468-VE,"The Veloria Electronic Drum Kit Flex. A dependable instruments pick with a clean, no-nonsense design and the everyday features you actually use."
2533,pinecrest-reading-light-ultra,Pinecrest Reading Light Ultra,Pinecrest,Lighting,SK-2533-PI,"The Pinecrest Reading Light Ultra. A dependable lighting pick with a clean, no-nonsense design and the everyday features you actually use."
2251,lumeno-drawing-tablet-core,Lumeno Drawing Tablet Core,Lumeno,Tablets,SK-2251-LU,"The Lumeno Drawing Tablet Core. A dependable tablets pick with a clean, no-nonsense design and the everyday features you actually use."
2102,brightwell-capture-card-go,Brightwell Capture Card Go,Brightwell,Gaming,SK-2102-BR,"The Brightwell Capture Card Go. A dependable gaming pick with a clean, no-nonsense design and the everyday features you actually use."
2498,junova-handheld-console-ultra,Junova Handheld Console Ultra,Junova,Gaming,SK-2498-JU,"The Junova Handheld Console Ultra. A dependable gaming pick with a clean, no-nonsense design and the everyday features you actually use."
2605,quarrow-filing-cabinet-nano,Quarrow Filing Cabinet Nano,Quarrow,Office,SK-2605-QU,"The Quarrow Filing Cabinet Nano. A dependable office pick with a clean, no-nonsense design and the everyday features you actually use."
2314,veloria-mesh-system-core,Veloria Mesh System Core,Veloria,Networking,SK-2314-VE,"The Veloria Mesh System Core. A dependable networking pick with a clean, no-nonsense design and the everyday features you actually use."
2894,tundrel-slate-arc,Tundrel Slate Arc,Tundrel,Tablets,SK-2894-TU,"The Tundrel Slate Arc. A dependable tablets pick with a clean, no-nonsense design and the everyday features you actually use."
2101,quarrow-gaming-headset-go,Quarrow Gaming Headset Go,Quarrow,Gaming,SK-2101-QU,"The Quarrow Gaming Headset Go. A dependable gaming pick with a clean, no-nonsense design and the everyday features you actually use."
2945,orbisk-digital-piano-arc,Orbisk Digital Piano Arc,Orbisk,Instruments,SK-2945-OR,"The Orbisk Digital Piano Arc. A dependable instruments pick with a clean, no-nonsense design and the everyday features you actually use."
2698,tundrel-beard-trimmer-duo,Tundrel Beard Trimmer Duo,Tundrel,Personal Care,SK-2698-TU,"The Tundrel Beard Trimmer Duo. A dependable personal care pick with a clean, no-nonsense design and the everyday features you actually use."
2120,junova-camp-chair-go,Junova Camp Chair Go,Junova,Outdoor,SK-2120-JU,"The Junova Camp Chair Go. A dependable outdoor pick with a clean, no-nonsense design and the everyday features you actually use."
2846,veloria-footrest-zen,Veloria Footrest Zen,Veloria,Office,SK-2846-VE,"The Veloria Footrest Zen. A dependable office pick with a clean, no-nonsense design and the everyday features you actually use."
2112,saffrix-pull-up-bar-go,Saffrix Pull-up Bar Go,Saffrix,Fitness,SK-2112-SA,"The Saffrix Pull-up Bar Go. A dependable fitness pick with a clean, no-nonsense design and the everyday features you actually use."
2584,redwick-vr-headset-nano,Redwick VR Headset Nano,Redwick,Gaming,SK-2584-RE,"The Redwick VR Headset Nano. A dependable gaming pick with a clean, no-nonsense design and the everyday features you actually use."
2264,tundrel-vr-headset-core,Tundrel VR Headset Core,Tundrel,Gaming,SK-2264-TU,"The Tundrel VR Headset Core. A dependable gaming pick with a clean, no-nonsense design and the everyday features you actually use."
2800,solvane-5g-hotspot-aero,Solvane 5G Hotspot Aero,Solvane,Networking,SK-2800-SO,"The Solvane 5G Hotspot Aero. A dependable networking pick with a clean, no-nonsense design and the everyday features you actually use."
2958,veloria-travel-router-arc,Veloria Travel Router Arc,Veloria,Networking,SK-2958-VE,"The Veloria Travel Router Arc. A dependable networking pick with a clean, no-nonsense design and the everyday features you actually use."
2478,solvane-travel-router-flex,Solvane Travel Router Flex,Solvane,Networking,SK-2478-SO,"The Solvane Travel Router Flex. A dependable networking pick with a clean, no-nonsense design and the everyday features you actually use."
2417,mosella-controller-flex,Mosella Controller Flex,Mosella,Gaming,SK-2417-MO,"The Mosella Controller Flex. A dependable gaming pick with a clean, no-nonsense design and the everyday features you actually use."
2123,mosella-monitor-arm-go,Mosella Monitor Arm Go,Mosella,Office,SK-2123-MO,"The Mosella Monitor Arm Go. A dependable office pick with a clean, no-nonsense design and the everyday features you actually use."
2686,saffrix-footrest-duo,Saffrix Footrest Duo,Saffrix,Office,SK-2686-SA,"The Saffrix Footrest Duo. A dependable office pick with a clean, no-nonsense design and the everyday features you actually use."
2144,brightwell-epilator-go,Brightwell Epilator Go,Brightwell,Personal Care,SK-2144-BR,"The Brightwell Epilator Go. A dependable personal care pick with a clean, no-nonsense design and the everyday features you actually use."
2674,solvane-sleeping-bag-duo,Solvane Sleeping Bag Duo,Solvane,Outdoor,SK-2674-SO,"The Solvane Sleeping Bag Duo. A dependable outdoor pick with a clean, no-nonsense design and the everyday features you actually use."
2008,junova-gimbal-one,Junova Gimbal One,Junova,Cameras,SK-2008-JU,"The Junova Gimbal One. A dependable cameras pick with a clean, no-nonsense design and the everyday features you actually use."
2788,brightwell-electronic-drum-kit-aero,Brightwell Electronic Drum Kit Aero,Brightwell,Instruments,SK-2788-BR,"The Brightwell Electronic Drum Kit Aero. A dependable instruments pick with a clean, no-nonsense design and the everyday features you actually use."
2882,saffrix-action-camera-arc,Saffrix Action Camera Arc,Saffrix,Cameras,SK-2882-SA,"The Saffrix Action Camera Arc. A dependable cameras pick with a clean, no-nonsense design and the everyday features you actually use."
2564,brightwell-vlog-camera-nano,Brightwell Vlog Camera Nano,Brightwell,Cameras,SK-2564-BR,"The Brightwell Vlog Camera Nano. A dependable cameras pick with a clean, no-nonsense design and the everyday features you actually use."
2502,tundrel-capture-card-ultra,Tundrel Capture Card Ultra,Tundrel,Gaming,SK-2502-TU,"The Tundrel Capture Card Ultra. A dependable gaming pick with a clean, no-nonsense design and the everyday features you actually use."
2735,orbisk-foldable-tablet-aero,Orbisk Foldable Tablet Aero,Orbisk,Tablets,SK-2735-OR,"The Orbisk Foldable Tablet Aero. A dependable tablets pick with a clean, no-nonsense design and the everyday features you actually use."
2399,orbisk-nas-enclosure-prime,Orbisk NAS Enclosure Prime,Orbisk,Networking,SK-2399-OR,"The Orbisk NAS Enclosure Prime. A dependable networking pick with a clean, no-nonsense design and the everyday features you actually use."
2207,mosella-bookshelf-edge,Mosella Bookshelf Edge,Mosella,Office,SK-2207-MO,"The Mosella Bookshelf Edge. A dependable office pick with a clean, no-nonsense design and the everyday features you actually use."
2792,junova-synthesizer-aero,Junova Synthesizer Aero,Junova,Instruments,SK-2792-JU,"The Junova Synthesizer Aero. A dependable instruments pick with a clean, no-nonsense design and the everyday features you actually use."
2746,brightwell-yoga-mat-aero,Brightwell Yoga Mat Aero,Brightwell,Fitness,SK-2746-BR,"The Brightwell Yoga Mat Aero. A dependable fitness pick with a clean, no-nonsense design and the everyday features you actually use."
2388,redwick-electronic-drum-kit-prime,Redwick Electronic Drum Kit Prime,Redwick,Instruments,SK-2388-RE,"The Redwick Electronic Drum Kit Prime. A dependable instruments pick with a clean, no-nonsense design and the everyday features you actually use."
2415,halvard-foldable-tablet-flex,Halvard Foldable Tablet Flex,Halvard,Tablets,SK-2415-HA,"The Halvard Foldable Tablet Flex. A dependable tablets pick with a clean, no-nonsense design and the everyday features you actually use."
2474,tundrel-mesh-system-flex,Tundrel Mesh System Flex,Tundrel,Networking,SK-2474-TU,"The Tundrel Mesh System Flex. A dependable networking pick with a clean, no-nonsense design and the everyday features you actually use."
2504,saffrix-vr-headset-ultra,Saffrix VR Headset Ultra,Saffrix,Gaming,SK-2504-SA,"The Saffrix VR Headset Ultra. A dependable gaming pick with a clean, no-nonsense design and the everyday features you actually use."
2210,saffrix-led-strip-edge,Saffrix LED Strip Edge,Saffrix,Lighting,SK-2210-SA,"The Saffrix LED Strip Edge. A dependable lighting pick with a clean, no-nonsense design and the everyday features you actually use."
2782,tundrel-shaver-aero,Tundrel Shaver Aero,Tundrel,Personal Care,SK-2782-TU,"The Tundrel Shaver Aero. A dependable personal care pick with a clean, no-nonsense design and the everyday features you actually use."
2833,orbisk-tent-zen,Orbisk Tent Zen,Orbisk,Outdoor,SK-2833-OR,"The Orbisk Tent Zen. A dependable outdoor pick with a clean, no-nonsense design and the everyday features you actually use."
2891,halvard-drawing-tablet-arc,Halvard Drawing Tablet Arc,Halvard,Tablets,SK-2891-HA,"The Halvard Drawing Tablet Arc. A dependable tablets pick with a clean, no-nonsense design and the everyday features you actually use."
2139,lumeno-electric-toothbrush-go,Lumeno Electric Toothbrush Go,Lumeno,Personal Care,SK-2139-LU,"The Lumeno Electric Toothbrush Go. A dependable personal care pick with a clean, no-nonsense design and the everyday features you actually use."
2367,quarrow-bookshelf-prime,Quarrow Bookshelf Prime,Quarrow,Office,SK-2367-QU,"The Quarrow Bookshelf Prime. A dependable office pick with a clean, no-nonsense design and the everyday features you actually use."
2609,orbisk-floor-lamp-nano,Orbisk Floor Lamp Nano,Orbisk,Lighting,SK-2609-OR,"The Orbisk Floor Lamp Nano. A dependable lighting pick with a clean, no-nonsense design and the everyday features you actually use."
2178,redwick-handheld-console-edge,Redwick Handheld Console Edge,Redwick,Gaming,SK-2178-RE,"The Redwick Handheld Console Edge. A dependable gaming pick with a clean, no-nonsense design and the everyday features you actually use."
2864,redwick-epilator-zen,Redwick Epilator Zen,Redwick,Personal Care,SK-2864-RE,"The Redwick Epilator Zen. A dependable personal care pick with a clean, no-nonsense design and the everyday features you actually use."
2836,redwick-trekking-poles-zen,Redwick Trekking Poles Zen,Redwick,Outdoor,SK-2836-RE,"The Redwick Trekking Poles Zen. A dependable outdoor pick with a clean, no-nonsense design and the everyday features you actually use."
2714,saffrix-mesh-system-duo,Saffrix Mesh System Duo,Saffrix,Networking,SK-2714-SA,"The Saffrix Mesh System Duo. A dependable networking pick with a clean, no-nonsense design and the everyday features you actually use."
2161,orbisk-mirrorless-camera-edge,Orbisk Mirrorless Camera Edge,Orbisk,Cameras,SK-2161-OR,"The Orbisk Mirrorless Camera Edge. A dependable cameras pick with a clean, no-nonsense design and the everyday features you actually use."
2253,pinecrest-note-pad-core,Pinecrest Note Pad Core,Pinecrest,Tablets,SK-2253-PI,"The Pinecrest Note Pad Core. A dependable tablets pick with a clean, no-nonsense design and the everyday features you actually use."
2236,tundrel-range-extender-edge,Tundrel Range Extender Edge,Tundrel,Networking,SK-2236-TU,"The Tundrel Range Extender Edge. A dependable networking pick with a clean, no-nonsense design and the everyday features you actually use."
2874,veloria-mesh-system-zen,Veloria Mesh System Zen,Veloria,Networking,SK-2874-VE,"The Veloria Mesh System Zen. A dependable networking pick with a clean, no-nonsense design and the everyday features you actually use."
2847,orbisk-bookshelf-zen,Orbisk Bookshelf Zen,Orbisk,Office,SK-2847-OR,"The Orbisk Bookshelf Zen. A dependable office pick with a clean, no-nonsense design and the everyday features you actually use."
2776,veloria-light-bar-aero,Veloria Light Bar Aero,Veloria,Lighting,SK-2776-VE,"The Veloria Light Bar Aero. A dependable lighting pick with a clean, no-nonsense design and the everyday features you actually use."
2957,tamarack-powerline-adapter-arc,Tamarack Powerline Adapter Arc,Tamarack,Networking,SK-2957-TA,"The Tamarack Powerline Adapter Arc. A dependable networking pick with a clean, no-nonsense design and the everyday features you actually use."
2915,tamarack-camp-stove-arc,Tamarack Camp Stove Arc,Tamarack,Outdoor,SK-2915-TA,"The Tamarack Camp Stove Arc. A dependable outdoor pick with a clean, no-nonsense design and the everyday features you actually use."
2078,junova-travel-router-one,Junova Travel Router One,Junova,Networking,SK-2078-JU,"The Junova Travel Router One. A dependable networking pick with a clean, no-nonsense design and the everyday features you actually use."
2116,brightwell-trekking-poles-go,Brightwell Trekking Poles Go,Brightwell,Outdoor,SK-2116-BR,"The Brightwell Trekking Poles Go. A dependable outdoor pick with a clean, no-nonsense design and the everyday features you actually use."
2552,veloria-synthesizer-ultra,Veloria Synthesizer Ultra,Veloria,Instruments,SK-2552-VE,"The Veloria Synthesizer Ultra. A dependable instruments pick with a clean, no-nonsense design and the everyday features you actually use."
2639,halvard-nas-enclosure-nano,Halvard NAS Enclosure Nano,Halvard,Networking,SK-2639-HA,"The Halvard NAS Enclosure Nano. A dependable networking pick with a clean, no-nonsense design and the everyday features you actually use."
2677,tamarack-headlamp-duo,Tamarack Headlamp Duo,Tamarack,Outdoor,SK-2677-TA,"The Tamarack Headlamp Duo. A dependable outdoor pick with a clean, no-nonsense design and the everyday features you actually use."
2877,halvard-powerline-adapter-zen,Halvard Powerline Adapter Zen,Halvard,Networking,SK-2877-HA,"The Halvard Powerline Adapter Zen. A dependable networking pick with a clean, no-nonsense design and the everyday features you actually use."
2546,saffrix-ukulele-ultra,Saffrix Ukulele Ultra,Saffrix,Instruments,SK-2546-SA,"The Saffrix Ukulele Ultra. A dependable instruments pick with a clean, no-nonsense design and the everyday features you actually use."
2763,orbisk-monitor-arm-aero,Orbisk Monitor Arm Aero,Orbisk,Office,SK-2763-OR,"The Orbisk Monitor Arm Aero. A dependable office pick with a clean, no-nonsense design and the everyday features you actually use."
2570,redwick-e-reader-nano,Redwick E-Reader Nano,Redwick,Tablets,SK-2570-RE,"The Redwick E-Reader Nano. A dependable tablets pick with a clean, no-nonsense design and the everyday features you actually use."
2771,pinecrest-pendant-light-aero,Pinecrest Pendant Light Aero,Pinecrest,Lighting,SK-2771-PI,"The Pinecrest Pendant Light Aero. A dependable lighting pick with a clean, no-nonsense design and the everyday features you actually use."
2786,solvane-ukulele-aero,Solvane Ukulele Aero,Solvane,Instruments,SK-2786-SO,"The Solvane Ukulele Aero. A dependable instruments pick with a clean, no-nonsense design and the everyday features you actually use."
2736,junova-rugged-tablet-aero,Junova Rugged Tablet Aero,Junova,Tablets,SK-2736-JU,"The Junova Rugged Tablet Aero. A dependable tablets pick with a clean, no-nonsense design and the everyday features you actually use."
2064,junova-epilator-one,Junova Epilator One,Junova,Personal Care,SK-2064-JU,"The Junova Epilator One. A dependable personal care pick with a clean, no-nonsense design and the everyday features you actually use."
2717,quarrow-powerline-adapter-duo,Quarrow Powerline Adapter Duo,Quarrow,Networking,SK-2717-QU,"The Quarrow Powerline Adapter Duo. A dependable networking pick with a clean, no-nonsense design and the everyday features you actually use."
2857,quarrow-hair-dryer-zen,Quarrow Hair Dryer Zen,Quarrow,Personal Care,SK-2857-QU,"The Quarrow Hair Dryer Zen. A dependable personal care pick with a clean, no-nonsense design and the everyday features you actually use."
2952,saffrix-synthesizer-arc,Saffrix Synthesizer Arc,Saffrix,Instruments,SK-2952-SA,"The Saffrix Synthesizer Arc. A dependable instruments pick with a clean, no-nonsense design and the everyday features you actually use."
2031,quarrow-foam-roller-one,Quarrow Foam Roller One,Quarrow,Fitness,SK-2031-QU,"The Quarrow Foam Roller One. A dependable fitness pick with a clean, no-nonsense design and the everyday features you actually use."
2426,veloria-yoga-mat-flex,Veloria Yoga Mat Flex,Veloria,Fitness,SK-2426-VE,"The Veloria Yoga Mat Flex. A dependable fitness pick with a clean, no-nonsense design and the everyday features you actually use."
2408,solvane-gimbal-flex,Solvane Gimbal Flex,Solvane,Cameras,SK-2408-SO,"The Solvane Gimbal Flex. A dependable cameras pick with a clean, no-nonsense design and the everyday features you actually use."
2758,solvane-cooler-box-aero,Solvane Cooler Box Aero,Solvane,Outdoor,SK-2758-SO,"The Solvane Cooler Box Aero. A dependable outdoor pick with a clean, no-nonsense design and the everyday features you actually use."
2195,lumeno-camp-stove-edge,Lumeno Camp Stove Edge,Lumeno,Outdoor,SK-2195-LU,"The Lumeno Camp Stove Edge. A dependable outdoor pick with a clean, no-nonsense design and the everyday features you actually use."
2402,redwick-action-camera-flex,Redwick Action Camera Flex,Redwick,Cameras,SK-2402-RE,"The Redwick Action Camera Flex. A dependable cameras pick with a clean, no-nonsense design and the everyday features you actually use."
2928,brightwell-desk-organiser-arc,Brightwell Desk Organiser Arc,Brightwell,Office,SK-2928-BR,"The Brightwell Desk Organiser Arc. A dependable office pick with a clean, no-nonsense design and the everyday features you actually use."
2592,brightwell-pull-up-bar-nano,Brightwell Pull-up Bar Nano,Brightwell,Fitness,SK-2592-BR,"The Brightwell Pull-up Bar Nano. A dependable fitness pick with a clean, no-nonsense design and the everyday features you actually use."
2880,tundrel-5g-hotspot-zen,Tundrel 5G Hotspot Zen,Tundrel,Networking,SK-2880-TU,"The Tundrel 5G Hotspot Zen. A dependable networking pick with a clean, no-nonsense design and the everyday features you actually use."
2355,tamarack-camp-stove-prime,Tamarack Camp Stove Prime,Tamarack,Outdoor,SK-2355-TA,"The Tamarack Camp Stove Prime. A dependable outdoor pick with a clean, no-nonsense design and the everyday features you actually use."
2475,lumeno-network-switch-flex,Lumeno Network Switch Flex,Lumeno,Networking,SK-2475-LU,"The Lumeno Network Switch Flex. A dependable networking pick with a clean, no-nonsense design and the everyday features you actually use."
2826,saffrix-yoga-mat-zen,Saffrix Yoga Mat Zen,Saffrix,Fitness,SK-2826-SA,"The Saffrix Yoga Mat Zen. A dependable fitness pick with a clean, no-nonsense design and the everyday features you actually use."
2769,lumeno-floor-lamp-aero,Lumeno Floor Lamp Aero,Lumeno,Lighting,SK-2769-LU,"The Lumeno Floor Lamp Aero. A dependable lighting pick with a clean, no-nonsense design and the everyday features you actually use."
2730,solvane-e-reader-aero,Solvane E-Reader Aero,Solvane,Tablets,SK-2730-SO,"The Solvane E-Reader Aero. A dependable tablets pick with a clean, no-nonsense design and the everyday features you actually use."
2177,halvard-controller-edge,Halvard Controller Edge,Halvard,Gaming,SK-2177-HA,"The Halvard Controller Edge. A dependable gaming pick with a clean, no-nonsense design and the everyday features you actually use."
2795,mosella-network-switch-aero,Mosella Network Switch Aero,Mosella,Networking,SK-2795-MO,"The Mosella Network Switch Aero. A dependable networking pick with a clean, no-nonsense design and the everyday features you actually use."
2489,lumeno-tablet-ultra,Lumeno Tablet Ultra,Lumeno,Tablets,SK-2489-LU,"The Lumeno Tablet Ultra. A dependable tablets pick with a clean, no-nonsense design and the everyday features you actually use."
2442,junova-standing-desk-flex,Junova Standing Desk Flex,Junova,Office,SK-2442-JU,"The Junova Standing Desk Flex. A dependable office pick with a clean, no-nonsense design and the everyday features you actually use."
2432,tundrel-pull-up-bar-flex,Tundrel Pull-up Bar Flex,Tundrel,Fitness,SK-2432-TU,"The Tundrel Pull-up Bar Flex. A dependable fitness pick with a clean, no-nonsense design and the everyday features you actually use."
2818,veloria-handheld-console-zen,Veloria Handheld Console Zen,Veloria,Gaming,SK-2818-VE,"The Veloria Handheld Console Zen. A dependable gaming pick with a clean, no-nonsense design and the everyday features you actually use."
2479,quarrow-nas-enclosure-flex,Quarrow NAS Enclosure Flex,Quarrow,Networking,SK-2479-QU,"The Quarrow NAS Enclosure Flex. A dependable networking pick with a clean, no-nonsense design and the everyday features you actually use."
2412,veloria-kids-tablet-flex,Veloria Kids Tablet Flex,Veloria,Tablets,SK-2412-VE,"The Veloria Kids Tablet Flex. A dependable tablets pick with a clean, no-nonsense design and the everyday features you actually use."
2324,solvane-vlog-camera-prime,Solvane Vlog Camera Prime,Solvane,Cameras,SK-2324-SO,"The Solvane Vlog Camera Prime. A dependable cameras pick with a clean, no-nonsense design and the everyday features you actually use."
2501,mosella-gaming-headset-ultra,Mosella Gaming Headset Ultra,Mosella,Gaming,SK-2501-MO,"The Mosella Gaming Headset Ultra. A dependable gaming pick with a clean, no-nonsense design and the everyday features you actually use."
2687,pinecrest-bookshelf-duo,Pinecrest Bookshelf Duo,Pinecrest,Office,SK-2687-PI,"The Pinecrest Bookshelf Duo. A dependable office pick with a clean, no-nonsense design and the everyday features you actually use."
2631,pinecrest-cajon-nano,Pinecrest Cajon Nano,Pinecrest,Instruments,SK-2631-PI,"The Pinecrest Cajon Nano. A dependable instruments pick with a clean, no-nonsense design and the everyday features you actually use."
2955,quarrow-network-switch-arc,Quarrow Network Switch Arc,Quarrow,Networking,SK-2955-QU,"The Quarrow Network Switch Arc. A dependable networking pick with a clean, no-nonsense design and the everyday features you actually use."
2562,solvane-action-camera-nano,Solvane Action Camera Nano,Solvane,Cameras,SK-2562-SO,"The Solvane Action Camera Nano. A dependable cameras pick with a clean, no-nonsense design and the everyday features you actually use."
2884,solvane-vlog-camera-arc,Solvane Vlog Camera Arc,Solvane,Cameras,SK-2884-SO,"The Solvane Vlog Camera Arc. A dependable cameras pick with a clean, no-nonsense design and the everyday features you actually use."
2118,veloria-cooler-box-go,Veloria Cooler Box Go,Veloria,Outdoor,SK-2118-VE,"The Veloria Cooler Box Go. A dependable outdoor pick with a clean, no-nonsense design and the everyday features you actually use."
2600,tundrel-camp-chair-nano,Tundrel Camp Chair Nano,Tundrel,Outdoor,SK-2600-TU,"The Tundrel Camp Chair Nano. A dependable outdoor pick with a clean, no-nonsense design and the everyday features you actually use."
2289,halvard-floor-lamp-core,Halvard Floor Lamp Core,Halvard,Lighting,SK-2289-HA,"The Halvard Floor Lamp Core. A dependable lighting pick with a clean, no-nonsense design and the everyday features you actually use."
2838,tundrel-cooler-box-zen,Tundrel Cooler Box Zen,Tundrel,Outdoor,SK-2838-TU,"The Tundrel Cooler Box Zen. A dependable outdoor pick with a clean, no-nonsense design and the everyday features you actually use."
2810,tundrel-e-reader-zen,Tundrel E-Reader Zen,Tundrel,Tablets,SK-2810-TU,"The Tundrel E-Reader Zen. A dependable tablets pick with a clean, no-nonsense design and the everyday features you actually use."
2017,quarrow-controller-one,Quarrow Controller One,Quarrow,Gaming,SK-2017-QU,"The Quarrow Controller One. A dependable gaming pick with a clean, no-nonsense design and the everyday features you actually use."
2508,brightwell-resistance-bands-ultra,Brightwell Resistance Bands Ultra,Brightwell,Fitness,SK-2508-BR,"The Brightwell Resistance Bands Ultra. A dependable fitness pick with a clean, no-nonsense design and the everyday features you actually use."
2410,brightwell-e-reader-flex,Brightwell E-Reader Flex,Brightwell,Tablets,SK-2410-BR,"The Brightwell E-Reader Flex. A dependable tablets pick with a clean, no-nonsense design and the everyday features you actually use."
2256,brightwell-rugged-tablet-core,Brightwell Rugged Tablet Core,Brightwell,Tablets,SK-2256-BR,"The Brightwell Rugged Tablet Core. A dependable tablets pick with a clean, no-nonsense design and the everyday features you actually use."
2297,quarrow-hair-dryer-core,Quarrow Hair Dryer Core,Quarrow,Personal Care,SK-2297-QU,"The Quarrow Hair Dryer Core. A dependable personal care pick with a clean, no-nonsense design and the everyday features you actually use."
2557,mosella-powerline-adapter-ultra,Mosella Powerline Adapter Ultra,Mosella,Networking,SK-2557-MO,"The Mosella Powerline Adapter Ultra. A dependable networking pick with a clean, no-nonsense design and the everyday features you actually use."
2079,halvard-nas-enclosure-one,Halvard NAS Enclosure One,Halvard,Networking,SK-2079-HA,"The Halvard NAS Enclosure One. A dependable networking pick with a clean, no-nonsense design and the everyday features you actually use."
2047,tamarack-bookshelf-one,Tamarack Bookshelf One,Tamarack,Office,SK-2047-TA,"The Tamarack Bookshelf One. A dependable office pick with a clean, no-nonsense design and the everyday features you actually use."
2328,veloria-gimbal-prime,Veloria Gimbal Prime,Veloria,Cameras,SK-2328-VE,"The Veloria Gimbal Prime. A dependable cameras pick with a clean, no-nonsense design and the everyday features you actually use."
2436,solvane-trekking-poles-flex,Solvane Trekking Poles Flex,Solvane,Outdoor,SK-2436-SO,"The Solvane Trekking Poles Flex. A dependable outdoor pick with a clean, no-nonsense design and the everyday features you actually use."
2484,junova-vlog-camera-ultra,Junova Vlog Camera Ultra,Junova,Cameras,SK-2484-JU,"The Junova Vlog Camera Ultra. A dependable cameras pick with a clean, no-nonsense design and the everyday features you actually use."
2727,lumeno-trail-camera-aero,Lumeno Trail Camera Aero,Lumeno,Cameras,SK-2727-LU,"The Lumeno Trail Camera Aero. A dependable cameras pick with a clean, no-nonsense design and the everyday features you actually use."
2834,junova-sleeping-bag-zen,Junova Sleeping Bag Zen,Junova,Outdoor,SK-2834-JU,"The Junova Sleeping Bag Zen. A dependable outdoor pick with a clean, no-nonsense design and the everyday features you actually use."
2588,saffrix-resistance-bands-nano,Saffrix Resistance Bands Nano,Saffrix,Fitness,SK-2588-SA,"The Saffrix Resistance Bands Nano. A dependable fitness pick with a clean, no-nonsense design and the everyday features you actually use."
2886,brightwell-dash-cam-arc,Brightwell Dash Cam Arc,Brightwell,Cameras,SK-2886-BR,"The Brightwell Dash Cam Arc. A dependable cameras pick with a clean, no-nonsense design and the everyday features you actually use."
2004,brightwell-vlog-camera-one,Brightwell Vlog Camera One,Brightwell,Cameras,SK-2004-BR,"The Brightwell Vlog Camera One. A dependable cameras pick with a clean, no-nonsense design and the everyday features you actually use."
2309,pinecrest-midi-keyboard-core,Pinecrest MIDI Keyboard Core,Pinecrest,Instruments,SK-2309-PI,"The Pinecrest MIDI Keyboard Core. A dependable instruments pick with a clean, no-nonsense design and the everyday features you actually use."
2448,saffrix-desk-organiser-flex,Saffrix Desk Organiser Flex,Saffrix,Office,SK-2448-SA,"The Saffrix Desk Organiser Flex. A dependable office pick with a clean, no-nonsense design and the everyday features you actually use."
2305,mosella-digital-piano-core,Mosella Digital Piano Core,Mosella,Instruments,SK-2305-MO,"The Mosella Digital Piano Core. A dependable instruments pick with a clean, no-nonsense design and the everyday features you actually use."
2107,halvard-rowing-machine-go,Halvard Rowing Machine Go,Halvard,Fitness,SK-2107-HA,"The Halvard Rowing Machine Go. A dependable fitness pick with a clean, no-nonsense design and the everyday features you actually use."
2497,orbisk-controller-ultra,Orbisk Controller Ultra,Orbisk,Gaming,SK-2497-OR,"The Orbisk Controller Ultra. A dependable gaming pick with a clean, no-nonsense design and the everyday features you actually use."
2214,brightwell-lantern-edge,Brightwell Lantern Edge,Brightwell,Lighting,SK-2214-BR,"The Brightwell Lantern Edge. A dependable lighting pick with a clean, no-nonsense design and the everyday features you actually use."
2190,junova-spin-bike-edge,Junova Spin Bike Edge,Junova,Fitness,SK-2190-JU,"The Junova Spin Bike Edge. A dependable fitness pick with a clean, no-nonsense design and the everyday features you actually use."
2554,junova-mesh-system-ultra,Junova Mesh System Ultra,Junova,Networking,SK-2554-JU,"The Junova Mesh System Ultra. A dependable networking pick with a clean, no-nonsense design and the everyday features you actually use."
2121,halvard-desk-chair-go,Halvard Desk Chair Go,Halvard,Office,SK-2121-HA,"The Halvard Desk Chair Go. A dependable office pick with a clean, no-nonsense design and the everyday features you actually use."
2002,solvane-action-camera-one,Solvane Action Camera One,Solvane,Cameras,SK-2002-SO,"The Solvane Action Camera One. A dependable cameras pick with a clean, no-nonsense design and the everyday features you actually use."
2553,orbisk-wi-fi-router-ultra,Orbisk Wi-Fi Router Ultra,Orbisk,Networking,SK-2553-OR,"The Orbisk Wi-Fi Router Ultra. A dependable networking pick with a clean, no-nonsense design and the everyday features you actually use."
2049,orbisk-floor-lamp-one,Orbisk Floor Lamp One,Orbisk,Lighting,SK-2049-OR,"The Orbisk Floor Lamp One. A dependable lighting pick with a clean, no-nonsense design and the everyday features you actually use."
