id,slug,name,brand,category,sku,description,specs,option_axis,options
2001,pinecrest-mirrorless-camera-one,Pinecrest Mirrorless Camera One,Pinecrest,Cameras,SK-2001-PI,"The Pinecrest Mirrorless Camera One. A dependable cameras pick with a clean, no-nonsense design and the everyday features you actually use.","{""warranty"":""6 months manufacturer warranty"",""inTheBox"":""Mirrorless Camera, Lens cap, Mounting adapter, Quick-start guide"",""countryOfOrigin"":""India"",""returns"":""7-day replacement, unopened"",""support"":""Email only, 48-hour response"",""weightGrams"":1270,""material"":""Anodised aluminium"",""colour"":""Matte Black"",""modelYear"":2022}",Kit,"[{""id"":""o1"",""label"":""Body only""},{""id"":""o2"",""label"":""Standard kit""}]"
2002,solvane-action-camera-one,Solvane Action Camera One,Solvane,Cameras,SK-2002-SO,"The Solvane Action Camera One. A dependable cameras pick with a clean, no-nonsense design and the everyday features you actually use.","{""warranty"":""3 years limited warranty"",""inTheBox"":""Action Camera, Microfibre cloth, Lens cap"",""countryOfOrigin"":""Germany"",""returns"":""30-day return, original packaging"",""support"":""Phone and email, 10am–6pm IST, Mon–Sat"",""weightGrams"":655,""material"":""Magnesium alloy"",""colour"":""Olive"",""modelYear"":2023}",Kit,"[{""id"":""o1"",""label"":""Body only""},{""id"":""o2"",""label"":""Standard kit""},{""id"":""o3"",""label"":""Creator kit""},{""id"":""o4"",""label"":""Pro kit""}]"
2003,quarrow-instant-camera-one,Quarrow Instant Camera One,Quarrow,Cameras,SK-2003-QU,"The Quarrow Instant Camera One. A dependable cameras pick with a clean, no-nonsense design and the everyday features you actually use.","{""warranty"":""3 years limited warranty"",""inTheBox"":""Instant Camera, Lens cap, Mounting adapter"",""countryOfOrigin"":""Indonesia"",""returns"":""7-day replacement, unopened"",""support"":""24×7 chat support"",""weightGrams"":828,""material"":""Glass-fibre composite"",""colour"":""Clay"",""modelYear"":2024}",Kit,"[{""id"":""o1"",""label"":""Body only""},{""id"":""o2"",""label"":""Standard kit""},{""id"":""o3"",""label"":""Creator kit""},{""id"":""o4"",""label"":""Pro kit""}]"
2004,brightwell-vlog-camera-one,Brightwell Vlog Camera One,Brightwell,Cameras,SK-2004-BR,"The Brightwell Vlog Camera One. A dependable cameras pick with a clean, no-nonsense design and the everyday features you actually use.","{""warranty"":""18 months manufacturer warranty"",""inTheBox"":""Vlog Camera, Quick-start guide, Neck strap, Microfibre cloth, USB-C cable"",""countryOfOrigin"":""Portugal"",""returns"":""30-day return, original packaging"",""support"":""In-app chat, 8am–8pm IST"",""weightGrams"":711,""material"":""Polycarbonate with rubber grip"",""colour"":""Ice Blue"",""modelYear"":2024}",Kit,"[{""id"":""o1"",""label"":""Body only""},{""id"":""o2"",""label"":""Standard kit""}]"
2005,tamarack-film-scanner-one,Tamarack Film Scanner One,Tamarack,Cameras,SK-2005-TA,"The Tamarack Film Scanner One. A dependable cameras pick with a clean, no-nonsense design and the everyday features you actually use.","{""warranty"":""5 years limited warranty"",""inTheBox"":""Film Scanner, Rechargeable battery, Quick-start guide"",""countryOfOrigin"":""Malaysia"",""returns"":""Replacement only, on verified defect"",""support"":""Email, chat and phone, 9am–9pm IST"",""weightGrams"":419,""material"":""Glass-fibre composite"",""colour"":""Oxblood"",""modelYear"":2021}",Kit,"[{""id"":""o1"",""label"":""Body only""},{""id"":""o2"",""label"":""Standard kit""}]"
2006,veloria-dash-cam-one,Veloria Dash Cam One,Veloria,Cameras,SK-2006-VE,"The Veloria Dash Cam One. A dependable cameras pick with a clean, no-nonsense design and the everyday features you actually use.","{""warranty"":""2 years international warranty"",""inTheBox"":""Dash Cam, Quick-start guide, Rechargeable battery, Lens cap, Neck strap"",""countryOfOrigin"":""South Korea"",""returns"":""30-day return, original packaging"",""support"":""Email only, 48-hour response"",""weightGrams"":1075,""material"":""Anodised aluminium"",""colour"":""Bone White"",""modelYear"":2025}",Kit,"[{""id"":""o1"",""label"":""Body only""},{""id"":""o2"",""label"":""Standard kit""},{""id"":""o3"",""label"":""Creator kit""}]"
2007,orbisk-trail-camera-one,Orbisk Trail Camera One,Orbisk,Cameras,SK-2007-OR,"The Orbisk Trail Camera One. A dependable cameras pick with a clean, no-nonsense design and the everyday features you actually use.","{""warranty"":""18 months manufacturer warranty"",""inTheBox"":""Trail Camera, Neck strap, Microfibre cloth, USB-C cable, Lens cap"",""countryOfOrigin"":""Germany"",""returns"":""14-day return, restocking fee applies"",""support"":""Email only, 48-hour response"",""weightGrams"":1031,""material"":""Glass-fibre composite"",""colour"":""Forest"",""modelYear"":2025}",Kit,"[{""id"":""o1"",""label"":""Body only""},{""id"":""o2"",""label"":""Standard kit""},{""id"":""o3"",""label"":""Creator kit""},{""id"":""o4"",""label"":""Pro kit""}]"
2008,junova-gimbal-one,Junova Gimbal One,Junova,Cameras,SK-2008-JU,"The Junova Gimbal One. A dependable cameras pick with a clean, no-nonsense design and the everyday features you actually use.","{""warranty"":""5 years limited warranty"",""inTheBox"":""Gimbal, Neck strap, Quick-start guide, Microfibre cloth, Mounting adapter"",""countryOfOrigin"":""Germany"",""returns"":""15-day replacement, unopened"",""support"":""In-app chat, 8am–8pm IST"",""weightGrams"":1312,""material"":""Anodised aluminium"",""colour"":""Clay"",""modelYear"":2024}",Kit,"[{""id"":""o1"",""label"":""Body only""},{""id"":""o2"",""label"":""Standard kit""},{""id"":""o3"",""label"":""Creator kit""}]"
2009,halvard-tablet-one,Halvard Tablet One,Halvard,Tablets,SK-2009-HA,"The Halvard Tablet One. A dependable tablets pick with a clean, no-nonsense design and the everyday features you actually use.","{""warranty"":""1 year manufacturer warranty"",""inTheBox"":""Tablet, USB-C cable, 20W adapter, Quick-start guide"",""countryOfOrigin"":""South Korea"",""returns"":""10-day replacement, original packaging"",""support"":""Email only, 48-hour response"",""weightGrams"":668,""material"":""Recycled aluminium"",""colour"":""Midnight Navy"",""modelYear"":2023}",Storage,"[{""id"":""o1"",""label"":""64 GB""},{""id"":""o2"",""label"":""128 GB""},{""id"":""o3"",""label"":""256 GB""}]"
2010,redwick-e-reader-one,Redwick E-Reader One,Redwick,Tablets,SK-2010-RE,"The Redwick E-Reader One. A dependable tablets pick with a clean, no-nonsense design and the everyday features you actually use.","{""warranty"":""2 years international warranty"",""inTheBox"":""E-Reader, Folio sleeve, USB-C cable"",""countryOfOrigin"":""Malaysia"",""returns"":""15-day replacement, unopened"",""support"":""Email only, 48-hour response"",""weightGrams"":723,""material"":""Polycarbonate with glass front"",""colour"":""Matte Black"",""modelYear"":2021}",Storage,"[{""id"":""o1"",""label"":""64 GB""},{""id"":""o2"",""label"":""128 GB""}]"
2011,mosella-drawing-tablet-one,Mosella Drawing Tablet One,Mosella,Tablets,SK-2011-MO,"The Mosella Drawing Tablet One. A dependable tablets pick with a clean, no-nonsense design and the everyday features you actually use.","{""warranty"":""1 year manufacturer warranty"",""inTheBox"":""Drawing Tablet, Quick-start guide, Folio sleeve, Stylus"",""countryOfOrigin"":""Vietnam"",""returns"":""7-day replacement, unopened"",""support"":""Phone support, 9am–6pm IST, weekdays only"",""weightGrams"":301,""material"":""Recycled aluminium"",""colour"":""Bone White"",""modelYear"":2022}",Storage,"[{""id"":""o1"",""label"":""64 GB""},{""id"":""o2"",""label"":""128 GB""}]"
2012,tundrel-kids-tablet-one,Tundrel Kids Tablet One,Tundrel,Tablets,SK-2012-TU,"The Tundrel Kids Tablet One. A dependable tablets pick with a clean, no-nonsense design and the everyday features you actually use.","{""warranty"":""18 months manufacturer warranty"",""inTheBox"":""Kids Tablet, 20W adapter, USB-C cable, SIM tool, Folio sleeve"",""countryOfOrigin"":""India"",""returns"":""7-day return or replacement"",""support"":""Phone and email, 10am–6pm IST, Mon–Sat"",""weightGrams"":638,""material"":""Magnesium alloy"",""colour"":""Bone White"",""modelYear"":2021}",Storage,"[{""id"":""o1"",""label"":""64 GB""},{""id"":""o2"",""label"":""128 GB""},{""id"":""o3"",""label"":""256 GB""},{""id"":""o4"",""label"":""512 GB""}]"
2013,lumeno-note-pad-one,Lumeno Note Pad One,Lumeno,Tablets,SK-2013-LU,"The Lumeno Note Pad One. A dependable tablets pick with a clean, no-nonsense design and the everyday features you actually use.","{""warranty"":""1 year warranty, extendable to 2 on registration"",""inTheBox"":""Note Pad, SIM tool, USB-C cable, Stylus"",""countryOfOrigin"":""Mexico"",""returns"":""30-day return, original packaging"",""support"":""Phone and email, 10am–6pm IST, Mon–Sat"",""weightGrams"":896,""material"":""Magnesium alloy"",""colour"":""Bone White"",""modelYear"":2025}",Storage,"[{""id"":""o1"",""label"":""64 GB""},{""id"":""o2"",""label"":""128 GB""},{""id"":""o3"",""label"":""256 GB""},{""id"":""o4"",""label"":""512 GB""}]"
2014,saffrix-slate-one,Saffrix Slate One,Saffrix,Tablets,SK-2014-SA,"The Saffrix Slate One. A dependable tablets pick with a clean, no-nonsense design and the everyday features you actually use.","{""warranty"":""3 years limited warranty"",""inTheBox"":""Slate, Stylus, Folio sleeve, USB-C cable"",""countryOfOrigin"":""South Korea"",""returns"":""7-day return or replacement"",""support"":""Phone and email, 10am–6pm IST, Mon–Sat"",""weightGrams"":766,""material"":""Anodised aluminium"",""colour"":""Pewter"",""modelYear"":2021}",Storage,"[{""id"":""o1"",""label"":""64 GB""},{""id"":""o2"",""label"":""128 GB""}]"
2015,pinecrest-foldable-tablet-one,Pinecrest Foldable Tablet One,Pinecrest,Tablets,SK-2015-PI,"The Pinecrest Foldable Tablet One. A dependable tablets pick with a clean, no-nonsense design and the everyday features you actually use.","{""warranty"":""6 months manufacturer warranty"",""inTheBox"":""Foldable Tablet, SIM tool, Quick-start guide, 20W adapter"",""countryOfOrigin"":""Malaysia"",""returns"":""Replacement only, on verified defect"",""support"":""In-app chat, 8am–8pm IST"",""weightGrams"":281,""material"":""Magnesium alloy"",""colour"":""Bone White"",""modelYear"":2023}",Storage,"[{""id"":""o1"",""label"":""64 GB""},{""id"":""o2"",""label"":""128 GB""}]"
2016,solvane-rugged-tablet-one,Solvane Rugged Tablet One,Solvane,Tablets,SK-2016-SO,"The Solvane Rugged Tablet One. A dependable tablets pick with a clean, no-nonsense design and the everyday features you actually use.","{""warranty"":""2 years manufacturer warranty"",""inTheBox"":""Rugged Tablet, Stylus, Folio sleeve, SIM tool"",""countryOfOrigin"":""Indonesia"",""returns"":""Replacement only, on verified defect"",""support"":""Email only, 48-hour response"",""weightGrams"":478,""material"":""Polycarbonate with glass front"",""colour"":""Olive"",""modelYear"":2022}",Storage,"[{""id"":""o1"",""label"":""64 GB""},{""id"":""o2"",""label"":""128 GB""},{""id"":""o3"",""label"":""256 GB""},{""id"":""o4"",""label"":""512 GB""}]"
2017,quarrow-controller-one,Quarrow Controller One,Quarrow,Gaming,SK-2017-QU,"The Quarrow Controller One. A dependable gaming pick with a clean, no-nonsense design and the everyday features you actually use.","{""warranty"":""6 months manufacturer warranty"",""inTheBox"":""Controller, Wireless dongle, Quick-start guide, Sticker sheet"",""countryOfOrigin"":""Germany"",""returns"":""7-day replacement, unopened"",""support"":""Phone and email, 10am–6pm IST, Mon–Sat"",""weightGrams"":6169,""material"":""ABS with soft-touch coating"",""colour"":""Graphite"",""modelYear"":2025}",Edition,"[{""id"":""o1"",""label"":""Standard""},{""id"":""o2"",""label"":""Special Edition""},{""id"":""o3"",""label"":""Pro Bundle""},{""id"":""o4"",""label"":""Collector Bundle""}]"
2018,brightwell-handheld-console-one,Brightwell Handheld Console One,Brightwell,Gaming,SK-2018-BR,"The Brightwell Handheld Console One. A dependable gaming pick with a clean, no-nonsense design and the everyday features you actually use.","{""warranty"":""1 year warranty, extendable to 2 on registration"",""inTheBox"":""Handheld Console, Carry case, Spare thumbsticks"",""countryOfOrigin"":""Portugal"",""returns"":""7-day replacement, unopened"",""support"":""Email, chat and phone, 9am–9pm IST"",""weightGrams"":5242,""material"":""Aluminium and ABS"",""colour"":""Graphite"",""modelYear"":2022}",Edition,"[{""id"":""o1"",""label"":""Standard""},{""id"":""o2"",""label"":""Special Edition""}]"
2019,tamarack-racing-wheel-one,Tamarack Racing Wheel One,Tamarack,Gaming,SK-2019-TA,"The Tamarack Racing Wheel One. A dependable gaming pick with a clean, no-nonsense design and the everyday features you actually use.","{""warranty"":""18 months manufacturer warranty"",""inTheBox"":""Racing Wheel, Carry case, Wireless dongle, Quick-start guide"",""countryOfOrigin"":""Czechia"",""returns"":""30-day return, original packaging"",""support"":""Email and chat, 9am–7pm IST"",""weightGrams"":5704,""material"":""Aluminium and ABS"",""colour"":""Slate Grey"",""modelYear"":2022}",Edition,"[{""id"":""o1"",""label"":""Standard""},{""id"":""o2"",""label"":""Special Edition""},{""id"":""o3"",""label"":""Pro Bundle""},{""id"":""o4"",""label"":""Collector Bundle""}]"
2020,veloria-arcade-stick-one,Veloria Arcade Stick One,Veloria,Gaming,SK-2020-VE,"The Veloria Arcade Stick One. A dependable gaming pick with a clean, no-nonsense design and the everyday features you actually use.","{""warranty"":""1 year warranty, extendable to 2 on registration"",""inTheBox"":""Arcade Stick, USB-C cable, Spare thumbsticks, Sticker sheet, Quick-start guide"",""countryOfOrigin"":""Germany"",""returns"":""15-day replacement, unopened"",""support"":""24×7 chat support"",""weightGrams"":6194,""material"":""Aluminium and ABS"",""colour"":""Ice Blue"",""modelYear"":2022}",Edition,"[{""id"":""o1"",""label"":""Standard""},{""id"":""o2"",""label"":""Special Edition""}]"
2021,orbisk-gaming-headset-one,Orbisk Gaming Headset One,Orbisk,Gaming,SK-2021-OR,"The Orbisk Gaming Headset One. A dependable gaming pick with a clean, no-nonsense design and the everyday features you actually use.","{""warranty"":""1 year warranty, extendable to 2 on registration"",""inTheBox"":""Gaming Headset, Sticker sheet, Carry case"",""countryOfOrigin"":""Malaysia"",""returns"":""10-day replacement, original packaging"",""support"":""Email only, 48-hour response"",""weightGrams"":2910,""material"":""Glass-filled nylon"",""colour"":""Clay"",""modelYear"":2023}",Edition,"[{""id"":""o1"",""label"":""Standard""},{""id"":""o2"",""label"":""Special Edition""},{""id"":""o3"",""label"":""Pro Bundle""},{""id"":""o4"",""label"":""Collector Bundle""}]"
2022,junova-capture-card-one,Junova Capture Card One,Junova,Gaming,SK-2022-JU,"The Junova Capture Card One. A dependable gaming pick with a clean, no-nonsense design and the everyday features you actually use.","{""warranty"":""1 year warranty, extendable to 2 on registration"",""inTheBox"":""Capture Card, Sticker sheet, Quick-start guide, Spare thumbsticks"",""countryOfOrigin"":""South Korea"",""returns"":""10-day replacement, original packaging"",""support"":""Email only, 48-hour response"",""weightGrams"":5526,""material"":""Glass-filled nylon"",""colour"":""Graphite"",""modelYear"":2021}",Edition,"[{""id"":""o1"",""label"":""Standard""},{""id"":""o2"",""label"":""Special Edition""},{""id"":""o3"",""label"":""Pro Bundle""}]"
2023,halvard-flight-stick-one,Halvard Flight Stick One,Halvard,Gaming,SK-2023-HA,"The Halvard Flight Stick One. A dependable gaming pick with a clean, no-nonsense design and the everyday features you actually use.","{""warranty"":""2 years international warranty"",""inTheBox"":""Flight Stick, Carry case, Sticker sheet"",""countryOfOrigin"":""South Korea"",""returns"":""14-day return, restocking fee applies"",""support"":""Phone and email, 10am–6pm IST, Mon–Sat"",""weightGrams"":5945,""material"":""Recycled polycarbonate"",""colour"":""Pewter"",""modelYear"":2024}",Edition,"[{""id"":""o1"",""label"":""Standard""},{""id"":""o2"",""label"":""Special Edition""}]"
2024,redwick-vr-headset-one,Redwick VR Headset One,Redwick,Gaming,SK-2024-RE,"The Redwick VR Headset One. A dependable gaming pick with a clean, no-nonsense design and the everyday features you actually use.","{""warranty"":""5 years limited warranty"",""inTheBox"":""VR Headset, USB-C cable, Carry case"",""countryOfOrigin"":""Germany"",""returns"":""7-day replacement, unopened"",""support"":""Email only, 48-hour response"",""weightGrams"":5218,""material"":""Recycled polycarbonate"",""colour"":""Oxblood"",""modelYear"":2024}",Edition,"[{""id"":""o1"",""label"":""Standard""},{""id"":""o2"",""label"":""Special Edition""},{""id"":""o3"",""label"":""Pro Bundle""}]"
2025,mosella-dumbbell-set-one,Mosella Dumbbell Set One,Mosella,Fitness,SK-2025-MO,"The Mosella Dumbbell Set One. A dependable fitness pick with a clean, no-nonsense design and the everyday features you actually use.","{""warranty"":""18 months manufacturer warranty"",""inTheBox"":""Dumbbell Set, Grip pads, Exercise chart, Assembly tools, Anchor strap"",""countryOfOrigin"":""Czechia"",""returns"":""Replacement only, on verified defect"",""support"":""Email and chat, 9am–7pm IST"",""weightGrams"":35950,""material"":""Cast iron"",""colour"":""Ice Blue"",""modelYear"":2024}",Level,"[{""id"":""o1"",""label"":""Starter""},{""id"":""o2"",""label"":""Regular""}]"
2026,tundrel-yoga-mat-one,Tundrel Yoga Mat One,Tundrel,Fitness,SK-2026-TU,"The Tundrel Yoga Mat One. A dependable fitness pick with a clean, no-nonsense design and the everyday features you actually use.","{""warranty"":""2 years manufacturer warranty"",""inTheBox"":""Yoga Mat, Storage bag, Assembly tools, Anchor strap, Grip pads"",""countryOfOrigin"":""Germany"",""returns"":""10-day replacement, original packaging"",""support"":""24×7 chat support"",""weightGrams"":36908,""material"":""TPE foam"",""colour"":""Midnight Navy"",""modelYear"":2021}",Level,"[{""id"":""o1"",""label"":""Starter""},{""id"":""o2"",""label"":""Regular""},{""id"":""o3"",""label"":""Advanced""}]"
2027,lumeno-rowing-machine-one,Lumeno Rowing Machine One,Lumeno,Fitness,SK-2027-LU,"The Lumeno Rowing Machine One. A dependable fitness pick with a clean, no-nonsense design and the everyday features you actually use.","{""warranty"":""3 years limited warranty"",""inTheBox"":""Rowing Machine, Grip pads, Storage bag, Assembly tools, Care card"",""countryOfOrigin"":""South Korea"",""returns"":""30-day return, original packaging"",""support"":""24×7 chat support"",""weightGrams"":1060,""material"":""Cast iron"",""colour"":""Slate Grey"",""modelYear"":2023}",Level,"[{""id"":""o1"",""label"":""Starter""},{""id"":""o2"",""label"":""Regular""}]"
2028,saffrix-resistance-bands-one,Saffrix Resistance Bands One,Saffrix,Fitness,SK-2028-SA,"The Saffrix Resistance Bands One. A dependable fitness pick with a clean, no-nonsense design and the everyday features you actually use.","{""warranty"":""2 years international warranty"",""inTheBox"":""Resistance Bands, Anchor strap, Storage bag, Care card"",""countryOfOrigin"":""Indonesia"",""returns"":""14-day return, restocking fee applies"",""support"":""Email and chat, 9am–7pm IST"",""weightGrams"":13552,""material"":""Natural rubber"",""colour"":""Slate Grey"",""modelYear"":2023}",Level,"[{""id"":""o1"",""label"":""Starter""},{""id"":""o2"",""label"":""Regular""},{""id"":""o3"",""label"":""Advanced""},{""id"":""o4"",""label"":""Elite""}]"
2029,pinecrest-kettlebell-one,Pinecrest Kettlebell One,Pinecrest,Fitness,SK-2029-PI,"The Pinecrest Kettlebell One. A dependable fitness pick with a clean, no-nonsense design and the everyday features you actually use.","{""warranty"":""2 years international warranty"",""inTheBox"":""Kettlebell, Grip pads, Assembly tools, Storage bag"",""countryOfOrigin"":""Thailand"",""returns"":""10-day replacement, original packaging"",""support"":""24×7 chat support"",""weightGrams"":6026,""material"":""Powder-coated steel"",""colour"":""Graphite"",""modelYear"":2023}",Level,"[{""id"":""o1"",""label"":""Starter""},{""id"":""o2"",""label"":""Regular""},{""id"":""o3"",""label"":""Advanced""}]"
2030,solvane-spin-bike-one,Solvane Spin Bike One,Solvane,Fitness,SK-2030-SO,"The Solvane Spin Bike One. A dependable fitness pick with a clean, no-nonsense design and the everyday features you actually use.","{""warranty"":""2 years manufacturer warranty"",""inTheBox"":""Spin Bike, Anchor strap, Grip pads, Storage bag, Care card"",""countryOfOrigin"":""Czechia"",""returns"":""15-day replacement, unopened"",""support"":""24×7 chat support"",""weightGrams"":1386,""material"":""TPE foam"",""colour"":""Bone White"",""modelYear"":2023}",Level,"[{""id"":""o1"",""label"":""Starter""},{""id"":""o2"",""label"":""Regular""},{""id"":""o3"",""label"":""Advanced""},{""id"":""o4"",""label"":""Elite""}]"
2031,quarrow-foam-roller-one,Quarrow Foam Roller One,Quarrow,Fitness,SK-2031-QU,"The Quarrow Foam Roller One. A dependable fitness pick with a clean, no-nonsense design and the everyday features you actually use.","{""warranty"":""18 months manufacturer warranty"",""inTheBox"":""Foam Roller, Exercise chart, Care card, Assembly tools, Storage bag"",""countryOfOrigin"":""Thailand"",""returns"":""7-day replacement, unopened"",""support"":""Phone and email, 10am–6pm IST, Mon–Sat"",""weightGrams"":24933,""material"":""Cast iron"",""colour"":""Clay"",""modelYear"":2024}",Level,"[{""id"":""o1"",""label"":""Starter""},{""id"":""o2"",""label"":""Regular""},{""id"":""o3"",""label"":""Advanced""},{""id"":""o4"",""label"":""Elite""}]"
2032,brightwell-pull-up-bar-one,Brightwell Pull-up Bar One,Brightwell,Fitness,SK-2032-BR,"The Brightwell Pull-up Bar One. A dependable fitness pick with a clean, no-nonsense design and the everyday features you actually use.","{""warranty"":""18 months manufacturer warranty"",""inTheBox"":""Pull-up Bar, Anchor strap, Exercise chart"",""countryOfOrigin"":""Malaysia"",""returns"":""30-day return, original packaging"",""support"":""Phone and email, 10am–6pm IST, Mon–Sat"",""weightGrams"":10337,""material"":""TPE foam"",""colour"":""Olive"",""modelYear"":2022}",Level,"[{""id"":""o1"",""label"":""Starter""},{""id"":""o2"",""label"":""Regular""},{""id"":""o3"",""label"":""Advanced""}]"
2033,tamarack-tent-one,Tamarack Tent One,Tamarack,Outdoor,SK-2033-TA,"The Tamarack Tent One. A dependable outdoor pick with a clean, no-nonsense design and the everyday features you actually use.","{""warranty"":""6 months manufacturer warranty"",""inTheBox"":""Tent, Care card, Stuff sack"",""countryOfOrigin"":""Portugal"",""returns"":""7-day replacement, unopened"",""support"":""Email and chat, 9am–7pm IST"",""weightGrams"":3813,""material"":""Ripstop nylon"",""colour"":""Oxblood"",""modelYear"":2025}",Capacity,"[{""id"":""o1"",""label"":""Solo""},{""id"":""o2"",""label"":""Duo""}]"
2034,veloria-sleeping-bag-one,Veloria Sleeping Bag One,Veloria,Outdoor,SK-2034-VE,"The Veloria Sleeping Bag One. A dependable outdoor pick with a clean, no-nonsense design and the everyday features you actually use.","{""warranty"":""2 years international warranty"",""inTheBox"":""Sleeping Bag, Care card, Pegs, Carabiner"",""countryOfOrigin"":""South Korea"",""returns"":""7-day replacement, unopened"",""support"":""In-app chat, 8am–8pm IST"",""weightGrams"":1345,""material"":""Recycled PET weave"",""colour"":""Bone White"",""modelYear"":2023}",Capacity,"[{""id"":""o1"",""label"":""Solo""},{""id"":""o2"",""label"":""Duo""},{""id"":""o3"",""label"":""Family""}]"
2035,orbisk-camp-stove-one,Orbisk Camp Stove One,Orbisk,Outdoor,SK-2035-OR,"The Orbisk Camp Stove One. A dependable outdoor pick with a clean, no-nonsense design and the everyday features you actually use.","{""warranty"":""5 years limited warranty"",""inTheBox"":""Camp Stove, Care card, Stuff sack, Pegs"",""countryOfOrigin"":""India"",""returns"":""10-day replacement, original packaging"",""support"":""Phone and email, 10am–6pm IST, Mon–Sat"",""weightGrams"":3328,""material"":""Ripstop polyester"",""colour"":""Ice Blue"",""modelYear"":2024}",Capacity,"[{""id"":""o1"",""label"":""Solo""},{""id"":""o2"",""label"":""Duo""},{""id"":""o3"",""label"":""Family""}]"
2036,junova-trekking-poles-one,Junova Trekking Poles One,Junova,Outdoor,SK-2036-JU,"The Junova Trekking Poles One. A dependable outdoor pick with a clean, no-nonsense design and the everyday features you actually use.","{""warranty"":""2 years manufacturer warranty"",""inTheBox"":""Trekking Poles, Repair kit, Pegs, Stuff sack, Care card"",""countryOfOrigin"":""Germany"",""returns"":""10-day replacement, original packaging"",""support"":""Phone and email, 10am–6pm IST, Mon–Sat"",""weightGrams"":2354,""material"":""Ripstop nylon"",""colour"":""Pewter"",""modelYear"":2022}",Capacity,"[{""id"":""o1"",""label"":""Solo""},{""id"":""o2"",""label"":""Duo""},{""id"":""o3"",""label"":""Family""}]"
2037,halvard-headlamp-one,Halvard Headlamp One,Halvard,Outdoor,SK-2037-HA,"The Halvard Headlamp One. A dependable outdoor pick with a clean, no-nonsense design and the everyday features you actually use.","{""warranty"":""18 months manufacturer warranty"",""inTheBox"":""Headlamp, Repair kit, Pegs"",""countryOfOrigin"":""Malaysia"",""returns"":""15-day replacement, unopened"",""support"":""Phone support, 9am–6pm IST, weekdays only"",""weightGrams"":2638,""material"":""Ripstop nylon"",""colour"":""Olive"",""modelYear"":2021}",Capacity,"[{""id"":""o1"",""label"":""Solo""},{""id"":""o2"",""label"":""Duo""},{""id"":""o3"",""label"":""Family""},{""id"":""o4"",""label"":""Group""}]"
2038,redwick-cooler-box-one,Redwick Cooler Box One,Redwick,Outdoor,SK-2038-RE,"The Redwick Cooler Box One. A dependable outdoor pick with a clean, no-nonsense design and the everyday features you actually use.","{""warranty"":""1 year warranty, extendable to 2 on registration"",""inTheBox"":""Cooler Box, Repair kit, Pegs, Stuff sack, Guy lines"",""countryOfOrigin"":""Taiwan"",""returns"":""10-day replacement, original packaging"",""support"":""Phone and email, 10am–6pm IST, Mon–Sat"",""weightGrams"":4131,""material"":""Ripstop polyester"",""colour"":""Ice Blue"",""modelYear"":2021}",Capacity,"[{""id"":""o1"",""label"":""Solo""},{""id"":""o2"",""label"":""Duo""},{""id"":""o3"",""label"":""Family""},{""id"":""o4"",""label"":""Group""}]"
2039,mosella-hammock-one,Mosella Hammock One,Mosella,Outdoor,SK-2039-MO,"The Mosella Hammock One. A dependable outdoor pick with a clean, no-nonsense design and the everyday features you actually use.","{""warranty"":""3 years limited warranty"",""inTheBox"":""Hammock, Pegs, Repair kit, Carabiner"",""countryOfOrigin"":""Vietnam"",""returns"":""Replacement only, on verified defect"",""support"":""Phone and email, 10am–6pm IST, Mon–Sat"",""weightGrams"":1052,""material"":""Ripstop polyester"",""colour"":""Bone White"",""modelYear"":2023}",Capacity,"[{""id"":""o1"",""label"":""Solo""},{""id"":""o2"",""label"":""Duo""},{""id"":""o3"",""label"":""Family""},{""id"":""o4"",""label"":""Group""}]"
2040,tundrel-camp-chair-one,Tundrel Camp Chair One,Tundrel,Outdoor,SK-2040-TU,"The Tundrel Camp Chair One. A dependable outdoor pick with a clean, no-nonsense design and the everyday features you actually use.","{""warranty"":""6 months manufacturer warranty"",""inTheBox"":""Camp Chair, Care card, Stuff sack"",""countryOfOrigin"":""Czechia"",""returns"":""7-day replacement, unopened"",""support"":""Email only, 48-hour response"",""weightGrams"":4528,""material"":""Stainless steel"",""colour"":""Graphite"",""modelYear"":2021}",Capacity,"[{""id"":""o1"",""label"":""Solo""},{""id"":""o2"",""label"":""Duo""},{""id"":""o3"",""label"":""Family""}]"
2041,lumeno-desk-chair-one,Lumeno Desk Chair One,Lumeno,Office,SK-2041-LU,"The Lumeno Desk Chair One. A dependable office pick with a clean, no-nonsense design and the everyday features you actually use.","{""warranty"":""1 year manufacturer warranty"",""inTheBox"":""Desk Chair, Wall anchor, Floor protectors, Assembly tools, Cable tray"",""countryOfOrigin"":""Taiwan"",""returns"":""10-day replacement, original packaging"",""support"":""Phone support, 9am–6pm IST, weekdays only"",""weightGrams"":13103,""material"":""Solid beech"",""colour"":""Sandstone"",""modelYear"":2023}",Finish,"[{""id"":""o1"",""label"":""Oak""},{""id"":""o2"",""label"":""Walnut""},{""id"":""o3"",""label"":""Charcoal""},{""id"":""o4"",""label"":""White Ash""}]"
2042,saffrix-standing-desk-one,Saffrix Standing Desk One,Saffrix,Office,SK-2042-SA,"The Saffrix Standing Desk One. A dependable office pick with a clean, no-nonsense design and the everyday features you actually use.","{""warranty"":""3 years limited warranty"",""inTheBox"":""Standing Desk, Wall anchor, Assembly tools, Assembly guide"",""countryOfOrigin"":""South Korea"",""returns"":""15-day replacement, unopened"",""support"":""24×7 chat support"",""weightGrams"":1318,""material"":""Engineered oak"",""colour"":""Bone White"",""modelYear"":2024}",Finish,"[{""id"":""o1"",""label"":""Oak""},{""id"":""o2"",""label"":""Walnut""},{""id"":""o3"",""label"":""Charcoal""}]"
2043,pinecrest-monitor-arm-one,Pinecrest Monitor Arm One,Pinecrest,Office,SK-2043-PI,"The Pinecrest Monitor Arm One. A dependable office pick with a clean, no-nonsense design and the everyday features you actually use.","{""warranty"":""1 year manufacturer warranty"",""inTheBox"":""Monitor Arm, Hardware pack, Cable tray"",""countryOfOrigin"":""Thailand"",""returns"":""30-day return, original packaging"",""support"":""Phone and email, 10am–6pm IST, Mon–Sat"",""weightGrams"":24975,""material"":""Bamboo composite"",""colour"":""Forest"",""modelYear"":2021}",Finish,"[{""id"":""o1"",""label"":""Oak""},{""id"":""o2"",""label"":""Walnut""},{""id"":""o3"",""label"":""Charcoal""},{""id"":""o4"",""label"":""White Ash""}]"
2044,solvane-desk-lamp-one,Solvane Desk Lamp One,Solvane,Office,SK-2044-SO,"The Solvane Desk Lamp One. A dependable office pick with a clean, no-nonsense design and the everyday features you actually use.","{""warranty"":""3 years limited warranty"",""inTheBox"":""Desk Lamp, Assembly guide, Hardware pack, Cable tray"",""countryOfOrigin"":""Germany"",""returns"":""30-day return, original packaging"",""support"":""Phone and email, 10am–6pm IST, Mon–Sat"",""weightGrams"":23033,""material"":""Powder-coated steel"",""colour"":""Forest"",""modelYear"":2022}",Finish,"[{""id"":""o1"",""label"":""Oak""},{""id"":""o2"",""label"":""Walnut""},{""id"":""o3"",""label"":""Charcoal""},{""id"":""o4"",""label"":""White Ash""}]"
2045,quarrow-filing-cabinet-one,Quarrow Filing Cabinet One,Quarrow,Office,SK-2045-QU,"The Quarrow Filing Cabinet One. A dependable office pick with a clean, no-nonsense design and the everyday features you actually use.","{""warranty"":""6 months manufacturer warranty"",""inTheBox"":""Filing Cabinet, Cable tray, Assembly tools, Floor protectors"",""countryOfOrigin"":""Portugal"",""returns"":""7-day return or replacement"",""support"":""Email and chat, 9am–7pm IST"",""weightGrams"":24926,""material"":""Engineered oak"",""colour"":""Ice Blue"",""modelYear"":2021}",Finish,"[{""id"":""o1"",""label"":""Oak""},{""id"":""o2"",""label"":""Walnut""},{""id"":""o3"",""label"":""Charcoal""}]"
2046,brightwell-footrest-one,Brightwell Footrest One,Brightwell,Office,SK-2046-BR,"The Brightwell Footrest One. A dependable office pick with a clean, no-nonsense design and the everyday features you actually use.","{""warranty"":""3 years limited warranty"",""inTheBox"":""Footrest, Wall anchor, Assembly guide, Floor protectors, Assembly tools"",""countryOfOrigin"":""Taiwan"",""returns"":""7-day replacement, unopened"",""support"":""Email and chat, 9am–7pm IST"",""weightGrams"":13651,""material"":""Bamboo composite"",""colour"":""Ice Blue"",""modelYear"":2024}",Finish,"[{""id"":""o1"",""label"":""Oak""},{""id"":""o2"",""label"":""Walnut""},{""id"":""o3"",""label"":""Charcoal""}]"
2047,tamarack-bookshelf-one,Tamarack Bookshelf One,Tamarack,Office,SK-2047-TA,"The Tamarack Bookshelf One. A dependable office pick with a clean, no-nonsense design and the everyday features you actually use.","{""warranty"":""18 months manufacturer warranty"",""inTheBox"":""Bookshelf, Hardware pack, Floor protectors, Assembly guide"",""countryOfOrigin"":""India"",""returns"":""7-day return or replacement"",""support"":""Phone support, 9am–6pm IST, weekdays only"",""weightGrams"":23966,""material"":""Bamboo composite"",""colour"":""Graphite"",""modelYear"":2024}",Finish,"[{""id"":""o1"",""label"":""Oak""},{""id"":""o2"",""label"":""Walnut""},{""id"":""o3"",""label"":""Charcoal""}]"
2048,veloria-desk-organiser-one,Veloria Desk Organiser One,Veloria,Office,SK-2048-VE,"The Veloria Desk Organiser One. A dependable office pick with a clean, no-nonsense design and the everyday features you actually use.","{""warranty"":""2 years international warranty"",""inTheBox"":""Desk Organiser, Assembly guide, Wall anchor, Cable tray, Hardware pack"",""countryOfOrigin"":""Germany"",""returns"":""Replacement only, on verified defect"",""support"":""Email and chat, 9am–7pm IST"",""weightGrams"":18797,""material"":""Mesh and aluminium"",""colour"":""Pewter"",""modelYear"":2021}",Finish,"[{""id"":""o1"",""label"":""Oak""},{""id"":""o2"",""label"":""Walnut""}]"
2049,orbisk-floor-lamp-one,Orbisk Floor Lamp One,Orbisk,Lighting,SK-2049-OR,"The Orbisk Floor Lamp One. A dependable lighting pick with a clean, no-nonsense design and the everyday features you actually use.","{""warranty"":""5 years limited warranty"",""inTheBox"":""Floor Lamp, Mounting kit, Adhesive clips"",""countryOfOrigin"":""Czechia"",""returns"":""14-day return, restocking fee applies"",""support"":""In-app chat, 8am–8pm IST"",""weightGrams"":1657,""material"":""Anodised aluminium"",""colour"":""Midnight Navy"",""modelYear"":2023}",Tone,"[{""id"":""o1"",""label"":""Warm white""},{""id"":""o2"",""label"":""Neutral white""}]"
2050,junova-led-strip-one,Junova LED Strip One,Junova,Lighting,SK-2050-JU,"The Junova LED Strip One. A dependable lighting pick with a clean, no-nonsense design and the everyday features you actually use.","{""warranty"":""2 years international warranty"",""inTheBox"":""LED Strip, Spare diffuser, Remote control, Mounting kit, Setup guide"",""countryOfOrigin"":""Vietnam"",""returns"":""30-day return, original packaging"",""support"":""In-app chat, 8am–8pm IST"",""weightGrams"":3549,""material"":""Silicone diffuser"",""colour"":""Sandstone"",""modelYear"":2023}",Tone,"[{""id"":""o1"",""label"":""Warm white""},{""id"":""o2"",""label"":""Neutral white""},{""id"":""o3"",""label"":""Tunable white""}]"
2051,halvard-pendant-light-one,Halvard Pendant Light One,Halvard,Lighting,SK-2051-HA,"The Halvard Pendant Light One. A dependable lighting pick with a clean, no-nonsense design and the everyday features you actually use.","{""warranty"":""2 years international warranty"",""inTheBox"":""Pendant Light, Adhesive clips, Power adapter"",""countryOfOrigin"":""Portugal"",""returns"":""7-day replacement, unopened"",""support"":""Phone and email, 10am–6pm IST, Mon–Sat"",""weightGrams"":4990,""material"":""Silicone diffuser"",""colour"":""Sandstone"",""modelYear"":2025}",Tone,"[{""id"":""o1"",""label"":""Warm white""},{""id"":""o2"",""label"":""Neutral white""},{""id"":""o3"",""label"":""Tunable white""}]"
2052,redwick-smart-panel-one,Redwick Smart Panel One,Redwick,Lighting,SK-2052-RE,"The Redwick Smart Panel One. A dependable lighting pick with a clean, no-nonsense design and the everyday features you actually use.","{""warranty"":""2 years international warranty"",""inTheBox"":""Smart Panel, Setup guide, Mounting kit"",""countryOfOrigin"":""Taiwan"",""returns"":""30-day return, original packaging"",""support"":""Email, chat and phone, 9am–9pm IST"",""weightGrams"":4905,""material"":""Borosilicate glass"",""colour"":""Clay"",""modelYear"":2023}",Tone,"[{""id"":""o1"",""label"":""Warm white""},{""id"":""o2"",""label"":""Neutral white""}]"
2053,mosella-reading-light-one,Mosella Reading Light One,Mosella,Lighting,SK-2053-MO,"The Mosella Reading Light One. A dependable lighting pick with a clean, no-nonsense design and the everyday features you actually use.","{""warranty"":""18 months manufacturer warranty"",""inTheBox"":""Reading Light, Adhesive clips, Mounting kit, Power adapter, Setup guide"",""countryOfOrigin"":""India"",""returns"":""15-day replacement, unopened"",""support"":""Phone support, 9am–6pm IST, weekdays only"",""weightGrams"":6593,""material"":""Borosilicate glass"",""colour"":""Graphite"",""modelYear"":2023}",Tone,"[{""id"":""o1"",""label"":""Warm white""},{""id"":""o2"",""label"":""Neutral white""},{""id"":""o3"",""label"":""Tunable white""}]"
2054,tundrel-lantern-one,Tundrel Lantern One,Tundrel,Lighting,SK-2054-TU,"The Tundrel Lantern One. A dependable lighting pick with a clean, no-nonsense design and the everyday features you actually use.","{""warranty"":""2 years manufacturer warranty"",""inTheBox"":""Lantern, Remote control, Spare diffuser, Mounting kit, Setup guide"",""countryOfOrigin"":""Mexico"",""returns"":""Replacement only, on verified defect"",""support"":""Phone and email, 10am–6pm IST, Mon–Sat"",""weightGrams"":2268,""material"":""Powder-coated steel"",""colour"":""Matte Black"",""modelYear"":2025}",Tone,"[{""id"":""o1"",""label"":""Warm white""},{""id"":""o2"",""label"":""Neutral white""},{""id"":""o3"",""label"":""Tunable white""},{""id"":""o4"",""label"":""Full colour""}]"
2055,lumeno-wall-sconce-one,Lumeno Wall Sconce One,Lumeno,Lighting,SK-2055-LU,"The Lumeno Wall Sconce One. A dependable lighting pick with a clean, no-nonsense design and the everyday features you actually use.","{""warranty"":""3 years limited warranty"",""inTheBox"":""Wall Sconce, Remote control, Setup guide, Adhesive clips, Mounting kit"",""countryOfOrigin"":""Vietnam"",""returns"":""Replacement only, on verified defect"",""support"":""Email and chat, 9am–7pm IST"",""weightGrams"":2808,""material"":""Anodised aluminium"",""colour"":""Clay"",""modelYear"":2022}",Tone,"[{""id"":""o1"",""label"":""Warm white""},{""id"":""o2"",""label"":""Neutral white""},{""id"":""o3"",""label"":""Tunable white""}]"
2056,saffrix-light-bar-one,Saffrix Light Bar One,Saffrix,Lighting,SK-2056-SA,"The Saffrix Light Bar One. A dependable lighting pick with a clean, no-nonsense design and the everyday features you actually use.","{""warranty"":""5 years limited warranty"",""inTheBox"":""Light Bar, Mounting kit, Remote control"",""countryOfOrigin"":""Czechia"",""returns"":""7-day replacement, unopened"",""support"":""Email, chat and phone, 9am–9pm IST"",""weightGrams"":1768,""material"":""Borosilicate glass"",""colour"":""Forest"",""modelYear"":2021}",Tone,"[{""id"":""o1"",""label"":""Warm white""},{""id"":""o2"",""label"":""Neutral white""},{""id"":""o3"",""label"":""Tunable white""}]"
2057,pinecrest-hair-dryer-one,Pinecrest Hair Dryer One,Pinecrest,Personal Care,SK-2057-PI,"The Pinecrest Hair Dryer One. A dependable personal care pick with a clean, no-nonsense design and the everyday features you actually use.","{""warranty"":""2 years international warranty"",""inTheBox"":""Hair Dryer, Charging stand, Cleaning brush, Spare head, Care guide"",""countryOfOrigin"":""Germany"",""returns"":""10-day replacement, original packaging"",""support"":""24×7 chat support"",""weightGrams"":222,""material"":""Stainless steel"",""colour"":""Bone White"",""modelYear"":2025}",Set,"[{""id"":""o1"",""label"":""Single""},{""id"":""o2"",""label"":""Duo pack""}]"
2058,solvane-beard-trimmer-one,Solvane Beard Trimmer One,Solvane,Personal Care,SK-2058-SO,"The Solvane Beard Trimmer One. A dependable personal care pick with a clean, no-nonsense design and the everyday features you actually use.","{""warranty"":""18 months manufacturer warranty"",""inTheBox"":""Beard Trimmer, Guide combs, Travel pouch, Care guide"",""countryOfOrigin"":""Thailand"",""returns"":""30-day return, original packaging"",""support"":""In-app chat, 8am–8pm IST"",""weightGrams"":395,""material"":""ABS with soft-touch coating"",""colour"":""Ice Blue"",""modelYear"":2022}",Set,"[{""id"":""o1"",""label"":""Single""},{""id"":""o2"",""label"":""Duo pack""},{""id"":""o3"",""label"":""Travel set""}]"
2059,quarrow-electric-toothbrush-one,Quarrow Electric Toothbrush One,Quarrow,Personal Care,SK-2059-QU,"The Quarrow Electric Toothbrush One. A dependable personal care pick with a clean, no-nonsense design and the everyday features you actually use.","{""warranty"":""5 years limited warranty"",""inTheBox"":""Electric Toothbrush, Guide combs, Spare head"",""countryOfOrigin"":""Malaysia"",""returns"":""30-day return, original packaging"",""support"":""Phone and email, 10am–6pm IST, Mon–Sat"",""weightGrams"":864,""material"":""Stainless steel"",""colour"":""Ice Blue"",""modelYear"":2022}",Set,"[{""id"":""o1"",""label"":""Single""},{""id"":""o2"",""label"":""Duo pack""},{""id"":""o3"",""label"":""Travel set""}]"
2060,brightwell-hair-straightener-one,Brightwell Hair Straightener One,Brightwell,Personal Care,SK-2060-BR,"The Brightwell Hair Straightener One. A dependable personal care pick with a clean, no-nonsense design and the everyday features you actually use.","{""warranty"":""18 months manufacturer warranty"",""inTheBox"":""Hair Straightener, Travel pouch, Charging stand"",""countryOfOrigin"":""Portugal"",""returns"":""30-day return, original packaging"",""support"":""Email, chat and phone, 9am–9pm IST"",""weightGrams"":536,""material"":""Recycled polycarbonate"",""colour"":""Sandstone"",""modelYear"":2023}",Set,"[{""id"":""o1"",""label"":""Single""},{""id"":""o2"",""label"":""Duo pack""},{""id"":""o3"",""label"":""Travel set""}]"
2061,tamarack-massager-one,Tamarack Massager One,Tamarack,Personal Care,SK-2061-TA,"The Tamarack Massager One. A dependable personal care pick with a clean, no-nonsense design and the everyday features you actually use.","{""warranty"":""2 years international warranty"",""inTheBox"":""Massager, Care guide, Cleaning brush"",""countryOfOrigin"":""South Korea"",""returns"":""14-day return, restocking fee applies"",""support"":""Email and chat, 9am–7pm IST"",""weightGrams"":878,""material"":""Ceramic and ABS"",""colour"":""Matte Black"",""modelYear"":2021}",Set,"[{""id"":""o1"",""label"":""Single""},{""id"":""o2"",""label"":""Duo pack""},{""id"":""o3"",""label"":""Travel set""}]"
2062,veloria-shaver-one,Veloria Shaver One,Veloria,Personal Care,SK-2062-VE,"The Veloria Shaver One. A dependable personal care pick with a clean, no-nonsense design and the everyday features you actually use.","{""warranty"":""1 year manufacturer warranty"",""inTheBox"":""Shaver, Guide combs, Care guide, Travel pouch, Spare head"",""countryOfOrigin"":""India"",""returns"":""7-day return or replacement"",""support"":""24×7 chat support"",""weightGrams"":370,""material"":""ABS with soft-touch coating"",""colour"":""Oxblood"",""modelYear"":2021}",Set,"[{""id"":""o1"",""label"":""Single""},{""id"":""o2"",""label"":""Duo pack""}]"
2063,orbisk-grooming-kit-one,Orbisk Grooming Kit One,Orbisk,Personal Care,SK-2063-OR,"The Orbisk Grooming Kit One. A dependable personal care pick with a clean, no-nonsense design and the everyday features you actually use.","{""warranty"":""18 months manufacturer warranty"",""inTheBox"":""Grooming Kit, Charging stand, Cleaning brush, Travel pouch, Guide combs"",""countryOfOrigin"":""Germany"",""returns"":""15-day replacement, unopened"",""support"":""Phone support, 9am–6pm IST, weekdays only"",""weightGrams"":501,""material"":""Ceramic and ABS"",""colour"":""Slate Grey"",""modelYear"":2025}",Set,"[{""id"":""o1"",""label"":""Single""},{""id"":""o2"",""label"":""Duo pack""},{""id"":""o3"",""label"":""Travel set""},{""id"":""o4"",""label"":""Gift set""}]"
2064,junova-epilator-one,Junova Epilator One,Junova,Personal Care,SK-2064-JU,"The Junova Epilator One. A dependable personal care pick with a clean, no-nonsense design and the everyday features you actually use.","{""warranty"":""1 year manufacturer warranty"",""inTheBox"":""Epilator, Charging stand, Care guide, Travel pouch"",""countryOfOrigin"":""Malaysia"",""returns"":""Replacement only, on verified defect"",""support"":""In-app chat, 8am–8pm IST"",""weightGrams"":512,""material"":""ABS with soft-touch coating"",""colour"":""Bone White"",""modelYear"":2022}",Set,"[{""id"":""o1"",""label"":""Single""},{""id"":""o2"",""label"":""Duo pack""},{""id"":""o3"",""label"":""Travel set""},{""id"":""o4"",""label"":""Gift set""}]"
2065,halvard-digital-piano-one,Halvard Digital Piano One,Halvard,Instruments,SK-2065-HA,"The Halvard Digital Piano One. A dependable instruments pick with a clean, no-nonsense design and the everyday features you actually use.","{""warranty"":""3 years limited warranty"",""inTheBox"":""Digital Piano, Gig bag, Spare strings"",""countryOfOrigin"":""Thailand"",""returns"":""30-day return, original packaging"",""support"":""Email, chat and phone, 9am–9pm IST"",""weightGrams"":16004,""material"":""ABS with steel frame"",""colour"":""Pewter"",""modelYear"":2021}",Bundle,"[{""id"":""o1"",""label"":""Instrument only""},{""id"":""o2"",""label"":""Starter bundle""},{""id"":""o3"",""label"":""Studio bundle""}]"
2066,redwick-ukulele-one,Redwick Ukulele One,Redwick,Instruments,SK-2066-RE,"The Redwick Ukulele One. A dependable instruments pick with a clean, no-nonsense design and the everyday features you actually use.","{""warranty"":""2 years manufacturer warranty"",""inTheBox"":""Ukulele, Quick-start guide, Power adapter, Gig bag"",""countryOfOrigin"":""South Korea"",""returns"":""10-day replacement, original packaging"",""support"":""In-app chat, 8am–8pm IST"",""weightGrams"":1182,""material"":""Spruce and mahogany"",""colour"":""Pewter"",""modelYear"":2025}",Bundle,"[{""id"":""o1"",""label"":""Instrument only""},{""id"":""o2"",""label"":""Starter bundle""}]"
2067,mosella-acoustic-guitar-one,Mosella Acoustic Guitar One,Mosella,Instruments,SK-2067-MO,"The Mosella Acoustic Guitar One. A dependable instruments pick with a clean, no-nonsense design and the everyday features you actually use.","{""warranty"":""1 year manufacturer warranty"",""inTheBox"":""Acoustic Guitar, Gig bag, Tuner, Polishing cloth, Spare strings"",""countryOfOrigin"":""Portugal"",""returns"":""14-day return, restocking fee applies"",""support"":""Email only, 48-hour response"",""weightGrams"":14989,""material"":""Rosewood"",""colour"":""Pewter"",""modelYear"":2024}",Bundle,"[{""id"":""o1"",""label"":""Instrument only""},{""id"":""o2"",""label"":""Starter bundle""},{""id"":""o3"",""label"":""Studio bundle""},{""id"":""o4"",""label"":""Stage bundle""}]"
2068,tundrel-electronic-drum-kit-one,Tundrel Electronic Drum Kit One,Tundrel,Instruments,SK-2068-TU,"The Tundrel Electronic Drum Kit One. A dependable instruments pick with a clean, no-nonsense design and the everyday features you actually use.","{""warranty"":""1 year manufacturer warranty"",""inTheBox"":""Electronic Drum Kit, Power adapter, Polishing cloth, Tuner, Quick-start guide"",""countryOfOrigin"":""Mexico"",""returns"":""30-day return, original packaging"",""support"":""Phone and email, 10am–6pm IST, Mon–Sat"",""weightGrams"":13296,""material"":""Spruce and mahogany"",""colour"":""Graphite"",""modelYear"":2024}",Bundle,"[{""id"":""o1"",""label"":""Instrument only""},{""id"":""o2"",""label"":""Starter bundle""},{""id"":""o3"",""label"":""Studio bundle""}]"
2069,lumeno-midi-keyboard-one,Lumeno MIDI Keyboard One,Lumeno,Instruments,SK-2069-LU,"The Lumeno MIDI Keyboard One. A dependable instruments pick with a clean, no-nonsense design and the everyday features you actually use.","{""warranty"":""3 years limited warranty"",""inTheBox"":""MIDI Keyboard, Spare strings, Polishing cloth, Quick-start guide"",""countryOfOrigin"":""Indonesia"",""returns"":""15-day replacement, unopened"",""support"":""Email only, 48-hour response"",""weightGrams"":1769,""material"":""Maple"",""colour"":""Oxblood"",""modelYear"":2023}",Bundle,"[{""id"":""o1"",""label"":""Instrument only""},{""id"":""o2"",""label"":""Starter bundle""}]"
2070,saffrix-violin-one,Saffrix Violin One,Saffrix,Instruments,SK-2070-SA,"The Saffrix Violin One. A dependable instruments pick with a clean, no-nonsense design and the everyday features you actually use.","{""warranty"":""1 year warranty, extendable to 2 on registration"",""inTheBox"":""Violin, Spare strings, Polishing cloth, Quick-start guide, Tuner"",""countryOfOrigin"":""Indonesia"",""returns"":""Replacement only, on verified defect"",""support"":""Email, chat and phone, 9am–9pm IST"",""weightGrams"":19171,""material"":""Birch plywood"",""colour"":""Olive"",""modelYear"":2021}",Bundle,"[{""id"":""o1"",""label"":""Instrument only""},{""id"":""o2"",""label"":""Starter bundle""},{""id"":""o3"",""label"":""Studio bundle""},{""id"":""o4"",""label"":""Stage bundle""}]"
2071,pinecrest-cajon-one,Pinecrest Cajon One,Pinecrest,Instruments,SK-2071-PI,"The Pinecrest Cajon One. A dependable instruments pick with a clean, no-nonsense design and the everyday features you actually use.","{""warranty"":""2 years international warranty"",""inTheBox"":""Cajon, Tuner, Quick-start guide, Spare strings, Gig bag"",""countryOfOrigin"":""Thailand"",""returns"":""7-day return or replacement"",""support"":""Email and chat, 9am–7pm IST"",""weightGrams"":2438,""material"":""Maple"",""colour"":""Ice Blue"",""modelYear"":2023}",Bundle,"[{""id"":""o1"",""label"":""Instrument only""},{""id"":""o2"",""label"":""Starter bundle""},{""id"":""o3"",""label"":""Studio bundle""}]"
2072,solvane-synthesizer-one,Solvane Synthesizer One,Solvane,Instruments,SK-2072-SO,"The Solvane Synthesizer One. A dependable instruments pick with a clean, no-nonsense design and the everyday features you actually use.","{""warranty"":""6 months manufacturer warranty"",""inTheBox"":""Synthesizer, Quick-start guide, Gig bag, Tuner"",""countryOfOrigin"":""South Korea"",""returns"":""14-day return, restocking fee applies"",""support"":""In-app chat, 8am–8pm IST"",""weightGrams"":15572,""material"":""Spruce and mahogany"",""colour"":""Slate Grey"",""modelYear"":2022}",Bundle,"[{""id"":""o1"",""label"":""Instrument only""},{""id"":""o2"",""label"":""Starter bundle""},{""id"":""o3"",""label"":""Studio bundle""},{""id"":""o4"",""label"":""Stage bundle""}]"
2073,quarrow-wi-fi-router-one,Quarrow Wi-Fi Router One,Quarrow,Networking,SK-2073-QU,"The Quarrow Wi-Fi Router One. A dependable networking pick with a clean, no-nonsense design and the everyday features you actually use.","{""warranty"":""18 months manufacturer warranty"",""inTheBox"":""Wi-Fi Router, Setup guide, Power adapter"",""countryOfOrigin"":""Indonesia"",""returns"":""30-day return, original packaging"",""support"":""24×7 chat support"",""weightGrams"":1834,""material"":""Flame-retardant polycarbonate"",""colour"":""Oxblood"",""modelYear"":2023}",Pack,"[{""id"":""o1"",""label"":""1-pack""},{""id"":""o2"",""label"":""2-pack""},{""id"":""o3"",""label"":""3-pack""},{""id"":""o4"",""label"":""4-pack""}]"
2074,brightwell-mesh-system-one,Brightwell Mesh System One,Brightwell,Networking,SK-2074-BR,"The Brightwell Mesh System One. A dependable networking pick with a clean, no-nonsense design and the everyday features you actually use.","{""warranty"":""6 months manufacturer warranty"",""inTheBox"":""Mesh System, Wall-mount kit, Ethernet cable, Setup guide, Warranty card"",""countryOfOrigin"":""Taiwan"",""returns"":""7-day return or replacement"",""support"":""Phone and email, 10am–6pm IST, Mon–Sat"",""weightGrams"":439,""material"":""Powder-coated steel"",""colour"":""Midnight Navy"",""modelYear"":2025}",Pack,"[{""id"":""o1"",""label"":""1-pack""},{""id"":""o2"",""label"":""2-pack""}]"
2075,tamarack-network-switch-one,Tamarack Network Switch One,Tamarack,Networking,SK-2075-TA,"The Tamarack Network Switch One. A dependable networking pick with a clean, no-nonsense design and the everyday features you actually use.","{""warranty"":""6 months manufacturer warranty"",""inTheBox"":""Network Switch, Power adapter, Warranty card, Ethernet cable"",""countryOfOrigin"":""Portugal"",""returns"":""7-day return or replacement"",""support"":""Phone support, 9am–6pm IST, weekdays only"",""weightGrams"":480,""material"":""Anodised aluminium"",""colour"":""Midnight Navy"",""modelYear"":2024}",Pack,"[{""id"":""o1"",""label"":""1-pack""},{""id"":""o2"",""label"":""2-pack""},{""id"":""o3"",""label"":""3-pack""}]"
2076,veloria-range-extender-one,Veloria Range Extender One,Veloria,Networking,SK-2076-VE,"The Veloria Range Extender One. A dependable networking pick with a clean, no-nonsense design and the everyday features you actually use.","{""warranty"":""6 months manufacturer warranty"",""inTheBox"":""Range Extender, Setup guide, Warranty card"",""countryOfOrigin"":""Portugal"",""returns"":""10-day replacement, original packaging"",""support"":""Phone and email, 10am–6pm IST, Mon–Sat"",""weightGrams"":356,""material"":""Anodised aluminium"",""colour"":""Olive"",""modelYear"":2023}",Pack,"[{""id"":""o1"",""label"":""1-pack""},{""id"":""o2"",""label"":""2-pack""},{""id"":""o3"",""label"":""3-pack""},{""id"":""o4"",""label"":""4-pack""}]"
2077,orbisk-powerline-adapter-one,Orbisk Powerline Adapter One,Orbisk,Networking,SK-2077-OR,"The Orbisk Powerline Adapter One. A dependable networking pick with a clean, no-nonsense design and the everyday features you actually use.","{""warranty"":""3 years limited warranty"",""inTheBox"":""Powerline Adapter, Setup guide, Wall-mount kit, Ethernet cable, Power adapter"",""countryOfOrigin"":""South Korea"",""returns"":""7-day replacement, unopened"",""support"":""Phone support, 9am–6pm IST, weekdays only"",""weightGrams"":1818,""material"":""Recycled polycarbonate"",""colour"":""Bone White"",""modelYear"":2023}",Pack,"[{""id"":""o1"",""label"":""1-pack""},{""id"":""o2"",""label"":""2-pack""},{""id"":""o3"",""label"":""3-pack""},{""id"":""o4"",""label"":""4-pack""}]"
2078,junova-travel-router-one,Junova Travel Router One,Junova,Networking,SK-2078-JU,"The Junova Travel Router One. A dependable networking pick with a clean, no-nonsense design and the everyday features you actually use.","{""warranty"":""6 months manufacturer warranty"",""inTheBox"":""Travel Router, Ethernet cable, Wall-mount kit"",""countryOfOrigin"":""Malaysia"",""returns"":""15-day replacement, unopened"",""support"":""24×7 chat support"",""weightGrams"":1032,""material"":""Recycled polycarbonate"",""colour"":""Matte Black"",""modelYear"":2024}",Pack,"[{""id"":""o1"",""label"":""1-pack""},{""id"":""o2"",""label"":""2-pack""}]"
2079,halvard-nas-enclosure-one,Halvard NAS Enclosure One,Halvard,Networking,SK-2079-HA,"The Halvard NAS Enclosure One. A dependable networking pick with a clean, no-nonsense design and the everyday features you actually use.","{""warranty"":""2 years international warranty"",""inTheBox"":""NAS Enclosure, Power adapter, Wall-mount kit, Ethernet cable"",""countryOfOrigin"":""Portugal"",""returns"":""10-day replacement, original packaging"",""support"":""24×7 chat support"",""weightGrams"":1788,""material"":""Recycled polycarbonate"",""colour"":""Olive"",""modelYear"":2023}",Pack,"[{""id"":""o1"",""label"":""1-pack""},{""id"":""o2"",""label"":""2-pack""},{""id"":""o3"",""label"":""3-pack""}]"
2080,redwick-5g-hotspot-one,Redwick 5G Hotspot One,Redwick,Networking,SK-2080-RE,"The Redwick 5G Hotspot One. A dependable networking pick with a clean, no-nonsense design and the everyday features you actually use.","{""warranty"":""6 months manufacturer warranty"",""inTheBox"":""5G Hotspot, Power adapter, Setup guide, Warranty card"",""countryOfOrigin"":""South Korea"",""returns"":""7-day return or replacement"",""support"":""In-app chat, 8am–8pm IST"",""weightGrams"":763,""material"":""Flame-retardant polycarbonate"",""colour"":""Sandstone"",""modelYear"":2024}",Pack,"[{""id"":""o1"",""label"":""1-pack""},{""id"":""o2"",""label"":""2-pack""},{""id"":""o3"",""label"":""3-pack""},{""id"":""o4"",""label"":""4-pack""}]"
2081,mosella-mirrorless-camera-go,Mosella Mirrorless Camera Go,Mosella,Cameras,SK-2081-MO,"The Mosella Mirrorless Camera Go. A dependable cameras pick with a clean, no-nonsense design and the everyday features you actually use.","{""warranty"":""1 year warranty, extendable to 2 on registration"",""inTheBox"":""Mirrorless Camera, USB-C cable, Lens cap, Microfibre cloth"",""countryOfOrigin"":""India"",""returns"":""15-day replacement, unopened"",""support"":""Phone and email, 10am–6pm IST, Mon–Sat"",""weightGrams"":1277,""material"":""Polycarbonate with rubber grip"",""colour"":""Pewter"",""modelYear"":2023}",Kit,"[{""id"":""o1"",""label"":""Body only""},{""id"":""o2"",""label"":""Standard kit""}]"
2082,tundrel-action-camera-go,Tundrel Action Camera Go,Tundrel,Cameras,SK-2082-TU,"The Tundrel Action Camera Go. A dependable cameras pick with a clean, no-nonsense design and the everyday features you actually use.","{""warranty"":""6 months manufacturer warranty"",""inTheBox"":""Action Camera, Quick-start guide, Mounting adapter, Lens cap"",""countryOfOrigin"":""India"",""returns"":""7-day return or replacement"",""support"":""Phone and email, 10am–6pm IST, Mon–Sat"",""weightGrams"":177,""material"":""Magnesium alloy"",""colour"":""Matte Black"",""modelYear"":2023}",Kit,"[{""id"":""o1"",""label"":""Body only""},{""id"":""o2"",""label"":""Standard kit""},{""id"":""o3"",""label"":""Creator kit""}]"
2083,lumeno-instant-camera-go,Lumeno Instant Camera Go,Lumeno,Cameras,SK-2083-LU,"The Lumeno Instant Camera Go. A dependable cameras pick with a clean, no-nonsense design and the everyday features you actually use.","{""warranty"":""1 year manufacturer warranty"",""inTheBox"":""Instant Camera, Quick-start guide, Lens cap, Mounting adapter"",""countryOfOrigin"":""Germany"",""returns"":""15-day replacement, unopened"",""support"":""Email and chat, 9am–7pm IST"",""weightGrams"":1388,""material"":""Anodised aluminium"",""colour"":""Clay"",""modelYear"":2023}",Kit,"[{""id"":""o1"",""label"":""Body only""},{""id"":""o2"",""label"":""Standard kit""},{""id"":""o3"",""label"":""Creator kit""},{""id"":""o4"",""label"":""Pro kit""}]"
2084,saffrix-vlog-camera-go,Saffrix Vlog Camera Go,Saffrix,Cameras,SK-2084-SA,"The Saffrix Vlog Camera Go. A dependable cameras pick with a clean, no-nonsense design and the everyday features you actually use.","{""warranty"":""1 year manufacturer warranty"",""inTheBox"":""Vlog Camera, Mounting adapter, USB-C cable"",""countryOfOrigin"":""Taiwan"",""returns"":""14-day return, restocking fee applies"",""support"":""24×7 chat support"",""weightGrams"":851,""material"":""Glass-fibre composite"",""colour"":""Bone White"",""modelYear"":2023}",Kit,"[{""id"":""o1"",""label"":""Body only""},{""id"":""o2"",""label"":""Standard kit""},{""id"":""o3"",""label"":""Creator kit""}]"
2085,pinecrest-film-scanner-go,Pinecrest Film Scanner Go,Pinecrest,Cameras,SK-2085-PI,"The Pinecrest Film Scanner Go. A dependable cameras pick with a clean, no-nonsense design and the everyday features you actually use.","{""warranty"":""2 years manufacturer warranty"",""inTheBox"":""Film Scanner, Quick-start guide, Lens cap"",""countryOfOrigin"":""Mexico"",""returns"":""15-day replacement, unopened"",""support"":""Phone support, 9am–6pm IST, weekdays only"",""weightGrams"":603,""material"":""Anodised aluminium"",""colour"":""Bone White"",""modelYear"":2022}",Kit,"[{""id"":""o1"",""label"":""Body only""},{""id"":""o2"",""label"":""Standard kit""},{""id"":""o3"",""label"":""Creator kit""}]"
2086,solvane-dash-cam-go,Solvane Dash Cam Go,Solvane,Cameras,SK-2086-SO,"The Solvane Dash Cam Go. A dependable cameras pick with a clean, no-nonsense design and the everyday features you actually use.","{""warranty"":""3 years limited warranty"",""inTheBox"":""Dash Cam, Neck strap, Lens cap"",""countryOfOrigin"":""Mexico"",""returns"":""30-day return, original packaging"",""support"":""Email only, 48-hour response"",""weightGrams"":840,""material"":""Polycarbonate with rubber grip"",""colour"":""Clay"",""modelYear"":2024}",Kit,"[{""id"":""o1"",""label"":""Body only""},{""id"":""o2"",""label"":""Standard kit""},{""id"":""o3"",""label"":""Creator kit""}]"
2087,quarrow-trail-camera-go,Quarrow Trail Camera Go,Quarrow,Cameras,SK-2087-QU,"The Quarrow Trail Camera Go. A dependable cameras pick with a clean, no-nonsense design and the everyday features you actually use.","{""warranty"":""18 months manufacturer warranty"",""inTheBox"":""Trail Camera, Rechargeable battery, Lens cap, Quick-start guide, USB-C cable"",""countryOfOrigin"":""Indonesia"",""returns"":""15-day replacement, unopened"",""support"":""Phone and email, 10am–6pm IST, Mon–Sat"",""weightGrams"":1165,""material"":""Magnesium alloy"",""colour"":""Graphite"",""modelYear"":2024}",Kit,"[{""id"":""o1"",""label"":""Body only""},{""id"":""o2"",""label"":""Standard kit""}]"
2088,brightwell-gimbal-go,Brightwell Gimbal Go,Brightwell,Cameras,SK-2088-BR,"The Brightwell Gimbal Go. A dependable cameras pick with a clean, no-nonsense design and the everyday features you actually use.","{""warranty"":""3 years limited warranty"",""inTheBox"":""Gimbal, Quick-start guide, Neck strap"",""countryOfOrigin"":""Germany"",""returns"":""15-day replacement, unopened"",""support"":""In-app chat, 8am–8pm IST"",""weightGrams"":1172,""material"":""Polycarbonate with rubber grip"",""colour"":""Clay"",""modelYear"":2024}",Kit,"[{""id"":""o1"",""label"":""Body only""},{""id"":""o2"",""label"":""Standard kit""},{""id"":""o3"",""label"":""Creator kit""},{""id"":""o4"",""label"":""Pro kit""}]"
2089,tamarack-tablet-go,Tamarack Tablet Go,Tamarack,Tablets,SK-2089-TA,"The Tamarack Tablet Go. A dependable tablets pick with a clean, no-nonsense design and the everyday features you actually use.","{""warranty"":""18 months manufacturer warranty"",""inTheBox"":""Tablet, Quick-start guide, 20W adapter"",""countryOfOrigin"":""Malaysia"",""returns"":""10-day replacement, original packaging"",""support"":""24×7 chat support"",""weightGrams"":334,""material"":""Polycarbonate with glass front"",""colour"":""Oxblood"",""modelYear"":2021}",Storage,"[{""id"":""o1"",""label"":""64 GB""},{""id"":""o2"",""label"":""128 GB""}]"
2090,veloria-e-reader-go,Veloria E-Reader Go,Veloria,Tablets,SK-2090-VE,"The Veloria E-Reader Go. A dependable tablets pick with a clean, no-nonsense design and the everyday features you actually use.","{""warranty"":""2 years manufacturer warranty"",""inTheBox"":""E-Reader, Quick-start guide, USB-C cable, 20W adapter, Folio sleeve"",""countryOfOrigin"":""China"",""returns"":""15-day replacement, unopened"",""support"":""Email, chat and phone, 9am–9pm IST"",""weightGrams"":747,""material"":""Recycled aluminium"",""colour"":""Olive"",""modelYear"":2023}",Storage,"[{""id"":""o1"",""label"":""64 GB""},{""id"":""o2"",""label"":""128 GB""},{""id"":""o3"",""label"":""256 GB""},{""id"":""o4"",""label"":""512 GB""}]"
2091,orbisk-drawing-tablet-go,Orbisk Drawing Tablet Go,Orbisk,Tablets,SK-2091-OR,"The Orbisk Drawing Tablet Go. A dependable tablets pick with a clean, no-nonsense design and the everyday features you actually use.","{""warranty"":""5 years limited warranty"",""inTheBox"":""Drawing Tablet, Folio sleeve, Stylus, 20W adapter"",""countryOfOrigin"":""India"",""returns"":""14-day return, restocking fee applies"",""support"":""Email, chat and phone, 9am–9pm IST"",""weightGrams"":351,""material"":""Recycled aluminium"",""colour"":""Oxblood"",""modelYear"":2025}",Storage,"[{""id"":""o1"",""label"":""64 GB""},{""id"":""o2"",""label"":""128 GB""},{""id"":""o3"",""label"":""256 GB""}]"
2092,junova-kids-tablet-go,Junova Kids Tablet Go,Junova,Tablets,SK-2092-JU,"The Junova Kids Tablet Go. A dependable tablets pick with a clean, no-nonsense design and the everyday features you actually use.","{""warranty"":""2 years manufacturer warranty"",""inTheBox"":""Kids Tablet, Quick-start guide, 20W adapter, Folio sleeve"",""countryOfOrigin"":""Vietnam"",""returns"":""Replacement only, on verified defect"",""support"":""Email and chat, 9am–7pm IST"",""weightGrams"":355,""material"":""Polycarbonate with glass front"",""colour"":""Clay"",""modelYear"":2024}",Storage,"[{""id"":""o1"",""label"":""64 GB""},{""id"":""o2"",""label"":""128 GB""},{""id"":""o3"",""label"":""256 GB""},{""id"":""o4"",""label"":""512 GB""}]"
2093,halvard-note-pad-go,Halvard Note Pad Go,Halvard,Tablets,SK-2093-HA,"The Halvard Note Pad Go. A dependable tablets pick with a clean, no-nonsense design and the everyday features you actually use.","{""warranty"":""3 years limited warranty"",""inTheBox"":""Note Pad, USB-C cable, 20W adapter"",""countryOfOrigin"":""China"",""returns"":""14-day return, restocking fee applies"",""support"":""Email only, 48-hour response"",""weightGrams"":593,""material"":""Anodised aluminium"",""colour"":""Sandstone"",""modelYear"":2025}",Storage,"[{""id"":""o1"",""label"":""64 GB""},{""id"":""o2"",""label"":""128 GB""},{""id"":""o3"",""label"":""256 GB""},{""id"":""o4"",""label"":""512 GB""}]"
2094,redwick-slate-go,Redwick Slate Go,Redwick,Tablets,SK-2094-RE,"The Redwick Slate Go. A dependable tablets pick with a clean, no-nonsense design and the everyday features you actually use.","{""warranty"":""1 year warranty, extendable to 2 on registration"",""inTheBox"":""Slate, Stylus, USB-C cable, Quick-start guide"",""countryOfOrigin"":""India"",""returns"":""Replacement only, on verified defect"",""support"":""In-app chat, 8am–8pm IST"",""weightGrams"":836,""material"":""Polycarbonate with glass front"",""colour"":""Pewter"",""modelYear"":2021}",Storage,"[{""id"":""o1"",""label"":""64 GB""},{""id"":""o2"",""label"":""128 GB""},{""id"":""o3"",""label"":""256 GB""},{""id"":""o4"",""label"":""512 GB""}]"
2095,mosella-foldable-tablet-go,Mosella Foldable Tablet Go,Mosella,Tablets,SK-2095-MO,"The Mosella Foldable Tablet Go. A dependable tablets pick with a clean, no-nonsense design and the everyday features you actually use.","{""warranty"":""6 months manufacturer warranty"",""inTheBox"":""Foldable Tablet, Folio sleeve, Quick-start guide, USB-C cable, Stylus"",""countryOfOrigin"":""Portugal"",""returns"":""10-day replacement, original packaging"",""support"":""Phone and email, 10am–6pm IST, Mon–Sat"",""weightGrams"":713,""material"":""Recycled aluminium"",""colour"":""Olive"",""modelYear"":2021}",Storage,"[{""id"":""o1"",""label"":""64 GB""},{""id"":""o2"",""label"":""128 GB""},{""id"":""o3"",""label"":""256 GB""}]"
2096,tundrel-rugged-tablet-go,Tundrel Rugged Tablet Go,Tundrel,Tablets,SK-2096-TU,"The Tundrel Rugged Tablet Go. A dependable tablets pick with a clean, no-nonsense design and the everyday features you actually use.","{""warranty"":""3 years limited warranty"",""inTheBox"":""Rugged Tablet, Stylus, USB-C cable"",""countryOfOrigin"":""Mexico"",""returns"":""Replacement only, on verified defect"",""support"":""Email and chat, 9am–7pm IST"",""weightGrams"":788,""material"":""Recycled aluminium"",""colour"":""Matte Black"",""modelYear"":2022}",Storage,"[{""id"":""o1"",""label"":""64 GB""},{""id"":""o2"",""label"":""128 GB""},{""id"":""o3"",""label"":""256 GB""},{""id"":""o4"",""label"":""512 GB""}]"
2097,lumeno-controller-go,Lumeno Controller Go,Lumeno,Gaming,SK-2097-LU,"The Lumeno Controller Go. A dependable gaming pick with a clean, no-nonsense design and the everyday features you actually use.","{""warranty"":""3 years limited warranty"",""inTheBox"":""Controller, Spare thumbsticks, USB-C cable"",""countryOfOrigin"":""Taiwan"",""returns"":""10-day replacement, original packaging"",""support"":""Email only, 48-hour response"",""weightGrams"":1172,""material"":""Glass-filled nylon"",""colour"":""Bone White"",""modelYear"":2023}",Edition,"[{""id"":""o1"",""label"":""Standard""},{""id"":""o2"",""label"":""Special Edition""}]"
2098,saffrix-handheld-console-go,Saffrix Handheld Console Go,Saffrix,Gaming,SK-2098-SA,"The Saffrix Handheld Console Go. A dependable gaming pick with a clean, no-nonsense design and the everyday features you actually use.","{""warranty"":""2 years international warranty"",""inTheBox"":""Handheld Console, Wireless dongle, Sticker sheet, USB-C cable, Spare thumbsticks"",""countryOfOrigin"":""South Korea"",""returns"":""15-day replacement, unopened"",""support"":""In-app chat, 8am–8pm IST"",""weightGrams"":2211,""material"":""Aluminium and ABS"",""colour"":""Ice Blue"",""modelYear"":2024}",Edition,"[{""id"":""o1"",""label"":""Standard""},{""id"":""o2"",""label"":""Special Edition""}]"
2099,pinecrest-racing-wheel-go,Pinecrest Racing Wheel Go,Pinecrest,Gaming,SK-2099-PI,"The Pinecrest Racing Wheel Go. A dependable gaming pick with a clean, no-nonsense design and the everyday features you actually use.","{""warranty"":""1 year warranty, extendable to 2 on registration"",""inTheBox"":""Racing Wheel, USB-C cable, Spare thumbsticks, Carry case, Sticker sheet"",""countryOfOrigin"":""India"",""returns"":""Replacement only, on verified defect"",""support"":""Email, chat and phone, 9am–9pm IST"",""weightGrams"":3847,""material"":""ABS with soft-touch coating"",""colour"":""Forest"",""modelYear"":2024}",Edition,"[{""id"":""o1"",""label"":""Standard""},{""id"":""o2"",""label"":""Special Edition""},{""id"":""o3"",""label"":""Pro Bundle""},{""id"":""o4"",""label"":""Collector Bundle""}]"
2100,solvane-arcade-stick-go,Solvane Arcade Stick Go,Solvane,Gaming,SK-2100-SO,"The Solvane Arcade Stick Go. A dependable gaming pick with a clean, no-nonsense design and the everyday features you actually use.","{""warranty"":""2 years manufacturer warranty"",""inTheBox"":""Arcade Stick, Wireless dongle, Carry case, Sticker sheet"",""countryOfOrigin"":""Mexico"",""returns"":""7-day replacement, unopened"",""support"":""Email only, 48-hour response"",""weightGrams"":3590,""material"":""Recycled polycarbonate"",""colour"":""Oxblood"",""modelYear"":2023}",Edition,"[{""id"":""o1"",""label"":""Standard""},{""id"":""o2"",""label"":""Special Edition""},{""id"":""o3"",""label"":""Pro Bundle""},{""id"":""o4"",""label"":""Collector Bundle""}]"
2101,quarrow-gaming-headset-go,Quarrow Gaming Headset Go,Quarrow,Gaming,SK-2101-QU,"The Quarrow Gaming Headset Go. A dependable gaming pick with a clean, no-nonsense design and the everyday features you actually use.","{""warranty"":""1 year warranty, extendable to 2 on registration"",""inTheBox"":""Gaming Headset, Carry case, Spare thumbsticks"",""countryOfOrigin"":""Vietnam"",""returns"":""30-day return, original packaging"",""support"":""Email, chat and phone, 9am–9pm IST"",""weightGrams"":1919,""material"":""Aluminium and ABS"",""colour"":""Ice Blue"",""modelYear"":2022}",Edition,"[{""id"":""o1"",""label"":""Standard""},{""id"":""o2"",""label"":""Special Edition""}]"
2102,brightwell-capture-card-go,Brightwell Capture Card Go,Brightwell,Gaming,SK-2102-BR,"The Brightwell Capture Card Go. A dependable gaming pick with a clean, no-nonsense design and the everyday features you actually use.","{""warranty"":""5 years limited warranty"",""inTheBox"":""Capture Card, Carry case, Wireless dongle, Quick-start guide"",""countryOfOrigin"":""Portugal"",""returns"":""10-day replacement, original packaging"",""support"":""Phone support, 9am–6pm IST, weekdays only"",""weightGrams"":4922,""material"":""Aluminium and ABS"",""colour"":""Bone White"",""modelYear"":2023}",Edition,"[{""id"":""o1"",""label"":""Standard""},{""id"":""o2"",""label"":""Special Edition""},{""id"":""o3"",""label"":""Pro Bundle""},{""id"":""o4"",""label"":""Collector Bundle""}]"
2103,tamarack-flight-stick-go,Tamarack Flight Stick Go,Tamarack,Gaming,SK-2103-TA,"The Tamarack Flight Stick Go. A dependable gaming pick with a clean, no-nonsense design and the everyday features you actually use.","{""warranty"":""2 years manufacturer warranty"",""inTheBox"":""Flight Stick, Sticker sheet, USB-C cable, Carry case"",""countryOfOrigin"":""Indonesia"",""returns"":""Replacement only, on verified defect"",""support"":""Email only, 48-hour response"",""weightGrams"":3882,""material"":""ABS with soft-touch coating"",""colour"":""Bone White"",""modelYear"":2025}",Edition,"[{""id"":""o1"",""label"":""Standard""},{""id"":""o2"",""label"":""Special Edition""},{""id"":""o3"",""label"":""Pro Bundle""},{""id"":""o4"",""label"":""Collector Bundle""}]"
2104,veloria-vr-headset-go,Veloria VR Headset Go,Veloria,Gaming,SK-2104-VE,"The Veloria VR Headset Go. A dependable gaming pick with a clean, no-nonsense design and the everyday features you actually use.","{""warranty"":""1 year warranty, extendable to 2 on registration"",""inTheBox"":""VR Headset, Carry case, Spare thumbsticks"",""countryOfOrigin"":""Taiwan"",""returns"":""Replacement only, on verified defect"",""support"":""In-app chat, 8am–8pm IST"",""weightGrams"":3845,""material"":""Recycled polycarbonate"",""colour"":""Oxblood"",""modelYear"":2021}",Edition,"[{""id"":""o1"",""label"":""Standard""},{""id"":""o2"",""label"":""Special Edition""},{""id"":""o3"",""label"":""Pro Bundle""},{""id"":""o4"",""label"":""Collector Bundle""}]"
2105,orbisk-dumbbell-set-go,Orbisk Dumbbell Set Go,Orbisk,Fitness,SK-2105-OR,"The Orbisk Dumbbell Set Go. A dependable fitness pick with a clean, no-nonsense design and the everyday features you actually use.","{""warranty"":""5 years limited warranty"",""inTheBox"":""Dumbbell Set, Care card, Grip pads"",""countryOfOrigin"":""Germany"",""returns"":""14-day return, restocking fee applies"",""support"":""Phone support, 9am–6pm IST, weekdays only"",""weightGrams"":5583,""material"":""TPE foam"",""colour"":""Midnight Navy"",""modelYear"":2022}",Level,"[{""id"":""o1"",""label"":""Starter""},{""id"":""o2"",""label"":""Regular""},{""id"":""o3"",""label"":""Advanced""}]"
2106,junova-yoga-mat-go,Junova Yoga Mat Go,Junova,Fitness,SK-2106-JU,"The Junova Yoga Mat Go. A dependable fitness pick with a clean, no-nonsense design and the everyday features you actually use.","{""warranty"":""6 months manufacturer warranty"",""inTheBox"":""Yoga Mat, Anchor strap, Care card, Storage bag"",""countryOfOrigin"":""Vietnam"",""returns"":""15-day replacement, unopened"",""support"":""Phone support, 9am–6pm IST, weekdays only"",""weightGrams"":15375,""material"":""EVA foam"",""colour"":""Ice Blue"",""modelYear"":2023}",Level,"[{""id"":""o1"",""label"":""Starter""},{""id"":""o2"",""label"":""Regular""}]"
2107,halvard-rowing-machine-go,Halvard Rowing Machine Go,Halvard,Fitness,SK-2107-HA,"The Halvard Rowing Machine Go. A dependable fitness pick with a clean, no-nonsense design and the everyday features you actually use.","{""warranty"":""3 years limited warranty"",""inTheBox"":""Rowing Machine, Grip pads, Assembly tools"",""countryOfOrigin"":""Taiwan"",""returns"":""Replacement only, on verified defect"",""support"":""Phone and email, 10am–6pm IST, Mon–Sat"",""weightGrams"":47987,""material"":""Powder-coated steel"",""colour"":""Ice Blue"",""modelYear"":2021}",Level,"[{""id"":""o1"",""label"":""Starter""},{""id"":""o2"",""label"":""Regular""},{""id"":""o3"",""label"":""Advanced""},{""id"":""o4"",""label"":""Elite""}]"
2108,redwick-resistance-bands-go,Redwick Resistance Bands Go,Redwick,Fitness,SK-2108-RE,"The Redwick Resistance Bands Go. A dependable fitness pick with a clean, no-nonsense design and the everyday features you actually use.","{""warranty"":""5 years limited warranty"",""inTheBox"":""Resistance Bands, Exercise chart, Assembly tools, Storage bag, Grip pads"",""countryOfOrigin"":""Mexico"",""returns"":""30-day return, original packaging"",""support"":""Email, chat and phone, 9am–9pm IST"",""weightGrams"":31460,""material"":""Powder-coated steel"",""colour"":""Pewter"",""modelYear"":2023}",Level,"[{""id"":""o1"",""label"":""Starter""},{""id"":""o2"",""label"":""Regular""},{""id"":""o3"",""label"":""Advanced""}]"
2109,mosella-kettlebell-go,Mosella Kettlebell Go,Mosella,Fitness,SK-2109-MO,"The Mosella Kettlebell Go. A dependable fitness pick with a clean, no-nonsense design and the everyday features you actually use.","{""warranty"":""5 years limited warranty"",""inTheBox"":""Kettlebell, Care card, Assembly tools, Exercise chart"",""countryOfOrigin"":""Thailand"",""returns"":""7-day replacement, unopened"",""support"":""Phone and email, 10am–6pm IST, Mon–Sat"",""weightGrams"":24565,""material"":""EVA foam"",""colour"":""Midnight Navy"",""modelYear"":2021}",Level,"[{""id"":""o1"",""label"":""Starter""},{""id"":""o2"",""label"":""Regular""},{""id"":""o3"",""label"":""Advanced""}]"
2110,tundrel-spin-bike-go,Tundrel Spin Bike Go,Tundrel,Fitness,SK-2110-TU,"The Tundrel Spin Bike Go. A dependable fitness pick with a clean, no-nonsense design and the everyday features you actually use.","{""warranty"":""3 years limited warranty"",""inTheBox"":""Spin Bike, Storage bag, Assembly tools, Grip pads"",""countryOfOrigin"":""Portugal"",""returns"":""15-day replacement, unopened"",""support"":""Phone support, 9am–6pm IST, weekdays only"",""weightGrams"":20838,""material"":""TPE foam"",""colour"":""Graphite"",""modelYear"":2021}",Level,"[{""id"":""o1"",""label"":""Starter""},{""id"":""o2"",""label"":""Regular""}]"
2111,lumeno-foam-roller-go,Lumeno Foam Roller Go,Lumeno,Fitness,SK-2111-LU,"The Lumeno Foam Roller Go. A dependable fitness pick with a clean, no-nonsense design and the everyday features you actually use.","{""warranty"":""2 years manufacturer warranty"",""inTheBox"":""Foam Roller, Care card, Storage bag, Exercise chart, Anchor strap"",""countryOfOrigin"":""Portugal"",""returns"":""15-day replacement, unopened"",""support"":""Email, chat and phone, 9am–9pm IST"",""weightGrams"":47238,""material"":""Natural rubber"",""colour"":""Ice Blue"",""modelYear"":2025}",Level,"[{""id"":""o1"",""label"":""Starter""},{""id"":""o2"",""label"":""Regular""}]"
2112,saffrix-pull-up-bar-go,Saffrix Pull-up Bar Go,Saffrix,Fitness,SK-2112-SA,"The Saffrix Pull-up Bar Go. A dependable fitness pick with a clean, no-nonsense design and the everyday features you actually use.","{""warranty"":""1 year manufacturer warranty"",""inTheBox"":""Pull-up Bar, Care card, Grip pads"",""countryOfOrigin"":""Taiwan"",""returns"":""30-day return, original packaging"",""support"":""Phone and email, 10am–6pm IST, Mon–Sat"",""weightGrams"":11558,""material"":""EVA foam"",""colour"":""Matte Black"",""modelYear"":2025}",Level,"[{""id"":""o1"",""label"":""Starter""},{""id"":""o2"",""label"":""Regular""},{""id"":""o3"",""label"":""Advanced""},{""id"":""o4"",""label"":""Elite""}]"
2113,pinecrest-tent-go,Pinecrest Tent Go,Pinecrest,Outdoor,SK-2113-PI,"The Pinecrest Tent Go. A dependable outdoor pick with a clean, no-nonsense design and the everyday features you actually use.","{""warranty"":""6 months manufacturer warranty"",""inTheBox"":""Tent, Carabiner, Stuff sack"",""countryOfOrigin"":""Czechia"",""returns"":""7-day return or replacement"",""support"":""In-app chat, 8am–8pm IST"",""weightGrams"":3792,""material"":""Stainless steel"",""colour"":""Ice Blue"",""modelYear"":2024}",Capacity,"[{""id"":""o1"",""label"":""Solo""},{""id"":""o2"",""label"":""Duo""}]"
2114,solvane-sleeping-bag-go,Solvane Sleeping Bag Go,Solvane,Outdoor,SK-2114-SO,"The Solvane Sleeping Bag Go. A dependable outdoor pick with a clean, no-nonsense design and the everyday features you actually use.","{""warranty"":""1 year warranty, extendable to 2 on registration"",""inTheBox"":""Sleeping Bag, Pegs, Care card, Stuff sack, Carabiner"",""countryOfOrigin"":""Thailand"",""returns"":""14-day return, restocking fee applies"",""support"":""Email only, 48-hour response"",""weightGrams"":2461,""material"":""Ripstop polyester"",""colour"":""Forest"",""modelYear"":2023}",Capacity,"[{""id"":""o1"",""label"":""Solo""},{""id"":""o2"",""label"":""Duo""},{""id"":""o3"",""label"":""Family""}]"
2115,quarrow-camp-stove-go,Quarrow Camp Stove Go,Quarrow,Outdoor,SK-2115-QU,"The Quarrow Camp Stove Go. A dependable outdoor pick with a clean, no-nonsense design and the everyday features you actually use.","{""warranty"":""2 years international warranty"",""inTheBox"":""Camp Stove, Carabiner, Repair kit, Stuff sack"",""countryOfOrigin"":""Taiwan"",""returns"":""30-day return, original packaging"",""support"":""Email only, 48-hour response"",""weightGrams"":4236,""material"":""Ripstop polyester"",""colour"":""Midnight Navy"",""modelYear"":2025}",Capacity,"[{""id"":""o1"",""label"":""Solo""},{""id"":""o2"",""label"":""Duo""}]"
2116,brightwell-trekking-poles-go,Brightwell Trekking Poles Go,Brightwell,Outdoor,SK-2116-BR,"The Brightwell Trekking Poles Go. A dependable outdoor pick with a clean, no-nonsense design and the everyday features you actually use.","{""warranty"":""1 year warranty, extendable to 2 on registration"",""inTheBox"":""Trekking Poles, Care card, Repair kit, Pegs, Stuff sack"",""countryOfOrigin"":""Vietnam"",""returns"":""30-day return, original packaging"",""support"":""Phone support, 9am–6pm IST, weekdays only"",""weightGrams"":3195,""material"":""Recycled PET weave"",""colour"":""Ice Blue"",""modelYear"":2025}",Capacity,"[{""id"":""o1"",""label"":""Solo""},{""id"":""o2"",""label"":""Duo""},{""id"":""o3"",""label"":""Family""}]"
2117,tamarack-headlamp-go,Tamarack Headlamp Go,Tamarack,Outdoor,SK-2117-TA,"The Tamarack Headlamp Go. A dependable outdoor pick with a clean, no-nonsense design and the everyday features you actually use.","{""warranty"":""3 years limited warranty"",""inTheBox"":""Headlamp, Pegs, Care card, Guy lines"",""countryOfOrigin"":""Taiwan"",""returns"":""30-day return, original packaging"",""support"":""In-app chat, 8am–8pm IST"",""weightGrams"":4985,""material"":""Stainless steel"",""colour"":""Slate Grey"",""modelYear"":2023}",Capacity,"[{""id"":""o1"",""label"":""Solo""},{""id"":""o2"",""label"":""Duo""}]"
2118,veloria-cooler-box-go,Veloria Cooler Box Go,Veloria,Outdoor,SK-2118-VE,"The Veloria Cooler Box Go. A dependable outdoor pick with a clean, no-nonsense design and the everyday features you actually use.","{""warranty"":""1 year manufacturer warranty"",""inTheBox"":""Cooler Box, Guy lines, Care card"",""countryOfOrigin"":""South Korea"",""returns"":""7-day return or replacement"",""support"":""Email and chat, 9am–7pm IST"",""weightGrams"":3534,""material"":""Aluminium alloy"",""colour"":""Clay"",""modelYear"":2023}",Capacity,"[{""id"":""o1"",""label"":""Solo""},{""id"":""o2"",""label"":""Duo""},{""id"":""o3"",""label"":""Family""}]"
2119,orbisk-hammock-go,Orbisk Hammock Go,Orbisk,Outdoor,SK-2119-OR,"The Orbisk Hammock Go. A dependable outdoor pick with a clean, no-nonsense design and the everyday features you actually use.","{""warranty"":""3 years limited warranty"",""inTheBox"":""Hammock, Guy lines, Stuff sack, Carabiner"",""countryOfOrigin"":""Taiwan"",""returns"":""7-day replacement, unopened"",""support"":""Email, chat and phone, 9am–9pm IST"",""weightGrams"":3357,""material"":""Ripstop nylon"",""colour"":""Sandstone"",""modelYear"":2021}",Capacity,"[{""id"":""o1"",""label"":""Solo""},{""id"":""o2"",""label"":""Duo""},{""id"":""o3"",""label"":""Family""}]"
2120,junova-camp-chair-go,Junova Camp Chair Go,Junova,Outdoor,SK-2120-JU,"The Junova Camp Chair Go. A dependable outdoor pick with a clean, no-nonsense design and the everyday features you actually use.","{""warranty"":""6 months manufacturer warranty"",""inTheBox"":""Camp Chair, Repair kit, Stuff sack, Pegs, Guy lines"",""countryOfOrigin"":""India"",""returns"":""30-day return, original packaging"",""support"":""In-app chat, 8am–8pm IST"",""weightGrams"":4847,""material"":""Recycled PET weave"",""colour"":""Graphite"",""modelYear"":2024}",Capacity,"[{""id"":""o1"",""label"":""Solo""},{""id"":""o2"",""label"":""Duo""},{""id"":""o3"",""label"":""Family""}]"
2121,halvard-desk-chair-go,Halvard Desk Chair Go,Halvard,Office,SK-2121-HA,"The Halvard Desk Chair Go. A dependable office pick with a clean, no-nonsense design and the everyday features you actually use.","{""warranty"":""2 years manufacturer warranty"",""inTheBox"":""Desk Chair, Assembly tools, Floor protectors"",""countryOfOrigin"":""Czechia"",""returns"":""14-day return, restocking fee applies"",""support"":""Phone and email, 10am–6pm IST, Mon–Sat"",""weightGrams"":15532,""material"":""Mesh and aluminium"",""colour"":""Pewter"",""modelYear"":2024}",Finish,"[{""id"":""o1"",""label"":""Oak""},{""id"":""o2"",""label"":""Walnut""},{""id"":""o3"",""label"":""Charcoal""}]"
2122,redwick-standing-desk-go,Redwick Standing Desk Go,Redwick,Office,SK-2122-RE,"The Redwick Standing Desk Go. A dependable office pick with a clean, no-nonsense design and the everyday features you actually use.","{""warranty"":""1 year warranty, extendable to 2 on registration"",""inTheBox"":""Standing Desk, Cable tray, Hardware pack"",""countryOfOrigin"":""Germany"",""returns"":""15-day replacement, unopened"",""support"":""Email only, 48-hour response"",""weightGrams"":1298,""material"":""Bamboo composite"",""colour"":""Bone White"",""modelYear"":2021}",Finish,"[{""id"":""o1"",""label"":""Oak""},{""id"":""o2"",""label"":""Walnut""}]"
2123,mosella-monitor-arm-go,Mosella Monitor Arm Go,Mosella,Office,SK-2123-MO,"The Mosella Monitor Arm Go. A dependable office pick with a clean, no-nonsense design and the everyday features you actually use.","{""warranty"":""2 years international warranty"",""inTheBox"":""Monitor Arm, Assembly guide, Assembly tools"",""countryOfOrigin"":""Mexico"",""returns"":""7-day replacement, unopened"",""support"":""24×7 chat support"",""weightGrams"":22203,""material"":""Solid beech"",""colour"":""Sandstone"",""modelYear"":2022}",Finish,"[{""id"":""o1"",""label"":""Oak""},{""id"":""o2"",""label"":""Walnut""},{""id"":""o3"",""label"":""Charcoal""}]"
2124,tundrel-desk-lamp-go,Tundrel Desk Lamp Go,Tundrel,Office,SK-2124-TU,"The Tundrel Desk Lamp Go. A dependable office pick with a clean, no-nonsense design and the everyday features you actually use.","{""warranty"":""1 year manufacturer warranty"",""inTheBox"":""Desk Lamp, Hardware pack, Wall anchor, Floor protectors"",""countryOfOrigin"":""Taiwan"",""returns"":""7-day return or replacement"",""support"":""Email only, 48-hour response"",""weightGrams"":1266,""material"":""Powder-coated steel"",""colour"":""Olive"",""modelYear"":2023}",Finish,"[{""id"":""o1"",""label"":""Oak""},{""id"":""o2"",""label"":""Walnut""},{""id"":""o3"",""label"":""Charcoal""},{""id"":""o4"",""label"":""White Ash""}]"
2125,lumeno-filing-cabinet-go,Lumeno Filing Cabinet Go,Lumeno,Office,SK-2125-LU,"The Lumeno Filing Cabinet Go. A dependable office pick with a clean, no-nonsense design and the everyday features you actually use.","{""warranty"":""1 year manufacturer warranty"",""inTheBox"":""Filing Cabinet, Floor protectors, Assembly guide"",""countryOfOrigin"":""Portugal"",""returns"":""10-day replacement, original packaging"",""support"":""24×7 chat support"",""weightGrams"":26984,""material"":""Mesh and aluminium"",""colour"":""Forest"",""modelYear"":2021}",Finish,"[{""id"":""o1"",""label"":""Oak""},{""id"":""o2"",""label"":""Walnut""},{""id"":""o3"",""label"":""Charcoal""}]"
2126,saffrix-footrest-go,Saffrix Footrest Go,Saffrix,Office,SK-2126-SA,"The Saffrix Footrest Go. A dependable office pick with a clean, no-nonsense design and the everyday features you actually use.","{""warranty"":""1 year warranty, extendable to 2 on registration"",""inTheBox"":""Footrest, Cable tray, Wall anchor, Hardware pack, Assembly guide"",""countryOfOrigin"":""Mexico"",""returns"":""14-day return, restocking fee applies"",""support"":""Email and chat, 9am–7pm IST"",""weightGrams"":14007,""material"":""Powder-coated steel"",""colour"":""Graphite"",""modelYear"":2025}",Finish,"[{""id"":""o1"",""label"":""Oak""},{""id"":""o2"",""label"":""Walnut""},{""id"":""o3"",""label"":""Charcoal""},{""id"":""o4"",""label"":""White Ash""}]"
2127,pinecrest-bookshelf-go,Pinecrest Bookshelf Go,Pinecrest,Office,SK-2127-PI,"The Pinecrest Bookshelf Go. A dependable office pick with a clean, no-nonsense design and the everyday features you actually use.","{""warranty"":""18 months manufacturer warranty"",""inTheBox"":""Bookshelf, Cable tray, Floor protectors, Assembly tools"",""countryOfOrigin"":""Germany"",""returns"":""7-day replacement, unopened"",""support"":""24×7 chat support"",""weightGrams"":30351,""material"":""Mesh and aluminium"",""colour"":""Sandstone"",""modelYear"":2021}",Finish,"[{""id"":""o1"",""label"":""Oak""},{""id"":""o2"",""label"":""Walnut""},{""id"":""o3"",""label"":""Charcoal""},{""id"":""o4"",""label"":""White Ash""}]"
2128,solvane-desk-organiser-go,Solvane Desk Organiser Go,Solvane,Office,SK-2128-SO,"The Solvane Desk Organiser Go. A dependable office pick with a clean, no-nonsense design and the everyday features you actually use.","{""warranty"":""1 year manufacturer warranty"",""inTheBox"":""Desk Organiser, Cable tray, Assembly tools"",""countryOfOrigin"":""Indonesia"",""returns"":""Replacement only, on verified defect"",""support"":""In-app chat, 8am–8pm IST"",""weightGrams"":31382,""material"":""Bamboo composite"",""colour"":""Sandstone"",""modelYear"":2023}",Finish,"[{""id"":""o1"",""label"":""Oak""},{""id"":""o2"",""label"":""Walnut""},{""id"":""o3"",""label"":""Charcoal""},{""id"":""o4"",""label"":""White Ash""}]"
2129,quarrow-floor-lamp-go,Quarrow Floor Lamp Go,Quarrow,Lighting,SK-2129-QU,"The Quarrow Floor Lamp Go. A dependable lighting pick with a clean, no-nonsense design and the everyday features you actually use.","{""warranty"":""1 year manufacturer warranty"",""inTheBox"":""Floor Lamp, Adhesive clips, Mounting kit"",""countryOfOrigin"":""China"",""returns"":""7-day replacement, unopened"",""support"":""Email only, 48-hour response"",""weightGrams"":3827,""material"":""Powder-coated steel"",""colour"":""Ice Blue"",""modelYear"":2021}",Tone,"[{""id"":""o1"",""label"":""Warm white""},{""id"":""o2"",""label"":""Neutral white""},{""id"":""o3"",""label"":""Tunable white""},{""id"":""o4"",""label"":""Full colour""}]"
2130,brightwell-led-strip-go,Brightwell LED Strip Go,Brightwell,Lighting,SK-2130-BR,"The Brightwell LED Strip Go. A dependable lighting pick with a clean, no-nonsense design and the everyday features you actually use.","{""warranty"":""5 years limited warranty"",""inTheBox"":""LED Strip, Setup guide, Remote control"",""countryOfOrigin"":""Czechia"",""returns"":""7-day return or replacement"",""support"":""Email only, 48-hour response"",""weightGrams"":646,""material"":""Borosilicate glass"",""colour"":""Clay"",""modelYear"":2022}",Tone,"[{""id"":""o1"",""label"":""Warm white""},{""id"":""o2"",""label"":""Neutral white""},{""id"":""o3"",""label"":""Tunable white""},{""id"":""o4"",""label"":""Full colour""}]"
2131,tamarack-pendant-light-go,Tamarack Pendant Light Go,Tamarack,Lighting,SK-2131-TA,"The Tamarack Pendant Light Go. A dependable lighting pick with a clean, no-nonsense design and the everyday features you actually use.","{""warranty"":""5 years limited warranty"",""inTheBox"":""Pendant Light, Spare diffuser, Adhesive clips"",""countryOfOrigin"":""Malaysia"",""returns"":""14-day return, restocking fee applies"",""support"":""Email and chat, 9am–7pm IST"",""weightGrams"":4928,""material"":""Anodised aluminium"",""colour"":""Matte Black"",""modelYear"":2022}",Tone,"[{""id"":""o1"",""label"":""Warm white""},{""id"":""o2"",""label"":""Neutral white""},{""id"":""o3"",""label"":""Tunable white""},{""id"":""o4"",""label"":""Full colour""}]"
2132,veloria-smart-panel-go,Veloria Smart Panel Go,Veloria,Lighting,SK-2132-VE,"The Veloria Smart Panel Go. A dependable lighting pick with a clean, no-nonsense design and the everyday features you actually use.","{""warranty"":""5 years limited warranty"",""inTheBox"":""Smart Panel, Adhesive clips, Mounting kit, Spare diffuser"",""countryOfOrigin"":""Taiwan"",""returns"":""10-day replacement, original packaging"",""support"":""Email only, 48-hour response"",""weightGrams"":5590,""material"":""Borosilicate glass"",""colour"":""Slate Grey"",""modelYear"":2021}",Tone,"[{""id"":""o1"",""label"":""Warm white""},{""id"":""o2"",""label"":""Neutral white""},{""id"":""o3"",""label"":""Tunable white""},{""id"":""o4"",""label"":""Full colour""}]"
2133,orbisk-reading-light-go,Orbisk Reading Light Go,Orbisk,Lighting,SK-2133-OR,"The Orbisk Reading Light Go. A dependable lighting pick with a clean, no-nonsense design and the everyday features you actually use.","{""warranty"":""6 months manufacturer warranty"",""inTheBox"":""Reading Light, Remote control, Setup guide, Mounting kit, Adhesive clips"",""countryOfOrigin"":""Indonesia"",""returns"":""14-day return, restocking fee applies"",""support"":""Email, chat and phone, 9am–9pm IST"",""weightGrams"":1266,""material"":""Silicone diffuser"",""colour"":""Oxblood"",""modelYear"":2024}",Tone,"[{""id"":""o1"",""label"":""Warm white""},{""id"":""o2"",""label"":""Neutral white""}]"
2134,junova-lantern-go,Junova Lantern Go,Junova,Lighting,SK-2134-JU,"The Junova Lantern Go. A dependable lighting pick with a clean, no-nonsense design and the everyday features you actually use.","{""warranty"":""2 years manufacturer warranty"",""inTheBox"":""Lantern, Setup guide, Adhesive clips, Mounting kit"",""countryOfOrigin"":""Indonesia"",""returns"":""15-day replacement, unopened"",""support"":""Phone support, 9am–6pm IST, weekdays only"",""weightGrams"":3354,""material"":""Powder-coated steel"",""colour"":""Ice Blue"",""modelYear"":2023}",Tone,"[{""id"":""o1"",""label"":""Warm white""},{""id"":""o2"",""label"":""Neutral white""}]"
2135,halvard-wall-sconce-go,Halvard Wall Sconce Go,Halvard,Lighting,SK-2135-HA,"The Halvard Wall Sconce Go. A dependable lighting pick with a clean, no-nonsense design and the everyday features you actually use.","{""warranty"":""1 year warranty, extendable to 2 on registration"",""inTheBox"":""Wall Sconce, Setup guide, Adhesive clips, Power adapter"",""countryOfOrigin"":""India"",""returns"":""14-day return, restocking fee applies"",""support"":""In-app chat, 8am–8pm IST"",""weightGrams"":6101,""material"":""Powder-coated steel"",""colour"":""Olive"",""modelYear"":2023}",Tone,"[{""id"":""o1"",""label"":""Warm white""},{""id"":""o2"",""label"":""Neutral white""},{""id"":""o3"",""label"":""Tunable white""},{""id"":""o4"",""label"":""Full colour""}]"
2136,redwick-light-bar-go,Redwick Light Bar Go,Redwick,Lighting,SK-2136-RE,"The Redwick Light Bar Go. A dependable lighting pick with a clean, no-nonsense design and the everyday features you actually use.","{""warranty"":""1 year manufacturer warranty"",""inTheBox"":""Light Bar, Power adapter, Spare diffuser, Mounting kit"",""countryOfOrigin"":""Malaysia"",""returns"":""15-day replacement, unopened"",""support"":""Phone and email, 10am–6pm IST, Mon–Sat"",""weightGrams"":5830,""material"":""Borosilicate glass"",""colour"":""Sandstone"",""modelYear"":2021}",Tone,"[{""id"":""o1"",""label"":""Warm white""},{""id"":""o2"",""label"":""Neutral white""}]"
2137,mosella-hair-dryer-go,Mosella Hair Dryer Go,Mosella,Personal Care,SK-2137-MO,"The Mosella Hair Dryer Go. A dependable personal care pick with a clean, no-nonsense design and the everyday features you actually use.","{""warranty"":""18 months manufacturer warranty"",""inTheBox"":""Hair Dryer, Spare head, Charging stand"",""countryOfOrigin"":""China"",""returns"":""10-day replacement, original packaging"",""support"":""Email, chat and phone, 9am–9pm IST"",""weightGrams"":501,""material"":""Recycled polycarbonate"",""colour"":""Pewter"",""modelYear"":2021}",Set,"[{""id"":""o1"",""label"":""Single""},{""id"":""o2"",""label"":""Duo pack""}]"
2138,tundrel-beard-trimmer-go,Tundrel Beard Trimmer Go,Tundrel,Personal Care,SK-2138-TU,"The Tundrel Beard Trimmer Go. A dependable personal care pick with a clean, no-nonsense design and the everyday features you actually use.","{""warranty"":""2 years international warranty"",""inTheBox"":""Beard Trimmer, Travel pouch, Charging stand, Care guide, Cleaning brush"",""countryOfOrigin"":""Portugal"",""returns"":""7-day replacement, unopened"",""support"":""24×7 chat support"",""weightGrams"":478,""material"":""Recycled polycarbonate"",""colour"":""Ice Blue"",""modelYear"":2025}",Set,"[{""id"":""o1"",""label"":""Single""},{""id"":""o2"",""label"":""Duo pack""},{""id"":""o3"",""label"":""Travel set""}]"
2139,lumeno-electric-toothbrush-go,Lumeno Electric Toothbrush Go,Lumeno,Personal Care,SK-2139-LU,"The Lumeno Electric Toothbrush Go. A dependable personal care pick with a clean, no-nonsense design and the everyday features you actually use.","{""warranty"":""2 years international warranty"",""inTheBox"":""Electric Toothbrush, Charging stand, Care guide"",""countryOfOrigin"":""Germany"",""returns"":""30-day return, original packaging"",""support"":""Phone support, 9am–6pm IST, weekdays only"",""weightGrams"":286,""material"":""Recycled polycarbonate"",""colour"":""Ice Blue"",""modelYear"":2025}",Set,"[{""id"":""o1"",""label"":""Single""},{""id"":""o2"",""label"":""Duo pack""},{""id"":""o3"",""label"":""Travel set""},{""id"":""o4"",""label"":""Gift set""}]"
2140,saffrix-hair-straightener-go,Saffrix Hair Straightener Go,Saffrix,Personal Care,SK-2140-SA,"The Saffrix Hair Straightener Go. A dependable personal care pick with a clean, no-nonsense design and the everyday features you actually use.","{""warranty"":""1 year warranty, extendable to 2 on registration"",""inTheBox"":""Hair Straightener, Spare head, Travel pouch, Care guide, Cleaning brush"",""countryOfOrigin"":""Vietnam"",""returns"":""15-day replacement, unopened"",""support"":""Email and chat, 9am–7pm IST"",""weightGrams"":286,""material"":""Ceramic and ABS"",""colour"":""Sandstone"",""modelYear"":2022}",Set,"[{""id"":""o1"",""label"":""Single""},{""id"":""o2"",""label"":""Duo pack""}]"
2141,pinecrest-massager-go,Pinecrest Massager Go,Pinecrest,Personal Care,SK-2141-PI,"The Pinecrest Massager Go. A dependable personal care pick with a clean, no-nonsense design and the everyday features you actually use.","{""warranty"":""18 months manufacturer warranty"",""inTheBox"":""Massager, Cleaning brush, Care guide"",""countryOfOrigin"":""India"",""returns"":""30-day return, original packaging"",""support"":""Email and chat, 9am–7pm IST"",""weightGrams"":327,""material"":""Ceramic and ABS"",""colour"":""Graphite"",""modelYear"":2022}",Set,"[{""id"":""o1"",""label"":""Single""},{""id"":""o2"",""label"":""Duo pack""},{""id"":""o3"",""label"":""Travel set""}]"
2142,solvane-shaver-go,Solvane Shaver Go,Solvane,Personal Care,SK-2142-SO,"The Solvane Shaver Go. A dependable personal care pick with a clean, no-nonsense design and the everyday features you actually use.","{""warranty"":""5 years limited warranty"",""inTheBox"":""Shaver, Charging stand, Spare head, Care guide, Travel pouch"",""countryOfOrigin"":""Malaysia"",""returns"":""15-day replacement, unopened"",""support"":""Email, chat and phone, 9am–9pm IST"",""weightGrams"":392,""material"":""Recycled polycarbonate"",""colour"":""Sandstone"",""modelYear"":2022}",Set,"[{""id"":""o1"",""label"":""Single""},{""id"":""o2"",""label"":""Duo pack""}]"
2143,quarrow-grooming-kit-go,Quarrow Grooming Kit Go,Quarrow,Personal Care,SK-2143-QU,"The Quarrow Grooming Kit Go. A dependable personal care pick with a clean, no-nonsense design and the everyday features you actually use.","{""warranty"":""2 years international warranty"",""inTheBox"":""Grooming Kit, Travel pouch, Care guide, Guide combs, Charging stand"",""countryOfOrigin"":""Indonesia"",""returns"":""14-day return, restocking fee applies"",""support"":""Phone and email, 10am–6pm IST, Mon–Sat"",""weightGrams"":139,""material"":""Stainless steel"",""colour"":""Oxblood"",""modelYear"":2025}",Set,"[{""id"":""o1"",""label"":""Single""},{""id"":""o2"",""label"":""Duo pack""},{""id"":""o3"",""label"":""Travel set""}]"
2144,brightwell-epilator-go,Brightwell Epilator Go,Brightwell,Personal Care,SK-2144-BR,"The Brightwell Epilator Go. A dependable personal care pick with a clean, no-nonsense design and the everyday features you actually use.","{""warranty"":""18 months manufacturer warranty"",""inTheBox"":""Epilator, Travel pouch, Spare head"",""countryOfOrigin"":""Taiwan"",""returns"":""15-day replacement, unopened"",""support"":""In-app chat, 8am–8pm IST"",""weightGrams"":611,""material"":""ABS with soft-touch coating"",""colour"":""Clay"",""modelYear"":2024}",Set,"[{""id"":""o1"",""label"":""Single""},{""id"":""o2"",""label"":""Duo pack""},{""id"":""o3"",""label"":""Travel set""}]"
2145,tamarack-digital-piano-go,Tamarack Digital Piano Go,Tamarack,Instruments,SK-2145-TA,"The Tamarack Digital Piano Go. A dependable instruments pick with a clean, no-nonsense design and the everyday features you actually use.","{""warranty"":""2 years international warranty"",""inTheBox"":""Digital Piano, Tuner, Spare strings"",""countryOfOrigin"":""Indonesia"",""returns"":""7-day replacement, unopened"",""support"":""In-app chat, 8am–8pm IST"",""weightGrams"":20436,""material"":""ABS with steel frame"",""colour"":""Midnight Navy"",""modelYear"":2024}",Bundle,"[{""id"":""o1"",""label"":""Instrument only""},{""id"":""o2"",""label"":""Starter bundle""},{""id"":""o3"",""label"":""Studio bundle""}]"
2146,veloria-ukulele-go,Veloria Ukulele Go,Veloria,Instruments,SK-2146-VE,"The Veloria Ukulele Go. A dependable instruments pick with a clean, no-nonsense design and the everyday features you actually use.","{""warranty"":""5 years limited warranty"",""inTheBox"":""Ukulele, Polishing cloth, Power adapter"",""countryOfOrigin"":""Portugal"",""returns"":""30-day return, original packaging"",""support"":""24×7 chat support"",""weightGrams"":1534,""material"":""Maple"",""colour"":""Sandstone"",""modelYear"":2023}",Bundle,"[{""id"":""o1"",""label"":""Instrument only""},{""id"":""o2"",""label"":""Starter bundle""},{""id"":""o3"",""label"":""Studio bundle""},{""id"":""o4"",""label"":""Stage bundle""}]"
2147,orbisk-acoustic-guitar-go,Orbisk Acoustic Guitar Go,Orbisk,Instruments,SK-2147-OR,"The Orbisk Acoustic Guitar Go. A dependable instruments pick with a clean, no-nonsense design and the everyday features you actually use.","{""warranty"":""18 months manufacturer warranty"",""inTheBox"":""Acoustic Guitar, Power adapter, Polishing cloth, Tuner"",""countryOfOrigin"":""Taiwan"",""returns"":""30-day return, original packaging"",""support"":""Email only, 48-hour response"",""weightGrams"":7205,""material"":""Spruce and mahogany"",""colour"":""Ice Blue"",""modelYear"":2024}",Bundle,"[{""id"":""o1"",""label"":""Instrument only""},{""id"":""o2"",""label"":""Starter bundle""}]"
2148,junova-electronic-drum-kit-go,Junova Electronic Drum Kit Go,Junova,Instruments,SK-2148-JU,"The Junova Electronic Drum Kit Go. A dependable instruments pick with a clean, no-nonsense design and the everyday features you actually use.","{""warranty"":""18 months manufacturer warranty"",""inTheBox"":""Electronic Drum Kit, Spare strings, Tuner, Polishing cloth"",""countryOfOrigin"":""China"",""returns"":""30-day return, original packaging"",""support"":""24×7 chat support"",""weightGrams"":9309,""material"":""Birch plywood"",""colour"":""Forest"",""modelYear"":2021}",Bundle,"[{""id"":""o1"",""label"":""Instrument only""},{""id"":""o2"",""label"":""Starter bundle""},{""id"":""o3"",""label"":""Studio bundle""}]"
2149,halvard-midi-keyboard-go,Halvard MIDI Keyboard Go,Halvard,Instruments,SK-2149-HA,"The Halvard MIDI Keyboard Go. A dependable instruments pick with a clean, no-nonsense design and the everyday features you actually use.","{""warranty"":""1 year warranty, extendable to 2 on registration"",""inTheBox"":""MIDI Keyboard, Gig bag, Spare strings, Quick-start guide, Tuner"",""countryOfOrigin"":""South Korea"",""returns"":""Replacement only, on verified defect"",""support"":""24×7 chat support"",""weightGrams"":18620,""material"":""Birch plywood"",""colour"":""Slate Grey"",""modelYear"":2024}",Bundle,"[{""id"":""o1"",""label"":""Instrument only""},{""id"":""o2"",""label"":""Starter bundle""},{""id"":""o3"",""label"":""Studio bundle""},{""id"":""o4"",""label"":""Stage bundle""}]"
2150,redwick-violin-go,Redwick Violin Go,Redwick,Instruments,SK-2150-RE,"The Redwick Violin Go. A dependable instruments pick with a clean, no-nonsense design and the everyday features you actually use.","{""warranty"":""6 months manufacturer warranty"",""inTheBox"":""Violin, Spare strings, Tuner"",""countryOfOrigin"":""Portugal"",""returns"":""7-day replacement, unopened"",""support"":""Email, chat and phone, 9am–9pm IST"",""weightGrams"":1177,""material"":""Birch plywood"",""colour"":""Oxblood"",""modelYear"":2024}",Bundle,"[{""id"":""o1"",""label"":""Instrument only""},{""id"":""o2"",""label"":""Starter bundle""},{""id"":""o3"",""label"":""Studio bundle""},{""id"":""o4"",""label"":""Stage bundle""}]"
2151,mosella-cajon-go,Mosella Cajon Go,Mosella,Instruments,SK-2151-MO,"The Mosella Cajon Go. A dependable instruments pick with a clean, no-nonsense design and the everyday features you actually use.","{""warranty"":""3 years limited warranty"",""inTheBox"":""Cajon, Power adapter, Spare strings, Gig bag"",""countryOfOrigin"":""Vietnam"",""returns"":""30-day return, original packaging"",""support"":""In-app chat, 8am–8pm IST"",""weightGrams"":17795,""material"":""Maple"",""colour"":""Bone White"",""modelYear"":2021}",Bundle,"[{""id"":""o1"",""label"":""Instrument only""},{""id"":""o2"",""label"":""Starter bundle""},{""id"":""o3"",""label"":""Studio bundle""},{""id"":""o4"",""label"":""Stage bundle""}]"
2152,tundrel-synthesizer-go,Tundrel Synthesizer Go,Tundrel,Instruments,SK-2152-TU,"The Tundrel Synthesizer Go. A dependable instruments pick with a clean, no-nonsense design and the everyday features you actually use.","{""warranty"":""5 years limited warranty"",""inTheBox"":""Synthesizer, Polishing cloth, Spare strings"",""countryOfOrigin"":""Czechia"",""returns"":""10-day replacement, original packaging"",""support"":""Phone and email, 10am–6pm IST, Mon–Sat"",""weightGrams"":21530,""material"":""ABS with steel frame"",""colour"":""Oxblood"",""modelYear"":2024}",Bundle,"[{""id"":""o1"",""label"":""Instrument only""},{""id"":""o2"",""label"":""Starter bundle""},{""id"":""o3"",""label"":""Studio bundle""},{""id"":""o4"",""label"":""Stage bundle""}]"
2153,lumeno-wi-fi-router-go,Lumeno Wi-Fi Router Go,Lumeno,Networking,SK-2153-LU,"The Lumeno Wi-Fi Router Go. A dependable networking pick with a clean, no-nonsense design and the everyday features you actually use.","{""warranty"":""1 year warranty, extendable to 2 on registration"",""inTheBox"":""Wi-Fi Router, Setup guide, Power adapter"",""countryOfOrigin"":""Portugal"",""returns"":""7-day replacement, unopened"",""support"":""In-app chat, 8am–8pm IST"",""weightGrams"":1340,""material"":""Flame-retardant polycarbonate"",""colour"":""Bone White"",""modelYear"":2021}",Pack,"[{""id"":""o1"",""label"":""1-pack""},{""id"":""o2"",""label"":""2-pack""},{""id"":""o3"",""label"":""3-pack""},{""id"":""o4"",""label"":""4-pack""}]"
2154,saffrix-mesh-system-go,Saffrix Mesh System Go,Saffrix,Networking,SK-2154-SA,"The Saffrix Mesh System Go. A dependable networking pick with a clean, no-nonsense design and the everyday features you actually use.","{""warranty"":""1 year warranty, extendable to 2 on registration"",""inTheBox"":""Mesh System, Setup guide, Ethernet cable, Warranty card, Wall-mount kit"",""countryOfOrigin"":""India"",""returns"":""14-day return, restocking fee applies"",""support"":""Email, chat and phone, 9am–9pm IST"",""weightGrams"":1960,""material"":""Anodised aluminium"",""colour"":""Oxblood"",""modelYear"":2023}",Pack,"[{""id"":""o1"",""label"":""1-pack""},{""id"":""o2"",""label"":""2-pack""},{""id"":""o3"",""label"":""3-pack""},{""id"":""o4"",""label"":""4-pack""}]"
2155,pinecrest-network-switch-go,Pinecrest Network Switch Go,Pinecrest,Networking,SK-2155-PI,"The Pinecrest Network Switch Go. A dependable networking pick with a clean, no-nonsense design and the everyday features you actually use.","{""warranty"":""2 years manufacturer warranty"",""inTheBox"":""Network Switch, Power adapter, Wall-mount kit, Setup guide, Warranty card"",""countryOfOrigin"":""China"",""returns"":""15-day replacement, unopened"",""support"":""24×7 chat support"",""weightGrams"":1419,""material"":""Powder-coated steel"",""colour"":""Graphite"",""modelYear"":2025}",Pack,"[{""id"":""o1"",""label"":""1-pack""},{""id"":""o2"",""label"":""2-pack""},{""id"":""o3"",""label"":""3-pack""},{""id"":""o4"",""label"":""4-pack""}]"
2156,solvane-range-extender-go,Solvane Range Extender Go,Solvane,Networking,SK-2156-SO,"The Solvane Range Extender Go. A dependable networking pick with a clean, no-nonsense design and the everyday features you actually use.","{""warranty"":""5 years limited warranty"",""inTheBox"":""Range Extender, Wall-mount kit, Power adapter, Setup guide"",""countryOfOrigin"":""South Korea"",""returns"":""30-day return, original packaging"",""support"":""Email, chat and phone, 9am–9pm IST"",""weightGrams"":177,""material"":""Recycled polycarbonate"",""colour"":""Clay"",""modelYear"":2023}",Pack,"[{""id"":""o1"",""label"":""1-pack""},{""id"":""o2"",""label"":""2-pack""},{""id"":""o3"",""label"":""3-pack""}]"
2157,quarrow-powerline-adapter-go,Quarrow Powerline Adapter Go,Quarrow,Networking,SK-2157-QU,"The Quarrow Powerline Adapter Go. A dependable networking pick with a clean, no-nonsense design and the everyday features you actually use.","{""warranty"":""5 years limited warranty"",""inTheBox"":""Powerline Adapter, Ethernet cable, Wall-mount kit"",""countryOfOrigin"":""Indonesia"",""returns"":""7-day return or replacement"",""support"":""24×7 chat support"",""weightGrams"":2019,""material"":""Recycled polycarbonate"",""colour"":""Slate Grey"",""modelYear"":2021}",Pack,"[{""id"":""o1"",""label"":""1-pack""},{""id"":""o2"",""label"":""2-pack""}]"
2158,brightwell-travel-router-go,Brightwell Travel Router Go,Brightwell,Networking,SK-2158-BR,"The Brightwell Travel Router Go. A dependable networking pick with a clean, no-nonsense design and the everyday features you actually use.","{""warranty"":""2 years manufacturer warranty"",""inTheBox"":""Travel Router, Warranty card, Ethernet cable"",""countryOfOrigin"":""India"",""returns"":""Replacement only, on verified defect"",""support"":""24×7 chat support"",""weightGrams"":1198,""material"":""Flame-retardant polycarbonate"",""colour"":""Ice Blue"",""modelYear"":2021}",Pack,"[{""id"":""o1"",""label"":""1-pack""},{""id"":""o2"",""label"":""2-pack""},{""id"":""o3"",""label"":""3-pack""}]"
2159,tamarack-nas-enclosure-go,Tamarack NAS Enclosure Go,Tamarack,Networking,SK-2159-TA,"The Tamarack NAS Enclosure Go. A dependable networking pick with a clean, no-nonsense design and the everyday features you actually use.","{""warranty"":""18 months manufacturer warranty"",""inTheBox"":""NAS Enclosure, Power adapter, Wall-mount kit"",""countryOfOrigin"":""Czechia"",""returns"":""Replacement only, on verified defect"",""support"":""Email only, 48-hour response"",""weightGrams"":449,""material"":""Powder-coated steel"",""colour"":""Oxblood"",""modelYear"":2021}",Pack,"[{""id"":""o1"",""label"":""1-pack""},{""id"":""o2"",""label"":""2-pack""},{""id"":""o3"",""label"":""3-pack""}]"
2160,veloria-5g-hotspot-go,Veloria 5G Hotspot Go,Veloria,Networking,SK-2160-VE,"The Veloria 5G Hotspot Go. A dependable networking pick with a clean, no-nonsense design and the everyday features you actually use.","{""warranty"":""3 years limited warranty"",""inTheBox"":""5G Hotspot, Warranty card, Wall-mount kit, Setup guide, Ethernet cable"",""countryOfOrigin"":""Taiwan"",""returns"":""10-day replacement, original packaging"",""support"":""Email, chat and phone, 9am–9pm IST"",""weightGrams"":2025,""material"":""Powder-coated steel"",""colour"":""Forest"",""modelYear"":2023}",Pack,"[{""id"":""o1"",""label"":""1-pack""},{""id"":""o2"",""label"":""2-pack""},{""id"":""o3"",""label"":""3-pack""},{""id"":""o4"",""label"":""4-pack""}]"
2161,orbisk-mirrorless-camera-edge,Orbisk Mirrorless Camera Edge,Orbisk,Cameras,SK-2161-OR,"The Orbisk Mirrorless Camera Edge. A dependable cameras pick with a clean, no-nonsense design and the everyday features you actually use.","{""warranty"":""2 years manufacturer warranty"",""inTheBox"":""Mirrorless Camera, Lens cap, Neck strap, Rechargeable battery, USB-C cable"",""countryOfOrigin"":""Portugal"",""returns"":""10-day replacement, original packaging"",""support"":""24×7 chat support"",""weightGrams"":1172,""material"":""Glass-fibre composite"",""colour"":""Forest"",""modelYear"":2022}",Kit,"[{""id"":""o1"",""label"":""Body only""},{""id"":""o2"",""label"":""Standard kit""},{""id"":""o3"",""label"":""Creator kit""}]"
2162,junova-action-camera-edge,Junova Action Camera Edge,Junova,Cameras,SK-2162-JU,"The Junova Action Camera Edge. A dependable cameras pick with a clean, no-nonsense design and the everyday features you actually use.","{""warranty"":""2 years manufacturer warranty"",""inTheBox"":""Action Camera, USB-C cable, Quick-start guide, Lens cap"",""countryOfOrigin"":""Indonesia"",""returns"":""10-day replacement, original packaging"",""support"":""Email, chat and phone, 9am–9pm IST"",""weightGrams"":791,""material"":""Anodised aluminium"",""colour"":""Clay"",""modelYear"":2023}",Kit,"[{""id"":""o1"",""label"":""Body only""},{""id"":""o2"",""label"":""Standard kit""}]"
2163,halvard-instant-camera-edge,Halvard Instant Camera Edge,Halvard,Cameras,SK-2163-HA,"The Halvard Instant Camera Edge. A dependable cameras pick with a clean, no-nonsense design and the everyday features you actually use.","{""warranty"":""2 years international warranty"",""inTheBox"":""Instant Camera, Rechargeable battery, Neck strap, Mounting adapter"",""countryOfOrigin"":""Czechia"",""returns"":""10-day replacement, original packaging"",""support"":""Email and chat, 9am–7pm IST"",""weightGrams"":155,""material"":""Polycarbonate with rubber grip"",""colour"":""Ice Blue"",""modelYear"":2022}",Kit,"[{""id"":""o1"",""label"":""Body only""},{""id"":""o2"",""label"":""Standard kit""}]"
2164,redwick-vlog-camera-edge,Redwick Vlog Camera Edge,Redwick,Cameras,SK-2164-RE,"The Redwick Vlog Camera Edge. A dependable cameras pick with a clean, no-nonsense design and the everyday features you actually use.","{""warranty"":""6 months manufacturer warranty"",""inTheBox"":""Vlog Camera, Mounting adapter, USB-C cable, Rechargeable battery"",""countryOfOrigin"":""South Korea"",""returns"":""10-day replacement, original packaging"",""support"":""Email and chat, 9am–7pm IST"",""weightGrams"":459,""material"":""Polycarbonate with rubber grip"",""colour"":""Graphite"",""modelYear"":2021}",Kit,"[{""id"":""o1"",""label"":""Body only""},{""id"":""o2"",""label"":""Standard kit""},{""id"":""o3"",""label"":""Creator kit""},{""id"":""o4"",""label"":""Pro kit""}]"
2165,mosella-film-scanner-edge,Mosella Film Scanner Edge,Mosella,Cameras,SK-2165-MO,"The Mosella Film Scanner Edge. A dependable cameras pick with a clean, no-nonsense design and the everyday features you actually use.","{""warranty"":""1 year warranty, extendable to 2 on registration"",""inTheBox"":""Film Scanner, USB-C cable, Lens cap"",""countryOfOrigin"":""Taiwan"",""returns"":""15-day replacement, unopened"",""support"":""In-app chat, 8am–8pm IST"",""weightGrams"":352,""material"":""Magnesium alloy"",""colour"":""Clay"",""modelYear"":2025}",Kit,"[{""id"":""o1"",""label"":""Body only""},{""id"":""o2"",""label"":""Standard kit""},{""id"":""o3"",""label"":""Creator kit""}]"
2166,tundrel-dash-cam-edge,Tundrel Dash Cam Edge,Tundrel,Cameras,SK-2166-TU,"The Tundrel Dash Cam Edge. A dependable cameras pick with a clean, no-nonsense design and the everyday features you actually use.","{""warranty"":""3 years limited warranty"",""inTheBox"":""Dash Cam, USB-C cable, Microfibre cloth, Mounting adapter, Lens cap"",""countryOfOrigin"":""China"",""returns"":""7-day return or replacement"",""support"":""Phone support, 9am–6pm IST, weekdays only"",""weightGrams"":860,""material"":""Polycarbonate with rubber grip"",""colour"":""Matte Black"",""modelYear"":2024}",Kit,"[{""id"":""o1"",""label"":""Body only""},{""id"":""o2"",""label"":""Standard kit""},{""id"":""o3"",""label"":""Creator kit""}]"
2167,lumeno-trail-camera-edge,Lumeno Trail Camera Edge,Lumeno,Cameras,SK-2167-LU,"The Lumeno Trail Camera Edge. A dependable cameras pick with a clean, no-nonsense design and the everyday features you actually use.","{""warranty"":""1 year manufacturer warranty"",""inTheBox"":""Trail Camera, Neck strap, Rechargeable battery, Lens cap"",""countryOfOrigin"":""India"",""returns"":""10-day replacement, original packaging"",""support"":""Phone and email, 10am–6pm IST, Mon–Sat"",""weightGrams"":1146,""material"":""Glass-fibre composite"",""colour"":""Matte Black"",""modelYear"":2024}",Kit,"[{""id"":""o1"",""label"":""Body only""},{""id"":""o2"",""label"":""Standard kit""},{""id"":""o3"",""label"":""Creator kit""}]"
2168,saffrix-gimbal-edge,Saffrix Gimbal Edge,Saffrix,Cameras,SK-2168-SA,"The Saffrix Gimbal Edge. A dependable cameras pick with a clean, no-nonsense design and the everyday features you actually use.","{""warranty"":""18 months manufacturer warranty"",""inTheBox"":""Gimbal, Neck strap, USB-C cable, Lens cap"",""countryOfOrigin"":""Vietnam"",""returns"":""15-day replacement, unopened"",""support"":""Email and chat, 9am–7pm IST"",""weightGrams"":568,""material"":""Glass-fibre composite"",""colour"":""Forest"",""modelYear"":2025}",Kit,"[{""id"":""o1"",""label"":""Body only""},{""id"":""o2"",""label"":""Standard kit""},{""id"":""o3"",""label"":""Creator kit""}]"
2169,pinecrest-tablet-edge,Pinecrest Tablet Edge,Pinecrest,Tablets,SK-2169-PI,"The Pinecrest Tablet Edge. A dependable tablets pick with a clean, no-nonsense design and the everyday features you actually use.","{""warranty"":""2 years international warranty"",""inTheBox"":""Tablet, SIM tool, USB-C cable, Stylus"",""countryOfOrigin"":""China"",""returns"":""7-day replacement, unopened"",""support"":""Phone support, 9am–6pm IST, weekdays only"",""weightGrams"":297,""material"":""Recycled aluminium"",""colour"":""Bone White"",""modelYear"":2022}",Storage,"[{""id"":""o1"",""label"":""64 GB""},{""id"":""o2"",""label"":""128 GB""},{""id"":""o3"",""label"":""256 GB""},{""id"":""o4"",""label"":""512 GB""}]"
2170,solvane-e-reader-edge,Solvane E-Reader Edge,Solvane,Tablets,SK-2170-SO,"The Solvane E-Reader Edge. A dependable tablets pick with a clean, no-nonsense design and the everyday features you actually use.","{""warranty"":""2 years manufacturer warranty"",""inTheBox"":""E-Reader, Folio sleeve, USB-C cable, Stylus, Quick-start guide"",""countryOfOrigin"":""Malaysia"",""returns"":""10-day replacement, original packaging"",""support"":""24×7 chat support"",""weightGrams"":828,""material"":""Magnesium alloy"",""colour"":""Sandstone"",""modelYear"":2024}",Storage,"[{""id"":""o1"",""label"":""64 GB""},{""id"":""o2"",""label"":""128 GB""}]"
2171,quarrow-drawing-tablet-edge,Quarrow Drawing Tablet Edge,Quarrow,Tablets,SK-2171-QU,"The Quarrow Drawing Tablet Edge. A dependable tablets pick with a clean, no-nonsense design and the everyday features you actually use.","{""warranty"":""1 year warranty, extendable to 2 on registration"",""inTheBox"":""Drawing Tablet, Quick-start guide, SIM tool, 20W adapter, Folio sleeve"",""countryOfOrigin"":""Portugal"",""returns"":""15-day replacement, unopened"",""support"":""In-app chat, 8am–8pm IST"",""weightGrams"":852,""material"":""Anodised aluminium"",""colour"":""Pewter"",""modelYear"":2025}",Storage,"[{""id"":""o1"",""label"":""64 GB""},{""id"":""o2"",""label"":""128 GB""},{""id"":""o3"",""label"":""256 GB""},{""id"":""o4"",""label"":""512 GB""}]"
2172,brightwell-kids-tablet-edge,Brightwell Kids Tablet Edge,Brightwell,Tablets,SK-2172-BR,"The Brightwell Kids Tablet Edge. A dependable tablets pick with a clean, no-nonsense design and the everyday features you actually use.","{""warranty"":""5 years limited warranty"",""inTheBox"":""Kids Tablet, Folio sleeve, Stylus, USB-C cable"",""countryOfOrigin"":""Portugal"",""returns"":""10-day replacement, original packaging"",""support"":""Email only, 48-hour response"",""weightGrams"":734,""material"":""Recycled aluminium"",""colour"":""Clay"",""modelYear"":2023}",Storage,"[{""id"":""o1"",""label"":""64 GB""},{""id"":""o2"",""label"":""128 GB""}]"
2173,tamarack-note-pad-edge,Tamarack Note Pad Edge,Tamarack,Tablets,SK-2173-TA,"The Tamarack Note Pad Edge. A dependable tablets pick with a clean, no-nonsense design and the everyday features you actually use.","{""warranty"":""2 years international warranty"",""inTheBox"":""Note Pad, USB-C cable, Quick-start guide, 20W adapter, Folio sleeve"",""countryOfOrigin"":""Indonesia"",""returns"":""30-day return, original packaging"",""support"":""24×7 chat support"",""weightGrams"":613,""material"":""Magnesium alloy"",""colour"":""Slate Grey"",""modelYear"":2025}",Storage,"[{""id"":""o1"",""label"":""64 GB""},{""id"":""o2"",""label"":""128 GB""},{""id"":""o3"",""label"":""256 GB""}]"
2174,veloria-slate-edge,Veloria Slate Edge,Veloria,Tablets,SK-2174-VE,"The Veloria Slate Edge. A dependable tablets pick with a clean, no-nonsense design and the everyday features you actually use.","{""warranty"":""1 year manufacturer warranty"",""inTheBox"":""Slate, SIM tool, 20W adapter, Quick-start guide"",""countryOfOrigin"":""Taiwan"",""returns"":""7-day replacement, unopened"",""support"":""Email, chat and phone, 9am–9pm IST"",""weightGrams"":308,""material"":""Magnesium alloy"",""colour"":""Midnight Navy"",""modelYear"":2021}",Storage,"[{""id"":""o1"",""label"":""64 GB""},{""id"":""o2"",""label"":""128 GB""},{""id"":""o3"",""label"":""256 GB""}]"
2175,orbisk-foldable-tablet-edge,Orbisk Foldable Tablet Edge,Orbisk,Tablets,SK-2175-OR,"The Orbisk Foldable Tablet Edge. A dependable tablets pick with a clean, no-nonsense design and the everyday features you actually use.","{""warranty"":""1 year warranty, extendable to 2 on registration"",""inTheBox"":""Foldable Tablet, USB-C cable, Stylus"",""countryOfOrigin"":""Indonesia"",""returns"":""10-day replacement, original packaging"",""support"":""In-app chat, 8am–8pm IST"",""weightGrams"":314,""material"":""Anodised aluminium"",""colour"":""Clay"",""modelYear"":2023}",Storage,"[{""id"":""o1"",""label"":""64 GB""},{""id"":""o2"",""label"":""128 GB""},{""id"":""o3"",""label"":""256 GB""}]"
2176,junova-rugged-tablet-edge,Junova Rugged Tablet Edge,Junova,Tablets,SK-2176-JU,"The Junova Rugged Tablet Edge. A dependable tablets pick with a clean, no-nonsense design and the everyday features you actually use.","{""warranty"":""18 months manufacturer warranty"",""inTheBox"":""Rugged Tablet, USB-C cable, SIM tool, Stylus"",""countryOfOrigin"":""Malaysia"",""returns"":""15-day replacement, unopened"",""support"":""Email, chat and phone, 9am–9pm IST"",""weightGrams"":817,""material"":""Magnesium alloy"",""colour"":""Pewter"",""modelYear"":2025}",Storage,"[{""id"":""o1"",""label"":""64 GB""},{""id"":""o2"",""label"":""128 GB""},{""id"":""o3"",""label"":""256 GB""}]"
2177,halvard-controller-edge,Halvard Controller Edge,Halvard,Gaming,SK-2177-HA,"The Halvard Controller Edge. A dependable gaming pick with a clean, no-nonsense design and the everyday features you actually use.","{""warranty"":""2 years international warranty"",""inTheBox"":""Controller, Carry case, Sticker sheet, Quick-start guide, Spare thumbsticks"",""countryOfOrigin"":""Mexico"",""returns"":""7-day replacement, unopened"",""support"":""Phone and email, 10am–6pm IST, Mon–Sat"",""weightGrams"":5414,""material"":""ABS with soft-touch coating"",""colour"":""Olive"",""modelYear"":2025}",Edition,"[{""id"":""o1"",""label"":""Standard""},{""id"":""o2"",""label"":""Special Edition""}]"
2178,redwick-handheld-console-edge,Redwick Handheld Console Edge,Redwick,Gaming,SK-2178-RE,"The Redwick Handheld Console Edge. A dependable gaming pick with a clean, no-nonsense design and the everyday features you actually use.","{""warranty"":""18 months manufacturer warranty"",""inTheBox"":""Handheld Console, Spare thumbsticks, Wireless dongle, Quick-start guide"",""countryOfOrigin"":""Malaysia"",""returns"":""10-day replacement, original packaging"",""support"":""Email and chat, 9am–7pm IST"",""weightGrams"":5146,""material"":""Recycled polycarbonate"",""colour"":""Clay"",""modelYear"":2024}",Edition,"[{""id"":""o1"",""label"":""Standard""},{""id"":""o2"",""label"":""Special Edition""},{""id"":""o3"",""label"":""Pro Bundle""}]"
2179,mosella-racing-wheel-edge,Mosella Racing Wheel Edge,Mosella,Gaming,SK-2179-MO,"The Mosella Racing Wheel Edge. A dependable gaming pick with a clean, no-nonsense design and the everyday features you actually use.","{""warranty"":""5 years limited warranty"",""inTheBox"":""Racing Wheel, Quick-start guide, USB-C cable, Carry case, Sticker sheet"",""countryOfOrigin"":""South Korea"",""returns"":""15-day replacement, unopened"",""support"":""24×7 chat support"",""weightGrams"":244,""material"":""Glass-filled nylon"",""colour"":""Olive"",""modelYear"":2021}",Edition,"[{""id"":""o1"",""label"":""Standard""},{""id"":""o2"",""label"":""Special Edition""},{""id"":""o3"",""label"":""Pro Bundle""}]"
2180,tundrel-arcade-stick-edge,Tundrel Arcade Stick Edge,Tundrel,Gaming,SK-2180-TU,"The Tundrel Arcade Stick Edge. A dependable gaming pick with a clean, no-nonsense design and the everyday features you actually use.","{""warranty"":""1 year manufacturer warranty"",""inTheBox"":""Arcade Stick, Quick-start guide, USB-C cable, Sticker sheet"",""countryOfOrigin"":""Portugal"",""returns"":""10-day replacement, original packaging"",""support"":""Email and chat, 9am–7pm IST"",""weightGrams"":2891,""material"":""ABS with soft-touch coating"",""colour"":""Oxblood"",""modelYear"":2025}",Edition,"[{""id"":""o1"",""label"":""Standard""},{""id"":""o2"",""label"":""Special Edition""}]"
2181,lumeno-gaming-headset-edge,Lumeno Gaming Headset Edge,Lumeno,Gaming,SK-2181-LU,"The Lumeno Gaming Headset Edge. A dependable gaming pick with a clean, no-nonsense design and the everyday features you actually use.","{""warranty"":""18 months manufacturer warranty"",""inTheBox"":""Gaming Headset, Sticker sheet, Spare thumbsticks"",""countryOfOrigin"":""Portugal"",""returns"":""Replacement only, on verified defect"",""support"":""Email only, 48-hour response"",""weightGrams"":828,""material"":""Aluminium and ABS"",""colour"":""Bone White"",""modelYear"":2022}",Edition,"[{""id"":""o1"",""label"":""Standard""},{""id"":""o2"",""label"":""Special Edition""},{""id"":""o3"",""label"":""Pro Bundle""},{""id"":""o4"",""label"":""Collector Bundle""}]"
2182,saffrix-capture-card-edge,Saffrix Capture Card Edge,Saffrix,Gaming,SK-2182-SA,"The Saffrix Capture Card Edge. A dependable gaming pick with a clean, no-nonsense design and the everyday features you actually use.","{""warranty"":""6 months manufacturer warranty"",""inTheBox"":""Capture Card, Wireless dongle, USB-C cable"",""countryOfOrigin"":""China"",""returns"":""7-day return or replacement"",""support"":""In-app chat, 8am–8pm IST"",""weightGrams"":3716,""material"":""ABS with soft-touch coating"",""colour"":""Clay"",""modelYear"":2025}",Edition,"[{""id"":""o1"",""label"":""Standard""},{""id"":""o2"",""label"":""Special Edition""},{""id"":""o3"",""label"":""Pro Bundle""}]"
2183,pinecrest-flight-stick-edge,Pinecrest Flight Stick Edge,Pinecrest,Gaming,SK-2183-PI,"The Pinecrest Flight Stick Edge. A dependable gaming pick with a clean, no-nonsense design and the everyday features you actually use.","{""warranty"":""2 years international warranty"",""inTheBox"":""Flight Stick, Carry case, Quick-start guide, Spare thumbsticks"",""countryOfOrigin"":""India"",""returns"":""10-day replacement, original packaging"",""support"":""Email and chat, 9am–7pm IST"",""weightGrams"":5558,""material"":""Glass-filled nylon"",""colour"":""Olive"",""modelYear"":2022}",Edition,"[{""id"":""o1"",""label"":""Standard""},{""id"":""o2"",""label"":""Special Edition""},{""id"":""o3"",""label"":""Pro Bundle""}]"
2184,solvane-vr-headset-edge,Solvane VR Headset Edge,Solvane,Gaming,SK-2184-SO,"The Solvane VR Headset Edge. A dependable gaming pick with a clean, no-nonsense design and the everyday features you actually use.","{""warranty"":""3 years limited warranty"",""inTheBox"":""VR Headset, Quick-start guide, Spare thumbsticks, Wireless dongle, Sticker sheet"",""countryOfOrigin"":""Indonesia"",""returns"":""7-day return or replacement"",""support"":""Phone support, 9am–6pm IST, weekdays only"",""weightGrams"":3388,""material"":""Glass-filled nylon"",""colour"":""Slate Grey"",""modelYear"":2021}",Edition,"[{""id"":""o1"",""label"":""Standard""},{""id"":""o2"",""label"":""Special Edition""},{""id"":""o3"",""label"":""Pro Bundle""}]"
2185,quarrow-dumbbell-set-edge,Quarrow Dumbbell Set Edge,Quarrow,Fitness,SK-2185-QU,"The Quarrow Dumbbell Set Edge. A dependable fitness pick with a clean, no-nonsense design and the everyday features you actually use.","{""warranty"":""2 years international warranty"",""inTheBox"":""Dumbbell Set, Anchor strap, Storage bag, Grip pads, Exercise chart"",""countryOfOrigin"":""Thailand"",""returns"":""30-day return, original packaging"",""support"":""Email, chat and phone, 9am–9pm IST"",""weightGrams"":6596,""material"":""TPE foam"",""colour"":""Graphite"",""modelYear"":2025}",Level,"[{""id"":""o1"",""label"":""Starter""},{""id"":""o2"",""label"":""Regular""},{""id"":""o3"",""label"":""Advanced""}]"
2186,brightwell-yoga-mat-edge,Brightwell Yoga Mat Edge,Brightwell,Fitness,SK-2186-BR,"The Brightwell Yoga Mat Edge. A dependable fitness pick with a clean, no-nonsense design and the everyday features you actually use.","{""warranty"":""1 year warranty, extendable to 2 on registration"",""inTheBox"":""Yoga Mat, Anchor strap, Care card"",""countryOfOrigin"":""India"",""returns"":""7-day return or replacement"",""support"":""Phone support, 9am–6pm IST, weekdays only"",""weightGrams"":15716,""material"":""Natural rubber"",""colour"":""Forest"",""modelYear"":2021}",Level,"[{""id"":""o1"",""label"":""Starter""},{""id"":""o2"",""label"":""Regular""},{""id"":""o3"",""label"":""Advanced""}]"
2187,tamarack-rowing-machine-edge,Tamarack Rowing Machine Edge,Tamarack,Fitness,SK-2187-TA,"The Tamarack Rowing Machine Edge. A dependable fitness pick with a clean, no-nonsense design and the everyday features you actually use.","{""warranty"":""3 years limited warranty"",""inTheBox"":""Rowing Machine, Anchor strap, Grip pads, Care card"",""countryOfOrigin"":""Vietnam"",""returns"":""15-day replacement, unopened"",""support"":""Email and chat, 9am–7pm IST"",""weightGrams"":18022,""material"":""Powder-coated steel"",""colour"":""Slate Grey"",""modelYear"":2024}",Level,"[{""id"":""o1"",""label"":""Starter""},{""id"":""o2"",""label"":""Regular""},{""id"":""o3"",""label"":""Advanced""},{""id"":""o4"",""label"":""Elite""}]"
2188,veloria-resistance-bands-edge,Veloria Resistance Bands Edge,Veloria,Fitness,SK-2188-VE,"The Veloria Resistance Bands Edge. A dependable fitness pick with a clean, no-nonsense design and the everyday features you actually use.","{""warranty"":""2 years manufacturer warranty"",""inTheBox"":""Resistance Bands, Anchor strap, Storage bag"",""countryOfOrigin"":""Portugal"",""returns"":""10-day replacement, original packaging"",""support"":""Email only, 48-hour response"",""weightGrams"":6477,""material"":""Natural rubber"",""colour"":""Midnight Navy"",""modelYear"":2023}",Level,"[{""id"":""o1"",""label"":""Starter""},{""id"":""o2"",""label"":""Regular""},{""id"":""o3"",""label"":""Advanced""}]"
2189,orbisk-kettlebell-edge,Orbisk Kettlebell Edge,Orbisk,Fitness,SK-2189-OR,"The Orbisk Kettlebell Edge. A dependable fitness pick with a clean, no-nonsense design and the everyday features you actually use.","{""warranty"":""6 months manufacturer warranty"",""inTheBox"":""Kettlebell, Assembly tools, Care card, Storage bag, Anchor strap"",""countryOfOrigin"":""Vietnam"",""returns"":""14-day return, restocking fee applies"",""support"":""Email and chat, 9am–7pm IST"",""weightGrams"":17626,""material"":""Natural rubber"",""colour"":""Olive"",""modelYear"":2025}",Level,"[{""id"":""o1"",""label"":""Starter""},{""id"":""o2"",""label"":""Regular""},{""id"":""o3"",""label"":""Advanced""},{""id"":""o4"",""label"":""Elite""}]"
2190,junova-spin-bike-edge,Junova Spin Bike Edge,Junova,Fitness,SK-2190-JU,"The Junova Spin Bike Edge. A dependable fitness pick with a clean, no-nonsense design and the everyday features you actually use.","{""warranty"":""3 years limited warranty"",""inTheBox"":""Spin Bike, Grip pads, Exercise chart, Assembly tools, Care card"",""countryOfOrigin"":""Indonesia"",""returns"":""Replacement only, on verified defect"",""support"":""Email and chat, 9am–7pm IST"",""weightGrams"":7424,""material"":""Powder-coated steel"",""colour"":""Clay"",""modelYear"":2021}",Level,"[{""id"":""o1"",""label"":""Starter""},{""id"":""o2"",""label"":""Regular""},{""id"":""o3"",""label"":""Advanced""}]"
2191,halvard-foam-roller-edge,Halvard Foam Roller Edge,Halvard,Fitness,SK-2191-HA,"The Halvard Foam Roller Edge. A dependable fitness pick with a clean, no-nonsense design and the everyday features you actually use.","{""warranty"":""6 months manufacturer warranty"",""inTheBox"":""Foam Roller, Storage bag, Exercise chart, Care card"",""countryOfOrigin"":""Czechia"",""returns"":""10-day replacement, original packaging"",""support"":""Email and chat, 9am–7pm IST"",""weightGrams"":18632,""material"":""EVA foam"",""colour"":""Olive"",""modelYear"":2022}",Level,"[{""id"":""o1"",""label"":""Starter""},{""id"":""o2"",""label"":""Regular""},{""id"":""o3"",""label"":""Advanced""}]"
2192,redwick-pull-up-bar-edge,Redwick Pull-up Bar Edge,Redwick,Fitness,SK-2192-RE,"The Redwick Pull-up Bar Edge. A dependable fitness pick with a clean, no-nonsense design and the everyday features you actually use.","{""warranty"":""1 year manufacturer warranty"",""inTheBox"":""Pull-up Bar, Grip pads, Anchor strap, Storage bag"",""countryOfOrigin"":""Mexico"",""returns"":""7-day return or replacement"",""support"":""Email and chat, 9am–7pm IST"",""weightGrams"":42855,""material"":""Cast iron"",""colour"":""Olive"",""modelYear"":2024}",Level,"[{""id"":""o1"",""label"":""Starter""},{""id"":""o2"",""label"":""Regular""},{""id"":""o3"",""label"":""Advanced""}]"
2193,mosella-tent-edge,Mosella Tent Edge,Mosella,Outdoor,SK-2193-MO,"The Mosella Tent Edge. A dependable outdoor pick with a clean, no-nonsense design and the everyday features you actually use.","{""warranty"":""2 years manufacturer warranty"",""inTheBox"":""Tent, Pegs, Stuff sack, Repair kit, Guy lines"",""countryOfOrigin"":""Czechia"",""returns"":""7-day replacement, unopened"",""support"":""24×7 chat support"",""weightGrams"":788,""material"":""Ripstop polyester"",""colour"":""Clay"",""modelYear"":2022}",Capacity,"[{""id"":""o1"",""label"":""Solo""},{""id"":""o2"",""label"":""Duo""}]"
2194,tundrel-sleeping-bag-edge,Tundrel Sleeping Bag Edge,Tundrel,Outdoor,SK-2194-TU,"The Tundrel Sleeping Bag Edge. A dependable outdoor pick with a clean, no-nonsense design and the everyday features you actually use.","{""warranty"":""18 months manufacturer warranty"",""inTheBox"":""Sleeping Bag, Stuff sack, Repair kit, Guy lines"",""countryOfOrigin"":""Malaysia"",""returns"":""Replacement only, on verified defect"",""support"":""Phone and email, 10am–6pm IST, Mon–Sat"",""weightGrams"":3814,""material"":""Ripstop polyester"",""colour"":""Graphite"",""modelYear"":2024}",Capacity,"[{""id"":""o1"",""label"":""Solo""},{""id"":""o2"",""label"":""Duo""}]"
2195,lumeno-camp-stove-edge,Lumeno Camp Stove Edge,Lumeno,Outdoor,SK-2195-LU,"The Lumeno Camp Stove Edge. A dependable outdoor pick with a clean, no-nonsense design and the everyday features you actually use.","{""warranty"":""3 years limited warranty"",""inTheBox"":""Camp Stove, Repair kit, Guy lines, Care card, Stuff sack"",""countryOfOrigin"":""Czechia"",""returns"":""Replacement only, on verified defect"",""support"":""Phone support, 9am–6pm IST, weekdays only"",""weightGrams"":4935,""material"":""Ripstop polyester"",""colour"":""Midnight Navy"",""modelYear"":2025}",Capacity,"[{""id"":""o1"",""label"":""Solo""},{""id"":""o2"",""label"":""Duo""},{""id"":""o3"",""label"":""Family""}]"
2196,saffrix-trekking-poles-edge,Saffrix Trekking Poles Edge,Saffrix,Outdoor,SK-2196-SA,"The Saffrix Trekking Poles Edge. A dependable outdoor pick with a clean, no-nonsense design and the everyday features you actually use.","{""warranty"":""2 years manufacturer warranty"",""inTheBox"":""Trekking Poles, Guy lines, Repair kit, Carabiner"",""countryOfOrigin"":""Germany"",""returns"":""14-day return, restocking fee applies"",""support"":""Email only, 48-hour response"",""weightGrams"":1239,""material"":""Stainless steel"",""colour"":""Olive"",""modelYear"":2021}",Capacity,"[{""id"":""o1"",""label"":""Solo""},{""id"":""o2"",""label"":""Duo""}]"
2197,pinecrest-headlamp-edge,Pinecrest Headlamp Edge,Pinecrest,Outdoor,SK-2197-PI,"The Pinecrest Headlamp Edge. A dependable outdoor pick with a clean, no-nonsense design and the everyday features you actually use.","{""warranty"":""6 months manufacturer warranty"",""inTheBox"":""Headlamp, Pegs, Guy lines"",""countryOfOrigin"":""Taiwan"",""returns"":""15-day replacement, unopened"",""support"":""In-app chat, 8am–8pm IST"",""weightGrams"":4822,""material"":""Ripstop polyester"",""colour"":""Ice Blue"",""modelYear"":2021}",Capacity,"[{""id"":""o1"",""label"":""Solo""},{""id"":""o2"",""label"":""Duo""},{""id"":""o3"",""label"":""Family""},{""id"":""o4"",""label"":""Group""}]"
2198,solvane-cooler-box-edge,Solvane Cooler Box Edge,Solvane,Outdoor,SK-2198-SO,"The Solvane Cooler Box Edge. A dependable outdoor pick with a clean, no-nonsense design and the everyday features you actually use.","{""warranty"":""5 years limited warranty"",""inTheBox"":""Cooler Box, Guy lines, Stuff sack"",""countryOfOrigin"":""China"",""returns"":""14-day return, restocking fee applies"",""support"":""Phone support, 9am–6pm IST, weekdays only"",""weightGrams"":4236,""material"":""Recycled PET weave"",""colour"":""Clay"",""modelYear"":2021}",Capacity,"[{""id"":""o1"",""label"":""Solo""},{""id"":""o2"",""label"":""Duo""},{""id"":""o3"",""label"":""Family""}]"
2199,quarrow-hammock-edge,Quarrow Hammock Edge,Quarrow,Outdoor,SK-2199-QU,"The Quarrow Hammock Edge. A dependable outdoor pick with a clean, no-nonsense design and the everyday features you actually use.","{""warranty"":""1 year warranty, extendable to 2 on registration"",""inTheBox"":""Hammock, Pegs, Stuff sack"",""countryOfOrigin"":""Vietnam"",""returns"":""10-day replacement, original packaging"",""support"":""24×7 chat support"",""weightGrams"":629,""material"":""Stainless steel"",""colour"":""Pewter"",""modelYear"":2024}",Capacity,"[{""id"":""o1"",""label"":""Solo""},{""id"":""o2"",""label"":""Duo""},{""id"":""o3"",""label"":""Family""},{""id"":""o4"",""label"":""Group""}]"
2200,brightwell-camp-chair-edge,Brightwell Camp Chair Edge,Brightwell,Outdoor,SK-2200-BR,"The Brightwell Camp Chair Edge. A dependable outdoor pick with a clean, no-nonsense design and the everyday features you actually use.","{""warranty"":""3 years limited warranty"",""inTheBox"":""Camp Chair, Repair kit, Pegs, Carabiner"",""countryOfOrigin"":""Thailand"",""returns"":""7-day replacement, unopened"",""support"":""24×7 chat support"",""weightGrams"":4276,""material"":""Stainless steel"",""colour"":""Sandstone"",""modelYear"":2024}",Capacity,"[{""id"":""o1"",""label"":""Solo""},{""id"":""o2"",""label"":""Duo""}]"
2201,tamarack-desk-chair-edge,Tamarack Desk Chair Edge,Tamarack,Office,SK-2201-TA,"The Tamarack Desk Chair Edge. A dependable office pick with a clean, no-nonsense design and the everyday features you actually use.","{""warranty"":""18 months manufacturer warranty"",""inTheBox"":""Desk Chair, Cable tray, Assembly guide"",""countryOfOrigin"":""Portugal"",""returns"":""7-day replacement, unopened"",""support"":""Phone support, 9am–6pm IST, weekdays only"",""weightGrams"":9974,""material"":""Engineered oak"",""colour"":""Midnight Navy"",""modelYear"":2023}",Finish,"[{""id"":""o1"",""label"":""Oak""},{""id"":""o2"",""label"":""Walnut""},{""id"":""o3"",""label"":""Charcoal""}]"
2202,veloria-standing-desk-edge,Veloria Standing Desk Edge,Veloria,Office,SK-2202-VE,"The Veloria Standing Desk Edge. A dependable office pick with a clean, no-nonsense design and the everyday features you actually use.","{""warranty"":""1 year manufacturer warranty"",""inTheBox"":""Standing Desk, Wall anchor, Hardware pack"",""countryOfOrigin"":""Malaysia"",""returns"":""Replacement only, on verified defect"",""support"":""24×7 chat support"",""weightGrams"":17023,""material"":""Solid beech"",""colour"":""Bone White"",""modelYear"":2025}",Finish,"[{""id"":""o1"",""label"":""Oak""},{""id"":""o2"",""label"":""Walnut""}]"
2203,orbisk-monitor-arm-edge,Orbisk Monitor Arm Edge,Orbisk,Office,SK-2203-OR,"The Orbisk Monitor Arm Edge. A dependable office pick with a clean, no-nonsense design and the everyday features you actually use.","{""warranty"":""1 year manufacturer warranty"",""inTheBox"":""Monitor Arm, Assembly guide, Hardware pack"",""countryOfOrigin"":""Malaysia"",""returns"":""7-day replacement, unopened"",""support"":""24×7 chat support"",""weightGrams"":21575,""material"":""Powder-coated steel"",""colour"":""Oxblood"",""modelYear"":2022}",Finish,"[{""id"":""o1"",""label"":""Oak""},{""id"":""o2"",""label"":""Walnut""},{""id"":""o3"",""label"":""Charcoal""}]"
2204,junova-desk-lamp-edge,Junova Desk Lamp Edge,Junova,Office,SK-2204-JU,"The Junova Desk Lamp Edge. A dependable office pick with a clean, no-nonsense design and the everyday features you actually use.","{""warranty"":""1 year manufacturer warranty"",""inTheBox"":""Desk Lamp, Wall anchor, Assembly guide"",""countryOfOrigin"":""Indonesia"",""returns"":""7-day replacement, unopened"",""support"":""Email and chat, 9am–7pm IST"",""weightGrams"":9124,""material"":""Powder-coated steel"",""colour"":""Matte Black"",""modelYear"":2025}",Finish,"[{""id"":""o1"",""label"":""Oak""},{""id"":""o2"",""label"":""Walnut""}]"
2205,halvard-filing-cabinet-edge,Halvard Filing Cabinet Edge,Halvard,Office,SK-2205-HA,"The Halvard Filing Cabinet Edge. A dependable office pick with a clean, no-nonsense design and the everyday features you actually use.","{""warranty"":""1 year manufacturer warranty"",""inTheBox"":""Filing Cabinet, Hardware pack, Assembly tools, Assembly guide"",""countryOfOrigin"":""South Korea"",""returns"":""15-day replacement, unopened"",""support"":""Email and chat, 9am–7pm IST"",""weightGrams"":12455,""material"":""Bamboo composite"",""colour"":""Oxblood"",""modelYear"":2023}",Finish,"[{""id"":""o1"",""label"":""Oak""},{""id"":""o2"",""label"":""Walnut""},{""id"":""o3"",""label"":""Charcoal""},{""id"":""o4"",""label"":""White Ash""}]"
2206,redwick-footrest-edge,Redwick Footrest Edge,Redwick,Office,SK-2206-RE,"The Redwick Footrest Edge. A dependable office pick with a clean, no-nonsense design and the everyday features you actually use.","{""warranty"":""2 years international warranty"",""inTheBox"":""Footrest, Hardware pack, Floor protectors"",""countryOfOrigin"":""South Korea"",""returns"":""Replacement only, on verified defect"",""support"":""Email, chat and phone, 9am–9pm IST"",""weightGrams"":22622,""material"":""Solid beech"",""colour"":""Matte Black"",""modelYear"":2025}",Finish,"[{""id"":""o1"",""label"":""Oak""},{""id"":""o2"",""label"":""Walnut""},{""id"":""o3"",""label"":""Charcoal""}]"
2207,mosella-bookshelf-edge,Mosella Bookshelf Edge,Mosella,Office,SK-2207-MO,"The Mosella Bookshelf Edge. A dependable office pick with a clean, no-nonsense design and the everyday features you actually use.","{""warranty"":""2 years manufacturer warranty"",""inTheBox"":""Bookshelf, Hardware pack, Wall anchor, Assembly tools"",""countryOfOrigin"":""Indonesia"",""returns"":""30-day return, original packaging"",""support"":""In-app chat, 8am–8pm IST"",""weightGrams"":7716,""material"":""Powder-coated steel"",""colour"":""Ice Blue"",""modelYear"":2021}",Finish,"[{""id"":""o1"",""label"":""Oak""},{""id"":""o2"",""label"":""Walnut""}]"
2208,tundrel-desk-organiser-edge,Tundrel Desk Organiser Edge,Tundrel,Office,SK-2208-TU,"The Tundrel Desk Organiser Edge. A dependable office pick with a clean, no-nonsense design and the everyday features you actually use.","{""warranty"":""6 months manufacturer warranty"",""inTheBox"":""Desk Organiser, Cable tray, Wall anchor, Floor protectors, Assembly guide"",""countryOfOrigin"":""South Korea"",""returns"":""Replacement only, on verified defect"",""support"":""Email and chat, 9am–7pm IST"",""weightGrams"":26172,""material"":""Powder-coated steel"",""colour"":""Bone White"",""modelYear"":2021}",Finish,"[{""id"":""o1"",""label"":""Oak""},{""id"":""o2"",""label"":""Walnut""},{""id"":""o3"",""label"":""Charcoal""},{""id"":""o4"",""label"":""White Ash""}]"
2209,lumeno-floor-lamp-edge,Lumeno Floor Lamp Edge,Lumeno,Lighting,SK-2209-LU,"The Lumeno Floor Lamp Edge. A dependable lighting pick with a clean, no-nonsense design and the everyday features you actually use.","{""warranty"":""18 months manufacturer warranty"",""inTheBox"":""Floor Lamp, Remote control, Adhesive clips, Spare diffuser, Power adapter"",""countryOfOrigin"":""Mexico"",""returns"":""Replacement only, on verified defect"",""support"":""Email, chat and phone, 9am–9pm IST"",""weightGrams"":6344,""material"":""Borosilicate glass"",""colour"":""Midnight Navy"",""modelYear"":2022}",Tone,"[{""id"":""o1"",""label"":""Warm white""},{""id"":""o2"",""label"":""Neutral white""}]"
2210,saffrix-led-strip-edge,Saffrix LED Strip Edge,Saffrix,Lighting,SK-2210-SA,"The Saffrix LED Strip Edge. A dependable lighting pick with a clean, no-nonsense design and the everyday features you actually use.","{""warranty"":""2 years manufacturer warranty"",""inTheBox"":""LED Strip, Mounting kit, Remote control, Power adapter"",""countryOfOrigin"":""China"",""returns"":""7-day return or replacement"",""support"":""In-app chat, 8am–8pm IST"",""weightGrams"":1457,""material"":""Borosilicate glass"",""colour"":""Forest"",""modelYear"":2025}",Tone,"[{""id"":""o1"",""label"":""Warm white""},{""id"":""o2"",""label"":""Neutral white""},{""id"":""o3"",""label"":""Tunable white""},{""id"":""o4"",""label"":""Full colour""}]"
2211,pinecrest-pendant-light-edge,Pinecrest Pendant Light Edge,Pinecrest,Lighting,SK-2211-PI,"The Pinecrest Pendant Light Edge. A dependable lighting pick with a clean, no-nonsense design and the everyday features you actually use.","{""warranty"":""1 year warranty, extendable to 2 on registration"",""inTheBox"":""Pendant Light, Spare diffuser, Power adapter"",""countryOfOrigin"":""China"",""returns"":""30-day return, original packaging"",""support"":""Email, chat and phone, 9am–9pm IST"",""weightGrams"":5439,""material"":""Silicone diffuser"",""colour"":""Graphite"",""modelYear"":2024}",Tone,"[{""id"":""o1"",""label"":""Warm white""},{""id"":""o2"",""label"":""Neutral white""},{""id"":""o3"",""label"":""Tunable white""}]"
2212,solvane-smart-panel-edge,Solvane Smart Panel Edge,Solvane,Lighting,SK-2212-SO,"The Solvane Smart Panel Edge. A dependable lighting pick with a clean, no-nonsense design and the everyday features you actually use.","{""warranty"":""2 years international warranty"",""inTheBox"":""Smart Panel, Power adapter, Spare diffuser, Remote control"",""countryOfOrigin"":""China"",""returns"":""7-day replacement, unopened"",""support"":""Phone support, 9am–6pm IST, weekdays only"",""weightGrams"":4288,""material"":""Borosilicate glass"",""colour"":""Clay"",""modelYear"":2022}",Tone,"[{""id"":""o1"",""label"":""Warm white""},{""id"":""o2"",""label"":""Neutral white""}]"
2213,quarrow-reading-light-edge,Quarrow Reading Light Edge,Quarrow,Lighting,SK-2213-QU,"The Quarrow Reading Light Edge. A dependable lighting pick with a clean, no-nonsense design and the everyday features you actually use.","{""warranty"":""18 months manufacturer warranty"",""inTheBox"":""Reading Light, Power adapter, Spare diffuser"",""countryOfOrigin"":""Germany"",""returns"":""14-day return, restocking fee applies"",""support"":""24×7 chat support"",""weightGrams"":2394,""material"":""Anodised aluminium"",""colour"":""Bone White"",""modelYear"":2022}",Tone,"[{""id"":""o1"",""label"":""Warm white""},{""id"":""o2"",""label"":""Neutral white""},{""id"":""o3"",""label"":""Tunable white""},{""id"":""o4"",""label"":""Full colour""}]"
2214,brightwell-lantern-edge,Brightwell Lantern Edge,Brightwell,Lighting,SK-2214-BR,"The Brightwell Lantern Edge. A dependable lighting pick with a clean, no-nonsense design and the everyday features you actually use.","{""warranty"":""2 years international warranty"",""inTheBox"":""Lantern, Spare diffuser, Mounting kit, Setup guide"",""countryOfOrigin"":""Portugal"",""returns"":""30-day return, original packaging"",""support"":""In-app chat, 8am–8pm IST"",""weightGrams"":6128,""material"":""Silicone diffuser"",""colour"":""Bone White"",""modelYear"":2024}",Tone,"[{""id"":""o1"",""label"":""Warm white""},{""id"":""o2"",""label"":""Neutral white""},{""id"":""o3"",""label"":""Tunable white""},{""id"":""o4"",""label"":""Full colour""}]"
2215,tamarack-wall-sconce-edge,Tamarack Wall Sconce Edge,Tamarack,Lighting,SK-2215-TA,"The Tamarack Wall Sconce Edge. A dependable lighting pick with a clean, no-nonsense design and the everyday features you actually use.","{""warranty"":""18 months manufacturer warranty"",""inTheBox"":""Wall Sconce, Remote control, Setup guide, Adhesive clips"",""countryOfOrigin"":""Portugal"",""returns"":""15-day replacement, unopened"",""support"":""Email, chat and phone, 9am–9pm IST"",""weightGrams"":3850,""material"":""Borosilicate glass"",""colour"":""Sandstone"",""modelYear"":2021}",Tone,"[{""id"":""o1"",""label"":""Warm white""},{""id"":""o2"",""label"":""Neutral white""}]"
2216,veloria-light-bar-edge,Veloria Light Bar Edge,Veloria,Lighting,SK-2216-VE,"The Veloria Light Bar Edge. A dependable lighting pick with a clean, no-nonsense design and the everyday features you actually use.","{""warranty"":""3 years limited warranty"",""inTheBox"":""Light Bar, Power adapter, Setup guide"",""countryOfOrigin"":""Indonesia"",""returns"":""15-day replacement, unopened"",""support"":""24×7 chat support"",""weightGrams"":4406,""material"":""Powder-coated steel"",""colour"":""Pewter"",""modelYear"":2025}",Tone,"[{""id"":""o1"",""label"":""Warm white""},{""id"":""o2"",""label"":""Neutral white""},{""id"":""o3"",""label"":""Tunable white""}]"
2217,orbisk-hair-dryer-edge,Orbisk Hair Dryer Edge,Orbisk,Personal Care,SK-2217-OR,"The Orbisk Hair Dryer Edge. A dependable personal care pick with a clean, no-nonsense design and the everyday features you actually use.","{""warranty"":""18 months manufacturer warranty"",""inTheBox"":""Hair Dryer, Care guide, Guide combs, Travel pouch"",""countryOfOrigin"":""India"",""returns"":""7-day return or replacement"",""support"":""24×7 chat support"",""weightGrams"":762,""material"":""Stainless steel"",""colour"":""Midnight Navy"",""modelYear"":2022}",Set,"[{""id"":""o1"",""label"":""Single""},{""id"":""o2"",""label"":""Duo pack""},{""id"":""o3"",""label"":""Travel set""},{""id"":""o4"",""label"":""Gift set""}]"
2218,junova-beard-trimmer-edge,Junova Beard Trimmer Edge,Junova,Personal Care,SK-2218-JU,"The Junova Beard Trimmer Edge. A dependable personal care pick with a clean, no-nonsense design and the everyday features you actually use.","{""warranty"":""2 years manufacturer warranty"",""inTheBox"":""Beard Trimmer, Charging stand, Spare head"",""countryOfOrigin"":""Vietnam"",""returns"":""7-day replacement, unopened"",""support"":""Email and chat, 9am–7pm IST"",""weightGrams"":101,""material"":""Ceramic and ABS"",""colour"":""Bone White"",""modelYear"":2022}",Set,"[{""id"":""o1"",""label"":""Single""},{""id"":""o2"",""label"":""Duo pack""}]"
2219,halvard-electric-toothbrush-edge,Halvard Electric Toothbrush Edge,Halvard,Personal Care,SK-2219-HA,"The Halvard Electric Toothbrush Edge. A dependable personal care pick with a clean, no-nonsense design and the everyday features you actually use.","{""warranty"":""6 months manufacturer warranty"",""inTheBox"":""Electric Toothbrush, Spare head, Guide combs, Charging stand"",""countryOfOrigin"":""Vietnam"",""returns"":""Replacement only, on verified defect"",""support"":""In-app chat, 8am–8pm IST"",""weightGrams"":422,""material"":""ABS with soft-touch coating"",""colour"":""Midnight Navy"",""modelYear"":2021}",Set,"[{""id"":""o1"",""label"":""Single""},{""id"":""o2"",""label"":""Duo pack""}]"
2220,redwick-hair-straightener-edge,Redwick Hair Straightener Edge,Redwick,Personal Care,SK-2220-RE,"The Redwick Hair Straightener Edge. A dependable personal care pick with a clean, no-nonsense design and the everyday features you actually use.","{""warranty"":""6 months manufacturer warranty"",""inTheBox"":""Hair Straightener, Spare head, Care guide, Charging stand"",""countryOfOrigin"":""South Korea"",""returns"":""Replacement only, on verified defect"",""support"":""Email only, 48-hour response"",""weightGrams"":310,""material"":""Stainless steel"",""colour"":""Forest"",""modelYear"":2025}",Set,"[{""id"":""o1"",""label"":""Single""},{""id"":""o2"",""label"":""Duo pack""},{""id"":""o3"",""label"":""Travel set""}]"
2221,mosella-massager-edge,Mosella Massager Edge,Mosella,Personal Care,SK-2221-MO,"The Mosella Massager Edge. A dependable personal care pick with a clean, no-nonsense design and the everyday features you actually use.","{""warranty"":""18 months manufacturer warranty"",""inTheBox"":""Massager, Cleaning brush, Travel pouch, Guide combs, Charging stand"",""countryOfOrigin"":""India"",""returns"":""14-day return, restocking fee applies"",""support"":""Email only, 48-hour response"",""weightGrams"":785,""material"":""ABS with soft-touch coating"",""colour"":""Forest"",""modelYear"":2021}",Set,"[{""id"":""o1"",""label"":""Single""},{""id"":""o2"",""label"":""Duo pack""},{""id"":""o3"",""label"":""Travel set""},{""id"":""o4"",""label"":""Gift set""}]"
2222,tundrel-shaver-edge,Tundrel Shaver Edge,Tundrel,Personal Care,SK-2222-TU,"The Tundrel Shaver Edge. A dependable personal care pick with a clean, no-nonsense design and the everyday features you actually use.","{""warranty"":""2 years manufacturer warranty"",""inTheBox"":""Shaver, Spare head, Travel pouch, Cleaning brush"",""countryOfOrigin"":""South Korea"",""returns"":""Replacement only, on verified defect"",""support"":""Phone and email, 10am–6pm IST, Mon–Sat"",""weightGrams"":478,""material"":""Ceramic and ABS"",""colour"":""Forest"",""modelYear"":2025}",Set,"[{""id"":""o1"",""label"":""Single""},{""id"":""o2"",""label"":""Duo pack""},{""id"":""o3"",""label"":""Travel set""},{""id"":""o4"",""label"":""Gift set""}]"
2223,lumeno-grooming-kit-edge,Lumeno Grooming Kit Edge,Lumeno,Personal Care,SK-2223-LU,"The Lumeno Grooming Kit Edge. A dependable personal care pick with a clean, no-nonsense design and the everyday features you actually use.","{""warranty"":""6 months manufacturer warranty"",""inTheBox"":""Grooming Kit, Care guide, Cleaning brush, Travel pouch, Guide combs"",""countryOfOrigin"":""Vietnam"",""returns"":""10-day replacement, original packaging"",""support"":""In-app chat, 8am–8pm IST"",""weightGrams"":515,""material"":""Ceramic and ABS"",""colour"":""Midnight Navy"",""modelYear"":2021}",Set,"[{""id"":""o1"",""label"":""Single""},{""id"":""o2"",""label"":""Duo pack""}]"
2224,saffrix-epilator-edge,Saffrix Epilator Edge,Saffrix,Personal Care,SK-2224-SA,"The Saffrix Epilator Edge. A dependable personal care pick with a clean, no-nonsense design and the everyday features you actually use.","{""warranty"":""6 months manufacturer warranty"",""inTheBox"":""Epilator, Care guide, Guide combs"",""countryOfOrigin"":""Malaysia"",""returns"":""Replacement only, on verified defect"",""support"":""24×7 chat support"",""weightGrams"":184,""material"":""Stainless steel"",""colour"":""Ice Blue"",""modelYear"":2023}",Set,"[{""id"":""o1"",""label"":""Single""},{""id"":""o2"",""label"":""Duo pack""}]"
2225,pinecrest-digital-piano-edge,Pinecrest Digital Piano Edge,Pinecrest,Instruments,SK-2225-PI,"The Pinecrest Digital Piano Edge. A dependable instruments pick with a clean, no-nonsense design and the everyday features you actually use.","{""warranty"":""18 months manufacturer warranty"",""inTheBox"":""Digital Piano, Tuner, Quick-start guide, Power adapter"",""countryOfOrigin"":""South Korea"",""returns"":""10-day replacement, original packaging"",""support"":""In-app chat, 8am–8pm IST"",""weightGrams"":20448,""material"":""Rosewood"",""colour"":""Forest"",""modelYear"":2024}",Bundle,"[{""id"":""o1"",""label"":""Instrument only""},{""id"":""o2"",""label"":""Starter bundle""},{""id"":""o3"",""label"":""Studio bundle""}]"
2226,solvane-ukulele-edge,Solvane Ukulele Edge,Solvane,Instruments,SK-2226-SO,"The Solvane Ukulele Edge. A dependable instruments pick with a clean, no-nonsense design and the everyday features you actually use.","{""warranty"":""1 year manufacturer warranty"",""inTheBox"":""Ukulele, Gig bag, Polishing cloth"",""countryOfOrigin"":""Taiwan"",""returns"":""15-day replacement, unopened"",""support"":""In-app chat, 8am–8pm IST"",""weightGrams"":21794,""material"":""Birch plywood"",""colour"":""Matte Black"",""modelYear"":2022}",Bundle,"[{""id"":""o1"",""label"":""Instrument only""},{""id"":""o2"",""label"":""Starter bundle""},{""id"":""o3"",""label"":""Studio bundle""},{""id"":""o4"",""label"":""Stage bundle""}]"
2227,quarrow-acoustic-guitar-edge,Quarrow Acoustic Guitar Edge,Quarrow,Instruments,SK-2227-QU,"The Quarrow Acoustic Guitar Edge. A dependable instruments pick with a clean, no-nonsense design and the everyday features you actually use.","{""warranty"":""5 years limited warranty"",""inTheBox"":""Acoustic Guitar, Power adapter, Tuner"",""countryOfOrigin"":""Germany"",""returns"":""15-day replacement, unopened"",""support"":""Email only, 48-hour response"",""weightGrams"":15202,""material"":""Maple"",""colour"":""Ice Blue"",""modelYear"":2022}",Bundle,"[{""id"":""o1"",""label"":""Instrument only""},{""id"":""o2"",""label"":""Starter bundle""}]"
2228,brightwell-electronic-drum-kit-edge,Brightwell Electronic Drum Kit Edge,Brightwell,Instruments,SK-2228-BR,"The Brightwell Electronic Drum Kit Edge. A dependable instruments pick with a clean, no-nonsense design and the everyday features you actually use.","{""warranty"":""3 years limited warranty"",""inTheBox"":""Electronic Drum Kit, Polishing cloth, Spare strings"",""countryOfOrigin"":""Thailand"",""returns"":""Replacement only, on verified defect"",""support"":""In-app chat, 8am–8pm IST"",""weightGrams"":19662,""material"":""Spruce and mahogany"",""colour"":""Clay"",""modelYear"":2023}",Bundle,"[{""id"":""o1"",""label"":""Instrument only""},{""id"":""o2"",""label"":""Starter bundle""},{""id"":""o3"",""label"":""Studio bundle""}]"
2229,tamarack-midi-keyboard-edge,Tamarack MIDI Keyboard Edge,Tamarack,Instruments,SK-2229-TA,"The Tamarack MIDI Keyboard Edge. A dependable instruments pick with a clean, no-nonsense design and the everyday features you actually use.","{""warranty"":""1 year manufacturer warranty"",""inTheBox"":""MIDI Keyboard, Polishing cloth, Quick-start guide, Spare strings, Power adapter"",""countryOfOrigin"":""Vietnam"",""returns"":""Replacement only, on verified defect"",""support"":""In-app chat, 8am–8pm IST"",""weightGrams"":13322,""material"":""Maple"",""colour"":""Forest"",""modelYear"":2025}",Bundle,"[{""id"":""o1"",""label"":""Instrument only""},{""id"":""o2"",""label"":""Starter bundle""},{""id"":""o3"",""label"":""Studio bundle""},{""id"":""o4"",""label"":""Stage bundle""}]"
2230,veloria-violin-edge,Veloria Violin Edge,Veloria,Instruments,SK-2230-VE,"The Veloria Violin Edge. A dependable instruments pick with a clean, no-nonsense design and the everyday features you actually use.","{""warranty"":""5 years limited warranty"",""inTheBox"":""Violin, Gig bag, Polishing cloth, Power adapter"",""countryOfOrigin"":""Mexico"",""returns"":""15-day replacement, unopened"",""support"":""Phone and email, 10am–6pm IST, Mon–Sat"",""weightGrams"":460,""material"":""Birch plywood"",""colour"":""Oxblood"",""modelYear"":2023}",Bundle,"[{""id"":""o1"",""label"":""Instrument only""},{""id"":""o2"",""label"":""Starter bundle""},{""id"":""o3"",""label"":""Studio bundle""}]"
2231,orbisk-cajon-edge,Orbisk Cajon Edge,Orbisk,Instruments,SK-2231-OR,"The Orbisk Cajon Edge. A dependable instruments pick with a clean, no-nonsense design and the everyday features you actually use.","{""warranty"":""2 years manufacturer warranty"",""inTheBox"":""Cajon, Gig bag, Quick-start guide, Power adapter, Tuner"",""countryOfOrigin"":""Thailand"",""returns"":""10-day replacement, original packaging"",""support"":""Phone support, 9am–6pm IST, weekdays only"",""weightGrams"":12262,""material"":""Birch plywood"",""colour"":""Olive"",""modelYear"":2025}",Bundle,"[{""id"":""o1"",""label"":""Instrument only""},{""id"":""o2"",""label"":""Starter bundle""},{""id"":""o3"",""label"":""Studio bundle""}]"
2232,junova-synthesizer-edge,Junova Synthesizer Edge,Junova,Instruments,SK-2232-JU,"The Junova Synthesizer Edge. A dependable instruments pick with a clean, no-nonsense design and the everyday features you actually use.","{""warranty"":""1 year warranty, extendable to 2 on registration"",""inTheBox"":""Synthesizer, Tuner, Polishing cloth, Power adapter, Spare strings"",""countryOfOrigin"":""South Korea"",""returns"":""7-day return or replacement"",""support"":""Email, chat and phone, 9am–9pm IST"",""weightGrams"":18061,""material"":""ABS with steel frame"",""colour"":""Sandstone"",""modelYear"":2024}",Bundle,"[{""id"":""o1"",""label"":""Instrument only""},{""id"":""o2"",""label"":""Starter bundle""},{""id"":""o3"",""label"":""Studio bundle""},{""id"":""o4"",""label"":""Stage bundle""}]"
2233,halvard-wi-fi-router-edge,Halvard Wi-Fi Router Edge,Halvard,Networking,SK-2233-HA,"The Halvard Wi-Fi Router Edge. A dependable networking pick with a clean, no-nonsense design and the everyday features you actually use.","{""warranty"":""3 years limited warranty"",""inTheBox"":""Wi-Fi Router, Power adapter, Ethernet cable, Wall-mount kit"",""countryOfOrigin"":""Vietnam"",""returns"":""14-day return, restocking fee applies"",""support"":""Email and chat, 9am–7pm IST"",""weightGrams"":1159,""material"":""Powder-coated steel"",""colour"":""Forest"",""modelYear"":2022}",Pack,"[{""id"":""o1"",""label"":""1-pack""},{""id"":""o2"",""label"":""2-pack""}]"
2234,redwick-mesh-system-edge,Redwick Mesh System Edge,Redwick,Networking,SK-2234-RE,"The Redwick Mesh System Edge. A dependable networking pick with a clean, no-nonsense design and the everyday features you actually use.","{""warranty"":""2 years manufacturer warranty"",""inTheBox"":""Mesh System, Setup guide, Warranty card, Wall-mount kit, Power adapter"",""countryOfOrigin"":""South Korea"",""returns"":""7-day return or replacement"",""support"":""Phone and email, 10am–6pm IST, Mon–Sat"",""weightGrams"":728,""material"":""Anodised aluminium"",""colour"":""Slate Grey"",""modelYear"":2021}",Pack,"[{""id"":""o1"",""label"":""1-pack""},{""id"":""o2"",""label"":""2-pack""}]"
2235,mosella-network-switch-edge,Mosella Network Switch Edge,Mosella,Networking,SK-2235-MO,"The Mosella Network Switch Edge. A dependable networking pick with a clean, no-nonsense design and the everyday features you actually use.","{""warranty"":""18 months manufacturer warranty"",""inTheBox"":""Network Switch, Warranty card, Wall-mount kit, Ethernet cable, Power adapter"",""countryOfOrigin"":""China"",""returns"":""7-day replacement, unopened"",""support"":""Phone and email, 10am–6pm IST, Mon–Sat"",""weightGrams"":2083,""material"":""Powder-coated steel"",""colour"":""Forest"",""modelYear"":2025}",Pack,"[{""id"":""o1"",""label"":""1-pack""},{""id"":""o2"",""label"":""2-pack""}]"
2236,tundrel-range-extender-edge,Tundrel Range Extender Edge,Tundrel,Networking,SK-2236-TU,"The Tundrel Range Extender Edge. A dependable networking pick with a clean, no-nonsense design and the everyday features you actually use.","{""warranty"":""2 years manufacturer warranty"",""inTheBox"":""Range Extender, Setup guide, Warranty card, Wall-mount kit"",""countryOfOrigin"":""Mexico"",""returns"":""15-day replacement, unopened"",""support"":""Email only, 48-hour response"",""weightGrams"":415,""material"":""Anodised aluminium"",""colour"":""Matte Black"",""modelYear"":2022}",Pack,"[{""id"":""o1"",""label"":""1-pack""},{""id"":""o2"",""label"":""2-pack""},{""id"":""o3"",""label"":""3-pack""}]"
2237,lumeno-powerline-adapter-edge,Lumeno Powerline Adapter Edge,Lumeno,Networking,SK-2237-LU,"The Lumeno Powerline Adapter Edge. A dependable networking pick with a clean, no-nonsense design and the everyday features you actually use.","{""warranty"":""2 years international warranty"",""inTheBox"":""Powerline Adapter, Warranty card, Wall-mount kit"",""countryOfOrigin"":""Mexico"",""returns"":""15-day replacement, unopened"",""support"":""Phone support, 9am–6pm IST, weekdays only"",""weightGrams"":274,""material"":""Flame-retardant polycarbonate"",""colour"":""Slate Grey"",""modelYear"":2024}",Pack,"[{""id"":""o1"",""label"":""1-pack""},{""id"":""o2"",""label"":""2-pack""},{""id"":""o3"",""label"":""3-pack""}]"
2238,saffrix-travel-router-edge,Saffrix Travel Router Edge,Saffrix,Networking,SK-2238-SA,"The Saffrix Travel Router Edge. A dependable networking pick with a clean, no-nonsense design and the everyday features you actually use.","{""warranty"":""1 year warranty, extendable to 2 on registration"",""inTheBox"":""Travel Router, Ethernet cable, Setup guide, Wall-mount kit"",""countryOfOrigin"":""Malaysia"",""returns"":""10-day replacement, original packaging"",""support"":""Email only, 48-hour response"",""weightGrams"":893,""material"":""Powder-coated steel"",""colour"":""Forest"",""modelYear"":2021}",Pack,"[{""id"":""o1"",""label"":""1-pack""},{""id"":""o2"",""label"":""2-pack""}]"
2239,pinecrest-nas-enclosure-edge,Pinecrest NAS Enclosure Edge,Pinecrest,Networking,SK-2239-PI,"The Pinecrest NAS Enclosure Edge. A dependable networking pick with a clean, no-nonsense design and the everyday features you actually use.","{""warranty"":""2 years manufacturer warranty"",""inTheBox"":""NAS Enclosure, Warranty card, Setup guide, Ethernet cable"",""countryOfOrigin"":""Thailand"",""returns"":""7-day return or replacement"",""support"":""Phone support, 9am–6pm IST, weekdays only"",""weightGrams"":622,""material"":""Anodised aluminium"",""colour"":""Matte Black"",""modelYear"":2025}",Pack,"[{""id"":""o1"",""label"":""1-pack""},{""id"":""o2"",""label"":""2-pack""}]"
2240,solvane-5g-hotspot-edge,Solvane 5G Hotspot Edge,Solvane,Networking,SK-2240-SO,"The Solvane 5G Hotspot Edge. A dependable networking pick with a clean, no-nonsense design and the everyday features you actually use.","{""warranty"":""6 months manufacturer warranty"",""inTheBox"":""5G Hotspot, Warranty card, Ethernet cable, Power adapter"",""countryOfOrigin"":""Thailand"",""returns"":""7-day return or replacement"",""support"":""Email, chat and phone, 9am–9pm IST"",""weightGrams"":611,""material"":""Flame-retardant polycarbonate"",""colour"":""Forest"",""modelYear"":2022}",Pack,"[{""id"":""o1"",""label"":""1-pack""},{""id"":""o2"",""label"":""2-pack""},{""id"":""o3"",""label"":""3-pack""}]"
2241,quarrow-mirrorless-camera-core,Quarrow Mirrorless Camera Core,Quarrow,Cameras,SK-2241-QU,"The Quarrow Mirrorless Camera Core. A dependable cameras pick with a clean, no-nonsense design and the everyday features you actually use.","{""warranty"":""2 years manufacturer warranty"",""inTheBox"":""Mirrorless Camera, Lens cap, Rechargeable battery"",""countryOfOrigin"":""Taiwan"",""returns"":""15-day replacement, unopened"",""support"":""Email only, 48-hour response"",""weightGrams"":988,""material"":""Anodised aluminium"",""colour"":""Sandstone"",""modelYear"":2021}",Kit,"[{""id"":""o1"",""label"":""Body only""},{""id"":""o2"",""label"":""Standard kit""}]"
2242,brightwell-action-camera-core,Brightwell Action Camera Core,Brightwell,Cameras,SK-2242-BR,"The Brightwell Action Camera Core. A dependable cameras pick with a clean, no-nonsense design and the everyday features you actually use.","{""warranty"":""18 months manufacturer warranty"",""inTheBox"":""Action Camera, Mounting adapter, Microfibre cloth, Rechargeable battery, Neck strap"",""countryOfOrigin"":""Malaysia"",""returns"":""Replacement only, on verified defect"",""support"":""In-app chat, 8am–8pm IST"",""weightGrams"":930,""material"":""Polycarbonate with rubber grip"",""colour"":""Midnight Navy"",""modelYear"":2024}",Kit,"[{""id"":""o1"",""label"":""Body only""},{""id"":""o2"",""label"":""Standard kit""},{""id"":""o3"",""label"":""Creator kit""}]"
2243,tamarack-instant-camera-core,Tamarack Instant Camera Core,Tamarack,Cameras,SK-2243-TA,"The Tamarack Instant Camera Core. A dependable cameras pick with a clean, no-nonsense design and the everyday features you actually use.","{""warranty"":""2 years manufacturer warranty"",""inTheBox"":""Instant Camera, Mounting adapter, Rechargeable battery"",""countryOfOrigin"":""China"",""returns"":""14-day return, restocking fee applies"",""support"":""Email only, 48-hour response"",""weightGrams"":936,""material"":""Glass-fibre composite"",""colour"":""Sandstone"",""modelYear"":2022}",Kit,"[{""id"":""o1"",""label"":""Body only""},{""id"":""o2"",""label"":""Standard kit""}]"
2244,veloria-vlog-camera-core,Veloria Vlog Camera Core,Veloria,Cameras,SK-2244-VE,"The Veloria Vlog Camera Core. A dependable cameras pick with a clean, no-nonsense design and the everyday features you actually use.","{""warranty"":""1 year manufacturer warranty"",""inTheBox"":""Vlog Camera, Microfibre cloth, Rechargeable battery, Quick-start guide"",""countryOfOrigin"":""Taiwan"",""returns"":""Replacement only, on verified defect"",""support"":""Email only, 48-hour response"",""weightGrams"":502,""material"":""Glass-fibre composite"",""colour"":""Ice Blue"",""modelYear"":2025}",Kit,"[{""id"":""o1"",""label"":""Body only""},{""id"":""o2"",""label"":""Standard kit""},{""id"":""o3"",""label"":""Creator kit""},{""id"":""o4"",""label"":""Pro kit""}]"
2245,orbisk-film-scanner-core,Orbisk Film Scanner Core,Orbisk,Cameras,SK-2245-OR,"The Orbisk Film Scanner Core. A dependable cameras pick with a clean, no-nonsense design and the everyday features you actually use.","{""warranty"":""18 months manufacturer warranty"",""inTheBox"":""Film Scanner, Rechargeable battery, Neck strap, Microfibre cloth, Quick-start guide"",""countryOfOrigin"":""Czechia"",""returns"":""7-day replacement, unopened"",""support"":""Email only, 48-hour response"",""weightGrams"":798,""material"":""Magnesium alloy"",""colour"":""Olive"",""modelYear"":2023}",Kit,"[{""id"":""o1"",""label"":""Body only""},{""id"":""o2"",""label"":""Standard kit""}]"
2246,junova-dash-cam-core,Junova Dash Cam Core,Junova,Cameras,SK-2246-JU,"The Junova Dash Cam Core. A dependable cameras pick with a clean, no-nonsense design and the everyday features you actually use.","{""warranty"":""6 months manufacturer warranty"",""inTheBox"":""Dash Cam, Neck strap, USB-C cable, Mounting adapter"",""countryOfOrigin"":""Vietnam"",""returns"":""15-day replacement, unopened"",""support"":""Email and chat, 9am–7pm IST"",""weightGrams"":524,""material"":""Anodised aluminium"",""colour"":""Clay"",""modelYear"":2021}",Kit,"[{""id"":""o1"",""label"":""Body only""},{""id"":""o2"",""label"":""Standard kit""},{""id"":""o3"",""label"":""Creator kit""}]"
2247,halvard-trail-camera-core,Halvard Trail Camera Core,Halvard,Cameras,SK-2247-HA,"The Halvard Trail Camera Core. A dependable cameras pick with a clean, no-nonsense design and the everyday features you actually use.","{""warranty"":""6 months manufacturer warranty"",""inTheBox"":""Trail Camera, Lens cap, Mounting adapter"",""countryOfOrigin"":""Taiwan"",""returns"":""10-day replacement, original packaging"",""support"":""In-app chat, 8am–8pm IST"",""weightGrams"":868,""material"":""Polycarbonate with rubber grip"",""colour"":""Slate Grey"",""modelYear"":2021}",Kit,"[{""id"":""o1"",""label"":""Body only""},{""id"":""o2"",""label"":""Standard kit""},{""id"":""o3"",""label"":""Creator kit""}]"
2248,redwick-gimbal-core,Redwick Gimbal Core,Redwick,Cameras,SK-2248-RE,"The Redwick Gimbal Core. A dependable cameras pick with a clean, no-nonsense design and the everyday features you actually use.","{""warranty"":""3 years limited warranty"",""inTheBox"":""Gimbal, Mounting adapter, Rechargeable battery, Lens cap"",""countryOfOrigin"":""Germany"",""returns"":""14-day return, restocking fee applies"",""support"":""Phone support, 9am–6pm IST, weekdays only"",""weightGrams"":531,""material"":""Polycarbonate with rubber grip"",""colour"":""Bone White"",""modelYear"":2024}",Kit,"[{""id"":""o1"",""label"":""Body only""},{""id"":""o2"",""label"":""Standard kit""},{""id"":""o3"",""label"":""Creator kit""}]"
2249,mosella-tablet-core,Mosella Tablet Core,Mosella,Tablets,SK-2249-MO,"The Mosella Tablet Core. A dependable tablets pick with a clean, no-nonsense design and the everyday features you actually use.","{""warranty"":""3 years limited warranty"",""inTheBox"":""Tablet, SIM tool, 20W adapter"",""countryOfOrigin"":""China"",""returns"":""14-day return, restocking fee applies"",""support"":""Email only, 48-hour response"",""weightGrams"":595,""material"":""Magnesium alloy"",""colour"":""Pewter"",""modelYear"":2025}",Storage,"[{""id"":""o1"",""label"":""64 GB""},{""id"":""o2"",""label"":""128 GB""},{""id"":""o3"",""label"":""256 GB""}]"
2250,tundrel-e-reader-core,Tundrel E-Reader Core,Tundrel,Tablets,SK-2250-TU,"The Tundrel E-Reader Core. A dependable tablets pick with a clean, no-nonsense design and the everyday features you actually use.","{""warranty"":""2 years international warranty"",""inTheBox"":""E-Reader, Stylus, Folio sleeve, SIM tool, USB-C cable"",""countryOfOrigin"":""Portugal"",""returns"":""7-day return or replacement"",""support"":""Email, chat and phone, 9am–9pm IST"",""weightGrams"":348,""material"":""Magnesium alloy"",""colour"":""Sandstone"",""modelYear"":2024}",Storage,"[{""id"":""o1"",""label"":""64 GB""},{""id"":""o2"",""label"":""128 GB""},{""id"":""o3"",""label"":""256 GB""},{""id"":""o4"",""label"":""512 GB""}]"
2251,lumeno-drawing-tablet-core,Lumeno Drawing Tablet Core,Lumeno,Tablets,SK-2251-LU,"The Lumeno Drawing Tablet Core. A dependable tablets pick with a clean, no-nonsense design and the everyday features you actually use.","{""warranty"":""5 years limited warranty"",""inTheBox"":""Drawing Tablet, USB-C cable, Stylus, Folio sleeve"",""countryOfOrigin"":""Malaysia"",""returns"":""30-day return, original packaging"",""support"":""Phone support, 9am–6pm IST, weekdays only"",""weightGrams"":546,""material"":""Polycarbonate with glass front"",""colour"":""Graphite"",""modelYear"":2023}",Storage,"[{""id"":""o1"",""label"":""64 GB""},{""id"":""o2"",""label"":""128 GB""},{""id"":""o3"",""label"":""256 GB""}]"
2252,saffrix-kids-tablet-core,Saffrix Kids Tablet Core,Saffrix,Tablets,SK-2252-SA,"The Saffrix Kids Tablet Core. A dependable tablets pick with a clean, no-nonsense design and the everyday features you actually use.","{""warranty"":""2 years manufacturer warranty"",""inTheBox"":""Kids Tablet, SIM tool, Stylus"",""countryOfOrigin"":""Taiwan"",""returns"":""14-day return, restocking fee applies"",""support"":""In-app chat, 8am–8pm IST"",""weightGrams"":406,""material"":""Magnesium alloy"",""colour"":""Bone White"",""modelYear"":2022}",Storage,"[{""id"":""o1"",""label"":""64 GB""},{""id"":""o2"",""label"":""128 GB""},{""id"":""o3"",""label"":""256 GB""}]"
2253,pinecrest-note-pad-core,Pinecrest Note Pad Core,Pinecrest,Tablets,SK-2253-PI,"The Pinecrest Note Pad Core. A dependable tablets pick with a clean, no-nonsense design and the everyday features you actually use.","{""warranty"":""2 years international warranty"",""inTheBox"":""Note Pad, Stylus, Quick-start guide, SIM tool"",""countryOfOrigin"":""China"",""returns"":""7-day replacement, unopened"",""support"":""Email, chat and phone, 9am–9pm IST"",""weightGrams"":701,""material"":""Polycarbonate with glass front"",""colour"":""Forest"",""modelYear"":2023}",Storage,"[{""id"":""o1"",""label"":""64 GB""},{""id"":""o2"",""label"":""128 GB""}]"
2254,solvane-slate-core,Solvane Slate Core,Solvane,Tablets,SK-2254-SO,"The Solvane Slate Core. A dependable tablets pick with a clean, no-nonsense design and the everyday features you actually use.","{""warranty"":""2 years manufacturer warranty"",""inTheBox"":""Slate, SIM tool, Folio sleeve, 20W adapter, Stylus"",""countryOfOrigin"":""Mexico"",""returns"":""15-day replacement, unopened"",""support"":""Email only, 48-hour response"",""weightGrams"":354,""material"":""Magnesium alloy"",""colour"":""Pewter"",""modelYear"":2024}",Storage,"[{""id"":""o1"",""label"":""64 GB""},{""id"":""o2"",""label"":""128 GB""},{""id"":""o3"",""label"":""256 GB""}]"
2255,quarrow-foldable-tablet-core,Quarrow Foldable Tablet Core,Quarrow,Tablets,SK-2255-QU,"The Quarrow Foldable Tablet Core. A dependable tablets pick with a clean, no-nonsense design and the everyday features you actually use.","{""warranty"":""1 year manufacturer warranty"",""inTheBox"":""Foldable Tablet, 20W adapter, Quick-start guide, USB-C cable"",""countryOfOrigin"":""Czechia"",""returns"":""15-day replacement, unopened"",""support"":""24×7 chat support"",""weightGrams"":691,""material"":""Magnesium alloy"",""colour"":""Bone White"",""modelYear"":2021}",Storage,"[{""id"":""o1"",""label"":""64 GB""},{""id"":""o2"",""label"":""128 GB""},{""id"":""o3"",""label"":""256 GB""},{""id"":""o4"",""label"":""512 GB""}]"
2256,brightwell-rugged-tablet-core,Brightwell Rugged Tablet Core,Brightwell,Tablets,SK-2256-BR,"The Brightwell Rugged Tablet Core. A dependable tablets pick with a clean, no-nonsense design and the everyday features you actually use.","{""warranty"":""18 months manufacturer warranty"",""inTheBox"":""Rugged Tablet, Folio sleeve, SIM tool"",""countryOfOrigin"":""Thailand"",""returns"":""15-day replacement, unopened"",""support"":""Phone and email, 10am–6pm IST, Mon–Sat"",""weightGrams"":581,""material"":""Magnesium alloy"",""colour"":""Ice Blue"",""modelYear"":2022}",Storage,"[{""id"":""o1"",""label"":""64 GB""},{""id"":""o2"",""label"":""128 GB""},{""id"":""o3"",""label"":""256 GB""},{""id"":""o4"",""label"":""512 GB""}]"
2257,tamarack-controller-core,Tamarack Controller Core,Tamarack,Gaming,SK-2257-TA,"The Tamarack Controller Core. A dependable gaming pick with a clean, no-nonsense design and the everyday features you actually use.","{""warranty"":""2 years international warranty"",""inTheBox"":""Controller, Spare thumbsticks, Quick-start guide, Sticker sheet"",""countryOfOrigin"":""China"",""returns"":""7-day return or replacement"",""support"":""Email and chat, 9am–7pm IST"",""weightGrams"":1537,""material"":""Glass-filled nylon"",""colour"":""Ice Blue"",""modelYear"":2021}",Edition,"[{""id"":""o1"",""label"":""Standard""},{""id"":""o2"",""label"":""Special Edition""}]"
2258,veloria-handheld-console-core,Veloria Handheld Console Core,Veloria,Gaming,SK-2258-VE,"The Veloria Handheld Console Core. A dependable gaming pick with a clean, no-nonsense design and the everyday features you actually use.","{""warranty"":""6 months manufacturer warranty"",""inTheBox"":""Handheld Console, Spare thumbsticks, Sticker sheet, USB-C cable, Wireless dongle"",""countryOfOrigin"":""South Korea"",""returns"":""14-day return, restocking fee applies"",""support"":""In-app chat, 8am–8pm IST"",""weightGrams"":6019,""material"":""Aluminium and ABS"",""colour"":""Pewter"",""modelYear"":2025}",Edition,"[{""id"":""o1"",""label"":""Standard""},{""id"":""o2"",""label"":""Special Edition""}]"
2259,orbisk-racing-wheel-core,Orbisk Racing Wheel Core,Orbisk,Gaming,SK-2259-OR,"The Orbisk Racing Wheel Core. A dependable gaming pick with a clean, no-nonsense design and the everyday features you actually use.","{""warranty"":""1 year warranty, extendable to 2 on registration"",""inTheBox"":""Racing Wheel, Quick-start guide, USB-C cable, Carry case, Spare thumbsticks"",""countryOfOrigin"":""Indonesia"",""returns"":""Replacement only, on verified defect"",""support"":""Email and chat, 9am–7pm IST"",""weightGrams"":2892,""material"":""Recycled polycarbonate"",""colour"":""Graphite"",""modelYear"":2022}",Edition,"[{""id"":""o1"",""label"":""Standard""},{""id"":""o2"",""label"":""Special Edition""},{""id"":""o3"",""label"":""Pro Bundle""},{""id"":""o4"",""label"":""Collector Bundle""}]"
2260,junova-arcade-stick-core,Junova Arcade Stick Core,Junova,Gaming,SK-2260-JU,"The Junova Arcade Stick Core. A dependable gaming pick with a clean, no-nonsense design and the everyday features you actually use.","{""warranty"":""3 years limited warranty"",""inTheBox"":""Arcade Stick, Quick-start guide, Spare thumbsticks, Wireless dongle, Sticker sheet"",""countryOfOrigin"":""Portugal"",""returns"":""15-day replacement, unopened"",""support"":""24×7 chat support"",""weightGrams"":3072,""material"":""ABS with soft-touch coating"",""colour"":""Olive"",""modelYear"":2023}",Edition,"[{""id"":""o1"",""label"":""Standard""},{""id"":""o2"",""label"":""Special Edition""},{""id"":""o3"",""label"":""Pro Bundle""}]"
2261,halvard-gaming-headset-core,Halvard Gaming Headset Core,Halvard,Gaming,SK-2261-HA,"The Halvard Gaming Headset Core. A dependable gaming pick with a clean, no-nonsense design and the everyday features you actually use.","{""warranty"":""2 years international warranty"",""inTheBox"":""Gaming Headset, Spare thumbsticks, Quick-start guide, USB-C cable, Wireless dongle"",""countryOfOrigin"":""Portugal"",""returns"":""10-day replacement, original packaging"",""support"":""Email and chat, 9am–7pm IST"",""weightGrams"":1717,""material"":""ABS with soft-touch coating"",""colour"":""Bone White"",""modelYear"":2024}",Edition,"[{""id"":""o1"",""label"":""Standard""},{""id"":""o2"",""label"":""Special Edition""},{""id"":""o3"",""label"":""Pro Bundle""}]"
2262,redwick-capture-card-core,Redwick Capture Card Core,Redwick,Gaming,SK-2262-RE,"The Redwick Capture Card Core. A dependable gaming pick with a clean, no-nonsense design and the everyday features you actually use.","{""warranty"":""2 years manufacturer warranty"",""inTheBox"":""Capture Card, Sticker sheet, Carry case, Quick-start guide, USB-C cable"",""countryOfOrigin"":""Germany"",""returns"":""10-day replacement, original packaging"",""support"":""Email, chat and phone, 9am–9pm IST"",""weightGrams"":2167,""material"":""ABS with soft-touch coating"",""colour"":""Graphite"",""modelYear"":2021}",Edition,"[{""id"":""o1"",""label"":""Standard""},{""id"":""o2"",""label"":""Special Edition""},{""id"":""o3"",""label"":""Pro Bundle""}]"
2263,mosella-flight-stick-core,Mosella Flight Stick Core,Mosella,Gaming,SK-2263-MO,"The Mosella Flight Stick Core. A dependable gaming pick with a clean, no-nonsense design and the everyday features you actually use.","{""warranty"":""6 months manufacturer warranty"",""inTheBox"":""Flight Stick, Spare thumbsticks, Wireless dongle"",""countryOfOrigin"":""Germany"",""returns"":""15-day replacement, unopened"",""support"":""24×7 chat support"",""weightGrams"":3206,""material"":""ABS with soft-touch coating"",""colour"":""Ice Blue"",""modelYear"":2022}",Edition,"[{""id"":""o1"",""label"":""Standard""},{""id"":""o2"",""label"":""Special Edition""},{""id"":""o3"",""label"":""Pro Bundle""},{""id"":""o4"",""label"":""Collector Bundle""}]"
2264,tundrel-vr-headset-core,Tundrel VR Headset Core,Tundrel,Gaming,SK-2264-TU,"The Tundrel VR Headset Core. A dependable gaming pick with a clean, no-nonsense design and the everyday features you actually use.","{""warranty"":""18 months manufacturer warranty"",""inTheBox"":""VR Headset, Spare thumbsticks, Quick-start guide"",""countryOfOrigin"":""China"",""returns"":""30-day return, original packaging"",""support"":""Phone and email, 10am–6pm IST, Mon–Sat"",""weightGrams"":4223,""material"":""Aluminium and ABS"",""colour"":""Oxblood"",""modelYear"":2021}",Edition,"[{""id"":""o1"",""label"":""Standard""},{""id"":""o2"",""label"":""Special Edition""},{""id"":""o3"",""label"":""Pro Bundle""},{""id"":""o4"",""label"":""Collector Bundle""}]"
2265,lumeno-dumbbell-set-core,Lumeno Dumbbell Set Core,Lumeno,Fitness,SK-2265-LU,"The Lumeno Dumbbell Set Core. A dependable fitness pick with a clean, no-nonsense design and the everyday features you actually use.","{""warranty"":""1 year manufacturer warranty"",""inTheBox"":""Dumbbell Set, Anchor strap, Care card, Exercise chart"",""countryOfOrigin"":""Portugal"",""returns"":""7-day return or replacement"",""support"":""Email and chat, 9am–7pm IST"",""weightGrams"":2022,""material"":""TPE foam"",""colour"":""Graphite"",""modelYear"":2021}",Level,"[{""id"":""o1"",""label"":""Starter""},{""id"":""o2"",""label"":""Regular""},{""id"":""o3"",""label"":""Advanced""},{""id"":""o4"",""label"":""Elite""}]"
2266,saffrix-yoga-mat-core,Saffrix Yoga Mat Core,Saffrix,Fitness,SK-2266-SA,"The Saffrix Yoga Mat Core. A dependable fitness pick with a clean, no-nonsense design and the everyday features you actually use.","{""warranty"":""5 years limited warranty"",""inTheBox"":""Yoga Mat, Exercise chart, Grip pads, Care card, Assembly tools"",""countryOfOrigin"":""South Korea"",""returns"":""7-day return or replacement"",""support"":""In-app chat, 8am–8pm IST"",""weightGrams"":11581,""material"":""Natural rubber"",""colour"":""Olive"",""modelYear"":2022}",Level,"[{""id"":""o1"",""label"":""Starter""},{""id"":""o2"",""label"":""Regular""}]"
2267,pinecrest-rowing-machine-core,Pinecrest Rowing Machine Core,Pinecrest,Fitness,SK-2267-PI,"The Pinecrest Rowing Machine Core. A dependable fitness pick with a clean, no-nonsense design and the everyday features you actually use.","{""warranty"":""1 year warranty, extendable to 2 on registration"",""inTheBox"":""Rowing Machine, Anchor strap, Storage bag, Exercise chart, Grip pads"",""countryOfOrigin"":""Portugal"",""returns"":""14-day return, restocking fee applies"",""support"":""Email, chat and phone, 9am–9pm IST"",""weightGrams"":11282,""material"":""Natural rubber"",""colour"":""Olive"",""modelYear"":2022}",Level,"[{""id"":""o1"",""label"":""Starter""},{""id"":""o2"",""label"":""Regular""},{""id"":""o3"",""label"":""Advanced""},{""id"":""o4"",""label"":""Elite""}]"
2268,solvane-resistance-bands-core,Solvane Resistance Bands Core,Solvane,Fitness,SK-2268-SO,"The Solvane Resistance Bands Core. A dependable fitness pick with a clean, no-nonsense design and the everyday features you actually use.","{""warranty"":""1 year warranty, extendable to 2 on registration"",""inTheBox"":""Resistance Bands, Exercise chart, Grip pads"",""countryOfOrigin"":""Mexico"",""returns"":""14-day return, restocking fee applies"",""support"":""Email, chat and phone, 9am–9pm IST"",""weightGrams"":35625,""material"":""Cast iron"",""colour"":""Graphite"",""modelYear"":2024}",Level,"[{""id"":""o1"",""label"":""Starter""},{""id"":""o2"",""label"":""Regular""},{""id"":""o3"",""label"":""Advanced""},{""id"":""o4"",""label"":""Elite""}]"
2269,quarrow-kettlebell-core,Quarrow Kettlebell Core,Quarrow,Fitness,SK-2269-QU,"The Quarrow Kettlebell Core. A dependable fitness pick with a clean, no-nonsense design and the everyday features you actually use.","{""warranty"":""6 months manufacturer warranty"",""inTheBox"":""Kettlebell, Care card, Anchor strap, Exercise chart"",""countryOfOrigin"":""Thailand"",""returns"":""30-day return, original packaging"",""support"":""In-app chat, 8am–8pm IST"",""weightGrams"":13933,""material"":""Cast iron"",""colour"":""Midnight Navy"",""modelYear"":2024}",Level,"[{""id"":""o1"",""label"":""Starter""},{""id"":""o2"",""label"":""Regular""}]"
2270,brightwell-spin-bike-core,Brightwell Spin Bike Core,Brightwell,Fitness,SK-2270-BR,"The Brightwell Spin Bike Core. A dependable fitness pick with a clean, no-nonsense design and the everyday features you actually use.","{""warranty"":""6 months manufacturer warranty"",""inTheBox"":""Spin Bike, Assembly tools, Care card, Exercise chart, Grip pads"",""countryOfOrigin"":""Indonesia"",""returns"":""30-day return, original packaging"",""support"":""Phone support, 9am–6pm IST, weekdays only"",""weightGrams"":39538,""material"":""EVA foam"",""colour"":""Graphite"",""modelYear"":2022}",Level,"[{""id"":""o1"",""label"":""Starter""},{""id"":""o2"",""label"":""Regular""}]"
2271,tamarack-foam-roller-core,Tamarack Foam Roller Core,Tamarack,Fitness,SK-2271-TA,"The Tamarack Foam Roller Core. A dependable fitness pick with a clean, no-nonsense design and the everyday features you actually use.","{""warranty"":""18 months manufacturer warranty"",""inTheBox"":""Foam Roller, Assembly tools, Anchor strap, Exercise chart"",""countryOfOrigin"":""Thailand"",""returns"":""30-day return, original packaging"",""support"":""Email and chat, 9am–7pm IST"",""weightGrams"":19935,""material"":""Natural rubber"",""colour"":""Sandstone"",""modelYear"":2022}",Level,"[{""id"":""o1"",""label"":""Starter""},{""id"":""o2"",""label"":""Regular""},{""id"":""o3"",""label"":""Advanced""}]"
2272,veloria-pull-up-bar-core,Veloria Pull-up Bar Core,Veloria,Fitness,SK-2272-VE,"The Veloria Pull-up Bar Core. A dependable fitness pick with a clean, no-nonsense design and the everyday features you actually use.","{""warranty"":""6 months manufacturer warranty"",""inTheBox"":""Pull-up Bar, Assembly tools, Care card, Grip pads, Storage bag"",""countryOfOrigin"":""South Korea"",""returns"":""7-day return or replacement"",""support"":""Email and chat, 9am–7pm IST"",""weightGrams"":40806,""material"":""EVA foam"",""colour"":""Graphite"",""modelYear"":2025}",Level,"[{""id"":""o1"",""label"":""Starter""},{""id"":""o2"",""label"":""Regular""},{""id"":""o3"",""label"":""Advanced""}]"
2273,orbisk-tent-core,Orbisk Tent Core,Orbisk,Outdoor,SK-2273-OR,"The Orbisk Tent Core. A dependable outdoor pick with a clean, no-nonsense design and the everyday features you actually use.","{""warranty"":""2 years international warranty"",""inTheBox"":""Tent, Stuff sack, Care card"",""countryOfOrigin"":""Portugal"",""returns"":""Replacement only, on verified defect"",""support"":""In-app chat, 8am–8pm IST"",""weightGrams"":3955,""material"":""Stainless steel"",""colour"":""Oxblood"",""modelYear"":2021}",Capacity,"[{""id"":""o1"",""label"":""Solo""},{""id"":""o2"",""label"":""Duo""}]"
2274,junova-sleeping-bag-core,Junova Sleeping Bag Core,Junova,Outdoor,SK-2274-JU,"The Junova Sleeping Bag Core. A dependable outdoor pick with a clean, no-nonsense design and the everyday features you actually use.","{""warranty"":""2 years manufacturer warranty"",""inTheBox"":""Sleeping Bag, Pegs, Repair kit"",""countryOfOrigin"":""South Korea"",""returns"":""15-day replacement, unopened"",""support"":""Phone support, 9am–6pm IST, weekdays only"",""weightGrams"":2110,""material"":""Ripstop nylon"",""colour"":""Forest"",""modelYear"":2023}",Capacity,"[{""id"":""o1"",""label"":""Solo""},{""id"":""o2"",""label"":""Duo""},{""id"":""o3"",""label"":""Family""}]"
2275,halvard-camp-stove-core,Halvard Camp Stove Core,Halvard,Outdoor,SK-2275-HA,"The Halvard Camp Stove Core. A dependable outdoor pick with a clean, no-nonsense design and the everyday features you actually use.","{""warranty"":""1 year warranty, extendable to 2 on registration"",""inTheBox"":""Camp Stove, Stuff sack, Guy lines, Care card"",""countryOfOrigin"":""Thailand"",""returns"":""7-day replacement, unopened"",""support"":""Phone support, 9am–6pm IST, weekdays only"",""weightGrams"":1630,""material"":""Stainless steel"",""colour"":""Olive"",""modelYear"":2023}",Capacity,"[{""id"":""o1"",""label"":""Solo""},{""id"":""o2"",""label"":""Duo""},{""id"":""o3"",""label"":""Family""}]"
2276,redwick-trekking-poles-core,Redwick Trekking Poles Core,Redwick,Outdoor,SK-2276-RE,"The Redwick Trekking Poles Core. A dependable outdoor pick with a clean, no-nonsense design and the everyday features you actually use.","{""warranty"":""2 years international warranty"",""inTheBox"":""Trekking Poles, Pegs, Guy lines, Stuff sack, Repair kit"",""countryOfOrigin"":""Indonesia"",""returns"":""15-day replacement, unopened"",""support"":""Phone and email, 10am–6pm IST, Mon–Sat"",""weightGrams"":3334,""material"":""Ripstop nylon"",""colour"":""Pewter"",""modelYear"":2024}",Capacity,"[{""id"":""o1"",""label"":""Solo""},{""id"":""o2"",""label"":""Duo""},{""id"":""o3"",""label"":""Family""}]"
2277,mosella-headlamp-core,Mosella Headlamp Core,Mosella,Outdoor,SK-2277-MO,"The Mosella Headlamp Core. A dependable outdoor pick with a clean, no-nonsense design and the everyday features you actually use.","{""warranty"":""18 months manufacturer warranty"",""inTheBox"":""Headlamp, Care card, Carabiner"",""countryOfOrigin"":""Malaysia"",""returns"":""10-day replacement, original packaging"",""support"":""In-app chat, 8am–8pm IST"",""weightGrams"":3448,""material"":""Aluminium alloy"",""colour"":""Graphite"",""modelYear"":2023}",Capacity,"[{""id"":""o1"",""label"":""Solo""},{""id"":""o2"",""label"":""Duo""},{""id"":""o3"",""label"":""Family""}]"
2278,tundrel-cooler-box-core,Tundrel Cooler Box Core,Tundrel,Outdoor,SK-2278-TU,"The Tundrel Cooler Box Core. A dependable outdoor pick with a clean, no-nonsense design and the everyday features you actually use.","{""warranty"":""2 years manufacturer warranty"",""inTheBox"":""Cooler Box, Guy lines, Stuff sack, Pegs"",""countryOfOrigin"":""Taiwan"",""returns"":""30-day return, original packaging"",""support"":""Phone support, 9am–6pm IST, weekdays only"",""weightGrams"":4238,""material"":""Aluminium alloy"",""colour"":""Sandstone"",""modelYear"":2024}",Capacity,"[{""id"":""o1"",""label"":""Solo""},{""id"":""o2"",""label"":""Duo""},{""id"":""o3"",""label"":""Family""}]"
2279,lumeno-hammock-core,Lumeno Hammock Core,Lumeno,Outdoor,SK-2279-LU,"The Lumeno Hammock Core. A dependable outdoor pick with a clean, no-nonsense design and the everyday features you actually use.","{""warranty"":""1 year manufacturer warranty"",""inTheBox"":""Hammock, Care card, Carabiner, Guy lines"",""countryOfOrigin"":""Malaysia"",""returns"":""10-day replacement, original packaging"",""support"":""Email, chat and phone, 9am–9pm IST"",""weightGrams"":2746,""material"":""Recycled PET weave"",""colour"":""Midnight Navy"",""modelYear"":2022}",Capacity,"[{""id"":""o1"",""label"":""Solo""},{""id"":""o2"",""label"":""Duo""},{""id"":""o3"",""label"":""Family""},{""id"":""o4"",""label"":""Group""}]"
2280,saffrix-camp-chair-core,Saffrix Camp Chair Core,Saffrix,Outdoor,SK-2280-SA,"The Saffrix Camp Chair Core. A dependable outdoor pick with a clean, no-nonsense design and the everyday features you actually use.","{""warranty"":""3 years limited warranty"",""inTheBox"":""Camp Chair, Pegs, Repair kit, Stuff sack"",""countryOfOrigin"":""Portugal"",""returns"":""7-day return or replacement"",""support"":""Email and chat, 9am–7pm IST"",""weightGrams"":4397,""material"":""Recycled PET weave"",""colour"":""Oxblood"",""modelYear"":2024}",Capacity,"[{""id"":""o1"",""label"":""Solo""},{""id"":""o2"",""label"":""Duo""},{""id"":""o3"",""label"":""Family""},{""id"":""o4"",""label"":""Group""}]"
2281,pinecrest-desk-chair-core,Pinecrest Desk Chair Core,Pinecrest,Office,SK-2281-PI,"The Pinecrest Desk Chair Core. A dependable office pick with a clean, no-nonsense design and the everyday features you actually use.","{""warranty"":""3 years limited warranty"",""inTheBox"":""Desk Chair, Hardware pack, Assembly guide"",""countryOfOrigin"":""Mexico"",""returns"":""10-day replacement, original packaging"",""support"":""Email, chat and phone, 9am–9pm IST"",""weightGrams"":28004,""material"":""Solid beech"",""colour"":""Midnight Navy"",""modelYear"":2023}",Finish,"[{""id"":""o1"",""label"":""Oak""},{""id"":""o2"",""label"":""Walnut""},{""id"":""o3"",""label"":""Charcoal""},{""id"":""o4"",""label"":""White Ash""}]"
2282,solvane-standing-desk-core,Solvane Standing Desk Core,Solvane,Office,SK-2282-SO,"The Solvane Standing Desk Core. A dependable office pick with a clean, no-nonsense design and the everyday features you actually use.","{""warranty"":""1 year warranty, extendable to 2 on registration"",""inTheBox"":""Standing Desk, Hardware pack, Floor protectors"",""countryOfOrigin"":""Indonesia"",""returns"":""30-day return, original packaging"",""support"":""Email only, 48-hour response"",""weightGrams"":17851,""material"":""Powder-coated steel"",""colour"":""Pewter"",""modelYear"":2021}",Finish,"[{""id"":""o1"",""label"":""Oak""},{""id"":""o2"",""label"":""Walnut""}]"
2283,quarrow-monitor-arm-core,Quarrow Monitor Arm Core,Quarrow,Office,SK-2283-QU,"The Quarrow Monitor Arm Core. A dependable office pick with a clean, no-nonsense design and the everyday features you actually use.","{""warranty"":""6 months manufacturer warranty"",""inTheBox"":""Monitor Arm, Floor protectors, Wall anchor, Hardware pack, Cable tray"",""countryOfOrigin"":""Vietnam"",""returns"":""30-day return, original packaging"",""support"":""Phone and email, 10am–6pm IST, Mon–Sat"",""weightGrams"":6003,""material"":""Bamboo composite"",""colour"":""Oxblood"",""modelYear"":2024}",Finish,"[{""id"":""o1"",""label"":""Oak""},{""id"":""o2"",""label"":""Walnut""},{""id"":""o3"",""label"":""Charcoal""},{""id"":""o4"",""label"":""White Ash""}]"
2284,brightwell-desk-lamp-core,Brightwell Desk Lamp Core,Brightwell,Office,SK-2284-BR,"The Brightwell Desk Lamp Core. A dependable office pick with a clean, no-nonsense design and the everyday features you actually use.","{""warranty"":""18 months manufacturer warranty"",""inTheBox"":""Desk Lamp, Wall anchor, Hardware pack, Cable tray"",""countryOfOrigin"":""Taiwan"",""returns"":""15-day replacement, unopened"",""support"":""Email only, 48-hour response"",""weightGrams"":22660,""material"":""Mesh and aluminium"",""colour"":""Sandstone"",""modelYear"":2025}",Finish,"[{""id"":""o1"",""label"":""Oak""},{""id"":""o2"",""label"":""Walnut""},{""id"":""o3"",""label"":""Charcoal""},{""id"":""o4"",""label"":""White Ash""}]"
2285,tamarack-filing-cabinet-core,Tamarack Filing Cabinet Core,Tamarack,Office,SK-2285-TA,"The Tamarack Filing Cabinet Core. A dependable office pick with a clean, no-nonsense design and the everyday features you actually use.","{""warranty"":""6 months manufacturer warranty"",""inTheBox"":""Filing Cabinet, Cable tray, Floor protectors, Wall anchor"",""countryOfOrigin"":""Czechia"",""returns"":""30-day return, original packaging"",""support"":""In-app chat, 8am–8pm IST"",""weightGrams"":14710,""material"":""Solid beech"",""colour"":""Midnight Navy"",""modelYear"":2021}",Finish,"[{""id"":""o1"",""label"":""Oak""},{""id"":""o2"",""label"":""Walnut""},{""id"":""o3"",""label"":""Charcoal""},{""id"":""o4"",""label"":""White Ash""}]"
2286,veloria-footrest-core,Veloria Footrest Core,Veloria,Office,SK-2286-VE,"The Veloria Footrest Core. A dependable office pick with a clean, no-nonsense design and the everyday features you actually use.","{""warranty"":""2 years manufacturer warranty"",""inTheBox"":""Footrest, Hardware pack, Cable tray, Floor protectors"",""countryOfOrigin"":""Indonesia"",""returns"":""30-day return, original packaging"",""support"":""24×7 chat support"",""weightGrams"":24563,""material"":""Engineered oak"",""colour"":""Matte Black"",""modelYear"":2022}",Finish,"[{""id"":""o1"",""label"":""Oak""},{""id"":""o2"",""label"":""Walnut""}]"
2287,orbisk-bookshelf-core,Orbisk Bookshelf Core,Orbisk,Office,SK-2287-OR,"The Orbisk Bookshelf Core. A dependable office pick with a clean, no-nonsense design and the everyday features you actually use.","{""warranty"":""6 months manufacturer warranty"",""inTheBox"":""Bookshelf, Assembly guide, Assembly tools"",""countryOfOrigin"":""Thailand"",""returns"":""14-day return, restocking fee applies"",""support"":""Email only, 48-hour response"",""weightGrams"":16084,""material"":""Bamboo composite"",""colour"":""Oxblood"",""modelYear"":2021}",Finish,"[{""id"":""o1"",""label"":""Oak""},{""id"":""o2"",""label"":""Walnut""},{""id"":""o3"",""label"":""Charcoal""}]"
2288,junova-desk-organiser-core,Junova Desk Organiser Core,Junova,Office,SK-2288-JU,"The Junova Desk Organiser Core. A dependable office pick with a clean, no-nonsense design and the everyday features you actually use.","{""warranty"":""18 months manufacturer warranty"",""inTheBox"":""Desk Organiser, Assembly tools, Wall anchor"",""countryOfOrigin"":""Mexico"",""returns"":""30-day return, original packaging"",""support"":""Email, chat and phone, 9am–9pm IST"",""weightGrams"":23517,""material"":""Engineered oak"",""colour"":""Matte Black"",""modelYear"":2021}",Finish,"[{""id"":""o1"",""label"":""Oak""},{""id"":""o2"",""label"":""Walnut""},{""id"":""o3"",""label"":""Charcoal""},{""id"":""o4"",""label"":""White Ash""}]"
2289,halvard-floor-lamp-core,Halvard Floor Lamp Core,Halvard,Lighting,SK-2289-HA,"The Halvard Floor Lamp Core. A dependable lighting pick with a clean, no-nonsense design and the everyday features you actually use.","{""warranty"":""2 years manufacturer warranty"",""inTheBox"":""Floor Lamp, Adhesive clips, Setup guide, Spare diffuser"",""countryOfOrigin"":""Indonesia"",""returns"":""15-day replacement, unopened"",""support"":""Phone support, 9am–6pm IST, weekdays only"",""weightGrams"":1728,""material"":""Powder-coated steel"",""colour"":""Olive"",""modelYear"":2023}",Tone,"[{""id"":""o1"",""label"":""Warm white""},{""id"":""o2"",""label"":""Neutral white""},{""id"":""o3"",""label"":""Tunable white""}]"
2290,redwick-led-strip-core,Redwick LED Strip Core,Redwick,Lighting,SK-2290-RE,"The Redwick LED Strip Core. A dependable lighting pick with a clean, no-nonsense design and the everyday features you actually use.","{""warranty"":""18 months manufacturer warranty"",""inTheBox"":""LED Strip, Spare diffuser, Mounting kit"",""countryOfOrigin"":""Germany"",""returns"":""10-day replacement, original packaging"",""support"":""Email and chat, 9am–7pm IST"",""weightGrams"":6312,""material"":""Silicone diffuser"",""colour"":""Matte Black"",""modelYear"":2023}",Tone,"[{""id"":""o1"",""label"":""Warm white""},{""id"":""o2"",""label"":""Neutral white""},{""id"":""o3"",""label"":""Tunable white""}]"
2291,mosella-pendant-light-core,Mosella Pendant Light Core,Mosella,Lighting,SK-2291-MO,"The Mosella Pendant Light Core. A dependable lighting pick with a clean, no-nonsense design and the everyday features you actually use.","{""warranty"":""5 years limited warranty"",""inTheBox"":""Pendant Light, Adhesive clips, Setup guide, Mounting kit"",""countryOfOrigin"":""South Korea"",""returns"":""10-day replacement, original packaging"",""support"":""Email and chat, 9am–7pm IST"",""weightGrams"":925,""material"":""Borosilicate glass"",""colour"":""Ice Blue"",""modelYear"":2021}",Tone,"[{""id"":""o1"",""label"":""Warm white""},{""id"":""o2"",""label"":""Neutral white""},{""id"":""o3"",""label"":""Tunable white""},{""id"":""o4"",""label"":""Full colour""}]"
2292,tundrel-smart-panel-core,Tundrel Smart Panel Core,Tundrel,Lighting,SK-2292-TU,"The Tundrel Smart Panel Core. A dependable lighting pick with a clean, no-nonsense design and the everyday features you actually use.","{""warranty"":""3 years limited warranty"",""inTheBox"":""Smart Panel, Mounting kit, Setup guide"",""countryOfOrigin"":""Portugal"",""returns"":""Replacement only, on verified defect"",""support"":""Email, chat and phone, 9am–9pm IST"",""weightGrams"":6157,""material"":""Borosilicate glass"",""colour"":""Graphite"",""modelYear"":2025}",Tone,"[{""id"":""o1"",""label"":""Warm white""},{""id"":""o2"",""label"":""Neutral white""},{""id"":""o3"",""label"":""Tunable white""},{""id"":""o4"",""label"":""Full colour""}]"
2293,lumeno-reading-light-core,Lumeno Reading Light Core,Lumeno,Lighting,SK-2293-LU,"The Lumeno Reading Light Core. A dependable lighting pick with a clean, no-nonsense design and the everyday features you actually use.","{""warranty"":""1 year warranty, extendable to 2 on registration"",""inTheBox"":""Reading Light, Power adapter, Setup guide, Remote control, Spare diffuser"",""countryOfOrigin"":""Vietnam"",""returns"":""15-day replacement, unopened"",""support"":""Phone support, 9am–6pm IST, weekdays only"",""weightGrams"":4617,""material"":""Anodised aluminium"",""colour"":""Bone White"",""modelYear"":2021}",Tone,"[{""id"":""o1"",""label"":""Warm white""},{""id"":""o2"",""label"":""Neutral white""}]"
2294,saffrix-lantern-core,Saffrix Lantern Core,Saffrix,Lighting,SK-2294-SA,"The Saffrix Lantern Core. A dependable lighting pick with a clean, no-nonsense design and the everyday features you actually use.","{""warranty"":""1 year warranty, extendable to 2 on registration"",""inTheBox"":""Lantern, Adhesive clips, Spare diffuser, Power adapter, Remote control"",""countryOfOrigin"":""Taiwan"",""returns"":""30-day return, original packaging"",""support"":""Email only, 48-hour response"",""weightGrams"":5138,""material"":""Silicone diffuser"",""colour"":""Matte Black"",""modelYear"":2023}",Tone,"[{""id"":""o1"",""label"":""Warm white""},{""id"":""o2"",""label"":""Neutral white""},{""id"":""o3"",""label"":""Tunable white""},{""id"":""o4"",""label"":""Full colour""}]"
2295,pinecrest-wall-sconce-core,Pinecrest Wall Sconce Core,Pinecrest,Lighting,SK-2295-PI,"The Pinecrest Wall Sconce Core. A dependable lighting pick with a clean, no-nonsense design and the everyday features you actually use.","{""warranty"":""18 months manufacturer warranty"",""inTheBox"":""Wall Sconce, Remote control, Spare diffuser"",""countryOfOrigin"":""Portugal"",""returns"":""10-day replacement, original packaging"",""support"":""Phone and email, 10am–6pm IST, Mon–Sat"",""weightGrams"":6270,""material"":""Powder-coated steel"",""colour"":""Forest"",""modelYear"":2021}",Tone,"[{""id"":""o1"",""label"":""Warm white""},{""id"":""o2"",""label"":""Neutral white""}]"
2296,solvane-light-bar-core,Solvane Light Bar Core,Solvane,Lighting,SK-2296-SO,"The Solvane Light Bar Core. A dependable lighting pick with a clean, no-nonsense design and the everyday features you actually use.","{""warranty"":""3 years limited warranty"",""inTheBox"":""Light Bar, Power adapter, Mounting kit, Setup guide, Spare diffuser"",""countryOfOrigin"":""Germany"",""returns"":""15-day replacement, unopened"",""support"":""In-app chat, 8am–8pm IST"",""weightGrams"":5789,""material"":""Silicone diffuser"",""colour"":""Graphite"",""modelYear"":2025}",Tone,"[{""id"":""o1"",""label"":""Warm white""},{""id"":""o2"",""label"":""Neutral white""},{""id"":""o3"",""label"":""Tunable white""},{""id"":""o4"",""label"":""Full colour""}]"
2297,quarrow-hair-dryer-core,Quarrow Hair Dryer Core,Quarrow,Personal Care,SK-2297-QU,"The Quarrow Hair Dryer Core. A dependable personal care pick with a clean, no-nonsense design and the everyday features you actually use.","{""warranty"":""18 months manufacturer warranty"",""inTheBox"":""Hair Dryer, Travel pouch, Cleaning brush"",""countryOfOrigin"":""India"",""returns"":""10-day replacement, original packaging"",""support"":""Email and chat, 9am–7pm IST"",""weightGrams"":737,""material"":""Stainless steel"",""colour"":""Ice Blue"",""modelYear"":2025}",Set,"[{""id"":""o1"",""label"":""Single""},{""id"":""o2"",""label"":""Duo pack""},{""id"":""o3"",""label"":""Travel set""},{""id"":""o4"",""label"":""Gift set""}]"
2298,brightwell-beard-trimmer-core,Brightwell Beard Trimmer Core,Brightwell,Personal Care,SK-2298-BR,"The Brightwell Beard Trimmer Core. A dependable personal care pick with a clean, no-nonsense design and the everyday features you actually use.","{""warranty"":""1 year manufacturer warranty"",""inTheBox"":""Beard Trimmer, Travel pouch, Guide combs, Cleaning brush"",""countryOfOrigin"":""South Korea"",""returns"":""15-day replacement, unopened"",""support"":""Email, chat and phone, 9am–9pm IST"",""weightGrams"":115,""material"":""Recycled polycarbonate"",""colour"":""Forest"",""modelYear"":2022}",Set,"[{""id"":""o1"",""label"":""Single""},{""id"":""o2"",""label"":""Duo pack""},{""id"":""o3"",""label"":""Travel set""}]"
2299,tamarack-electric-toothbrush-core,Tamarack Electric Toothbrush Core,Tamarack,Personal Care,SK-2299-TA,"The Tamarack Electric Toothbrush Core. A dependable personal care pick with a clean, no-nonsense design and the everyday features you actually use.","{""warranty"":""18 months manufacturer warranty"",""inTheBox"":""Electric Toothbrush, Charging stand, Spare head, Guide combs"",""countryOfOrigin"":""South Korea"",""returns"":""Replacement only, on verified defect"",""support"":""24×7 chat support"",""weightGrams"":890,""material"":""Ceramic and ABS"",""colour"":""Clay"",""modelYear"":2021}",Set,"[{""id"":""o1"",""label"":""Single""},{""id"":""o2"",""label"":""Duo pack""},{""id"":""o3"",""label"":""Travel set""}]"
2300,veloria-hair-straightener-core,Veloria Hair Straightener Core,Veloria,Personal Care,SK-2300-VE,"The Veloria Hair Straightener Core. A dependable personal care pick with a clean, no-nonsense design and the everyday features you actually use.","{""warranty"":""5 years limited warranty"",""inTheBox"":""Hair Straightener, Spare head, Guide combs, Cleaning brush"",""countryOfOrigin"":""India"",""returns"":""Replacement only, on verified defect"",""support"":""In-app chat, 8am–8pm IST"",""weightGrams"":386,""material"":""Recycled polycarbonate"",""colour"":""Sandstone"",""modelYear"":2023}",Set,"[{""id"":""o1"",""label"":""Single""},{""id"":""o2"",""label"":""Duo pack""}]"
2301,orbisk-massager-core,Orbisk Massager Core,Orbisk,Personal Care,SK-2301-OR,"The Orbisk Massager Core. A dependable personal care pick with a clean, no-nonsense design and the everyday features you actually use.","{""warranty"":""2 years manufacturer warranty"",""inTheBox"":""Massager, Cleaning brush, Spare head, Travel pouch, Charging stand"",""countryOfOrigin"":""Germany"",""returns"":""7-day return or replacement"",""support"":""Email and chat, 9am–7pm IST"",""weightGrams"":399,""material"":""Ceramic and ABS"",""colour"":""Slate Grey"",""modelYear"":2021}",Set,"[{""id"":""o1"",""label"":""Single""},{""id"":""o2"",""label"":""Duo pack""}]"
2302,junova-shaver-core,Junova Shaver Core,Junova,Personal Care,SK-2302-JU,"The Junova Shaver Core. A dependable personal care pick with a clean, no-nonsense design and the everyday features you actually use.","{""warranty"":""1 year warranty, extendable to 2 on registration"",""inTheBox"":""Shaver, Spare head, Guide combs, Cleaning brush"",""countryOfOrigin"":""China"",""returns"":""10-day replacement, original packaging"",""support"":""Phone support, 9am–6pm IST, weekdays only"",""weightGrams"":435,""material"":""Recycled polycarbonate"",""colour"":""Olive"",""modelYear"":2021}",Set,"[{""id"":""o1"",""label"":""Single""},{""id"":""o2"",""label"":""Duo pack""}]"
2303,halvard-grooming-kit-core,Halvard Grooming Kit Core,Halvard,Personal Care,SK-2303-HA,"The Halvard Grooming Kit Core. A dependable personal care pick with a clean, no-nonsense design and the everyday features you actually use.","{""warranty"":""18 months manufacturer warranty"",""inTheBox"":""Grooming Kit, Spare head, Care guide"",""countryOfOrigin"":""Vietnam"",""returns"":""10-day replacement, original packaging"",""support"":""Email and chat, 9am–7pm IST"",""weightGrams"":699,""material"":""Ceramic and ABS"",""colour"":""Midnight Navy"",""modelYear"":2022}",Set,"[{""id"":""o1"",""label"":""Single""},{""id"":""o2"",""label"":""Duo pack""},{""id"":""o3"",""label"":""Travel set""}]"
2304,redwick-epilator-core,Redwick Epilator Core,Redwick,Personal Care,SK-2304-RE,"The Redwick Epilator Core. A dependable personal care pick with a clean, no-nonsense design and the everyday features you actually use.","{""warranty"":""1 year warranty, extendable to 2 on registration"",""inTheBox"":""Epilator, Cleaning brush, Care guide"",""countryOfOrigin"":""China"",""returns"":""Replacement only, on verified defect"",""support"":""Phone and email, 10am–6pm IST, Mon–Sat"",""weightGrams"":459,""material"":""Ceramic and ABS"",""colour"":""Matte Black"",""modelYear"":2021}",Set,"[{""id"":""o1"",""label"":""Single""},{""id"":""o2"",""label"":""Duo pack""},{""id"":""o3"",""label"":""Travel set""}]"
2305,mosella-digital-piano-core,Mosella Digital Piano Core,Mosella,Instruments,SK-2305-MO,"The Mosella Digital Piano Core. A dependable instruments pick with a clean, no-nonsense design and the everyday features you actually use.","{""warranty"":""3 years limited warranty"",""inTheBox"":""Digital Piano, Gig bag, Quick-start guide, Spare strings, Tuner"",""countryOfOrigin"":""Germany"",""returns"":""15-day replacement, unopened"",""support"":""Phone support, 9am–6pm IST, weekdays only"",""weightGrams"":1045,""material"":""Rosewood"",""colour"":""Sandstone"",""modelYear"":2021}",Bundle,"[{""id"":""o1"",""label"":""Instrument only""},{""id"":""o2"",""label"":""Starter bundle""}]"
2306,tundrel-ukulele-core,Tundrel Ukulele Core,Tundrel,Instruments,SK-2306-TU,"The Tundrel Ukulele Core. A dependable instruments pick with a clean, no-nonsense design and the everyday features you actually use.","{""warranty"":""18 months manufacturer warranty"",""inTheBox"":""Ukulele, Spare strings, Polishing cloth, Tuner"",""countryOfOrigin"":""Taiwan"",""returns"":""7-day replacement, unopened"",""support"":""Email only, 48-hour response"",""weightGrams"":13851,""material"":""Birch plywood"",""colour"":""Forest"",""modelYear"":2025}",Bundle,"[{""id"":""o1"",""label"":""Instrument only""},{""id"":""o2"",""label"":""Starter bundle""}]"
2307,lumeno-acoustic-guitar-core,Lumeno Acoustic Guitar Core,Lumeno,Instruments,SK-2307-LU,"The Lumeno Acoustic Guitar Core. A dependable instruments pick with a clean, no-nonsense design and the everyday features you actually use.","{""warranty"":""3 years limited warranty"",""inTheBox"":""Acoustic Guitar, Quick-start guide, Tuner, Gig bag, Spare strings"",""countryOfOrigin"":""Taiwan"",""returns"":""7-day replacement, unopened"",""support"":""Phone and email, 10am–6pm IST, Mon–Sat"",""weightGrams"":7024,""material"":""Maple"",""colour"":""Clay"",""modelYear"":2022}",Bundle,"[{""id"":""o1"",""label"":""Instrument only""},{""id"":""o2"",""label"":""Starter bundle""}]"
2308,saffrix-electronic-drum-kit-core,Saffrix Electronic Drum Kit Core,Saffrix,Instruments,SK-2308-SA,"The Saffrix Electronic Drum Kit Core. A dependable instruments pick with a clean, no-nonsense design and the everyday features you actually use.","{""warranty"":""1 year manufacturer warranty"",""inTheBox"":""Electronic Drum Kit, Quick-start guide, Polishing cloth, Spare strings"",""countryOfOrigin"":""Germany"",""returns"":""30-day return, original packaging"",""support"":""Email, chat and phone, 9am–9pm IST"",""weightGrams"":2374,""material"":""Spruce and mahogany"",""colour"":""Forest"",""modelYear"":2024}",Bundle,"[{""id"":""o1"",""label"":""Instrument only""},{""id"":""o2"",""label"":""Starter bundle""},{""id"":""o3"",""label"":""Studio bundle""},{""id"":""o4"",""label"":""Stage bundle""}]"
2309,pinecrest-midi-keyboard-core,Pinecrest MIDI Keyboard Core,Pinecrest,Instruments,SK-2309-PI,"The Pinecrest MIDI Keyboard Core. A dependable instruments pick with a clean, no-nonsense design and the everyday features you actually use.","{""warranty"":""18 months manufacturer warranty"",""inTheBox"":""MIDI Keyboard, Tuner, Quick-start guide"",""countryOfOrigin"":""Mexico"",""returns"":""14-day return, restocking fee applies"",""support"":""Email and chat, 9am–7pm IST"",""weightGrams"":18325,""material"":""Maple"",""colour"":""Olive"",""modelYear"":2021}",Bundle,"[{""id"":""o1"",""label"":""Instrument only""},{""id"":""o2"",""label"":""Starter bundle""}]"
2310,solvane-violin-core,Solvane Violin Core,Solvane,Instruments,SK-2310-SO,"The Solvane Violin Core. A dependable instruments pick with a clean, no-nonsense design and the everyday features you actually use.","{""warranty"":""2 years manufacturer warranty"",""inTheBox"":""Violin, Spare strings, Tuner, Quick-start guide"",""countryOfOrigin"":""South Korea"",""returns"":""7-day return or replacement"",""support"":""Phone support, 9am–6pm IST, weekdays only"",""weightGrams"":15376,""material"":""Rosewood"",""colour"":""Clay"",""modelYear"":2024}",Bundle,"[{""id"":""o1"",""label"":""Instrument only""},{""id"":""o2"",""label"":""Starter bundle""},{""id"":""o3"",""label"":""Studio bundle""}]"
2311,quarrow-cajon-core,Quarrow Cajon Core,Quarrow,Instruments,SK-2311-QU,"The Quarrow Cajon Core. A dependable instruments pick with a clean, no-nonsense design and the everyday features you actually use.","{""warranty"":""2 years manufacturer warranty"",""inTheBox"":""Cajon, Spare strings, Quick-start guide"",""countryOfOrigin"":""Indonesia"",""returns"":""7-day replacement, unopened"",""support"":""Email and chat, 9am–7pm IST"",""weightGrams"":17403,""material"":""Maple"",""colour"":""Pewter"",""modelYear"":2021}",Bundle,"[{""id"":""o1"",""label"":""Instrument only""},{""id"":""o2"",""label"":""Starter bundle""},{""id"":""o3"",""label"":""Studio bundle""}]"
2312,brightwell-synthesizer-core,Brightwell Synthesizer Core,Brightwell,Instruments,SK-2312-BR,"The Brightwell Synthesizer Core. A dependable instruments pick with a clean, no-nonsense design and the everyday features you actually use.","{""warranty"":""6 months manufacturer warranty"",""inTheBox"":""Synthesizer, Polishing cloth, Quick-start guide"",""countryOfOrigin"":""Vietnam"",""returns"":""7-day return or replacement"",""support"":""In-app chat, 8am–8pm IST"",""weightGrams"":2434,""material"":""ABS with steel frame"",""colour"":""Olive"",""modelYear"":2021}",Bundle,"[{""id"":""o1"",""label"":""Instrument only""},{""id"":""o2"",""label"":""Starter bundle""},{""id"":""o3"",""label"":""Studio bundle""},{""id"":""o4"",""label"":""Stage bundle""}]"
2313,tamarack-wi-fi-router-core,Tamarack Wi-Fi Router Core,Tamarack,Networking,SK-2313-TA,"The Tamarack Wi-Fi Router Core. A dependable networking pick with a clean, no-nonsense design and the everyday features you actually use.","{""warranty"":""18 months manufacturer warranty"",""inTheBox"":""Wi-Fi Router, Power adapter, Warranty card, Ethernet cable, Setup guide"",""countryOfOrigin"":""South Korea"",""returns"":""7-day return or replacement"",""support"":""Email and chat, 9am–7pm IST"",""weightGrams"":1911,""material"":""Powder-coated steel"",""colour"":""Pewter"",""modelYear"":2025}",Pack,"[{""id"":""o1"",""label"":""1-pack""},{""id"":""o2"",""label"":""2-pack""}]"
2314,veloria-mesh-system-core,Veloria Mesh System Core,Veloria,Networking,SK-2314-VE,"The Veloria Mesh System Core. A dependable networking pick with a clean, no-nonsense design and the everyday features you actually use.","{""warranty"":""18 months manufacturer warranty"",""inTheBox"":""Mesh System, Wall-mount kit, Ethernet cable"",""countryOfOrigin"":""South Korea"",""returns"":""7-day return or replacement"",""support"":""Phone and email, 10am–6pm IST, Mon–Sat"",""weightGrams"":1027,""material"":""Powder-coated steel"",""colour"":""Pewter"",""modelYear"":2025}",Pack,"[{""id"":""o1"",""label"":""1-pack""},{""id"":""o2"",""label"":""2-pack""},{""id"":""o3"",""label"":""3-pack""},{""id"":""o4"",""label"":""4-pack""}]"
2315,orbisk-network-switch-core,Orbisk Network Switch Core,Orbisk,Networking,SK-2315-OR,"The Orbisk Network Switch Core. A dependable networking pick with a clean, no-nonsense design and the everyday features you actually use.","{""warranty"":""1 year warranty, extendable to 2 on registration"",""inTheBox"":""Network Switch, Warranty card, Ethernet cable, Setup guide"",""countryOfOrigin"":""Germany"",""returns"":""10-day replacement, original packaging"",""support"":""Email, chat and phone, 9am–9pm IST"",""weightGrams"":1547,""material"":""Powder-coated steel"",""colour"":""Olive"",""modelYear"":2025}",Pack,"[{""id"":""o1"",""label"":""1-pack""},{""id"":""o2"",""label"":""2-pack""},{""id"":""o3"",""label"":""3-pack""}]"
2316,junova-range-extender-core,Junova Range Extender Core,Junova,Networking,SK-2316-JU,"The Junova Range Extender Core. A dependable networking pick with a clean, no-nonsense design and the everyday features you actually use.","{""warranty"":""2 years international warranty"",""inTheBox"":""Range Extender, Ethernet cable, Setup guide"",""countryOfOrigin"":""Indonesia"",""returns"":""30-day return, original packaging"",""support"":""24×7 chat support"",""weightGrams"":1066,""material"":""Recycled polycarbonate"",""colour"":""Bone White"",""modelYear"":2023}",Pack,"[{""id"":""o1"",""label"":""1-pack""},{""id"":""o2"",""label"":""2-pack""},{""id"":""o3"",""label"":""3-pack""},{""id"":""o4"",""label"":""4-pack""}]"
2317,halvard-powerline-adapter-core,Halvard Powerline Adapter Core,Halvard,Networking,SK-2317-HA,"The Halvard Powerline Adapter Core. A dependable networking pick with a clean, no-nonsense design and the everyday features you actually use.","{""warranty"":""1 year manufacturer warranty"",""inTheBox"":""Powerline Adapter, Warranty card, Setup guide, Wall-mount kit"",""countryOfOrigin"":""Czechia"",""returns"":""15-day replacement, unopened"",""support"":""Phone support, 9am–6pm IST, weekdays only"",""weightGrams"":900,""material"":""Powder-coated steel"",""colour"":""Forest"",""modelYear"":2023}",Pack,"[{""id"":""o1"",""label"":""1-pack""},{""id"":""o2"",""label"":""2-pack""}]"
2318,redwick-travel-router-core,Redwick Travel Router Core,Redwick,Networking,SK-2318-RE,"The Redwick Travel Router Core. A dependable networking pick with a clean, no-nonsense design and the everyday features you actually use.","{""warranty"":""1 year manufacturer warranty"",""inTheBox"":""Travel Router, Power adapter, Wall-mount kit, Setup guide, Warranty card"",""countryOfOrigin"":""Germany"",""returns"":""10-day replacement, original packaging"",""support"":""Phone and email, 10am–6pm IST, Mon–Sat"",""weightGrams"":1608,""material"":""Recycled polycarbonate"",""colour"":""Pewter"",""modelYear"":2021}",Pack,"[{""id"":""o1"",""label"":""1-pack""},{""id"":""o2"",""label"":""2-pack""},{""id"":""o3"",""label"":""3-pack""},{""id"":""o4"",""label"":""4-pack""}]"
2319,mosella-nas-enclosure-core,Mosella NAS Enclosure Core,Mosella,Networking,SK-2319-MO,"The Mosella NAS Enclosure Core. A dependable networking pick with a clean, no-nonsense design and the everyday features you actually use.","{""warranty"":""5 years limited warranty"",""inTheBox"":""NAS Enclosure, Setup guide, Power adapter, Ethernet cable, Wall-mount kit"",""countryOfOrigin"":""India"",""returns"":""10-day replacement, original packaging"",""support"":""In-app chat, 8am–8pm IST"",""weightGrams"":1619,""material"":""Flame-retardant polycarbonate"",""colour"":""Olive"",""modelYear"":2022}",Pack,"[{""id"":""o1"",""label"":""1-pack""},{""id"":""o2"",""label"":""2-pack""},{""id"":""o3"",""label"":""3-pack""}]"
2320,tundrel-5g-hotspot-core,Tundrel 5G Hotspot Core,Tundrel,Networking,SK-2320-TU,"The Tundrel 5G Hotspot Core. A dependable networking pick with a clean, no-nonsense design and the everyday features you actually use.","{""warranty"":""18 months manufacturer warranty"",""inTheBox"":""5G Hotspot, Wall-mount kit, Setup guide, Ethernet cable"",""countryOfOrigin"":""Germany"",""returns"":""10-day replacement, original packaging"",""support"":""Email, chat and phone, 9am–9pm IST"",""weightGrams"":939,""material"":""Anodised aluminium"",""colour"":""Clay"",""modelYear"":2022}",Pack,"[{""id"":""o1"",""label"":""1-pack""},{""id"":""o2"",""label"":""2-pack""}]"
2321,lumeno-mirrorless-camera-prime,Lumeno Mirrorless Camera Prime,Lumeno,Cameras,SK-2321-LU,"The Lumeno Mirrorless Camera Prime. A dependable cameras pick with a clean, no-nonsense design and the everyday features you actually use.","{""warranty"":""1 year manufacturer warranty"",""inTheBox"":""Mirrorless Camera, USB-C cable, Microfibre cloth, Lens cap, Neck strap"",""countryOfOrigin"":""Indonesia"",""returns"":""14-day return, restocking fee applies"",""support"":""Email and chat, 9am–7pm IST"",""weightGrams"":595,""material"":""Magnesium alloy"",""colour"":""Ice Blue"",""modelYear"":2025}",Kit,"[{""id"":""o1"",""label"":""Body only""},{""id"":""o2"",""label"":""Standard kit""}]"
2322,saffrix-action-camera-prime,Saffrix Action Camera Prime,Saffrix,Cameras,SK-2322-SA,"The Saffrix Action Camera Prime. A dependable cameras pick with a clean, no-nonsense design and the everyday features you actually use.","{""warranty"":""18 months manufacturer warranty"",""inTheBox"":""Action Camera, USB-C cable, Lens cap"",""countryOfOrigin"":""Thailand"",""returns"":""10-day replacement, original packaging"",""support"":""Phone and email, 10am–6pm IST, Mon–Sat"",""weightGrams"":530,""material"":""Polycarbonate with rubber grip"",""colour"":""Sandstone"",""modelYear"":2023}",Kit,"[{""id"":""o1"",""label"":""Body only""},{""id"":""o2"",""label"":""Standard kit""},{""id"":""o3"",""label"":""Creator kit""}]"
2323,pinecrest-instant-camera-prime,Pinecrest Instant Camera Prime,Pinecrest,Cameras,SK-2323-PI,"The Pinecrest Instant Camera Prime. A dependable cameras pick with a clean, no-nonsense design and the everyday features you actually use.","{""warranty"":""2 years manufacturer warranty"",""inTheBox"":""Instant Camera, Neck strap, Microfibre cloth, Rechargeable battery, Quick-start guide"",""countryOfOrigin"":""Indonesia"",""returns"":""Replacement only, on verified defect"",""support"":""In-app chat, 8am–8pm IST"",""weightGrams"":490,""material"":""Glass-fibre composite"",""colour"":""Midnight Navy"",""modelYear"":2025}",Kit,"[{""id"":""o1"",""label"":""Body only""},{""id"":""o2"",""label"":""Standard kit""}]"
2324,solvane-vlog-camera-prime,Solvane Vlog Camera Prime,Solvane,Cameras,SK-2324-SO,"The Solvane Vlog Camera Prime. A dependable cameras pick with a clean, no-nonsense design and the everyday features you actually use.","{""warranty"":""18 months manufacturer warranty"",""inTheBox"":""Vlog Camera, Lens cap, Mounting adapter, USB-C cable, Neck strap"",""countryOfOrigin"":""India"",""returns"":""14-day return, restocking fee applies"",""support"":""Phone and email, 10am–6pm IST, Mon–Sat"",""weightGrams"":345,""material"":""Glass-fibre composite"",""colour"":""Clay"",""modelYear"":2025}",Kit,"[{""id"":""o1"",""label"":""Body only""},{""id"":""o2"",""label"":""Standard kit""},{""id"":""o3"",""label"":""Creator kit""}]"
2325,quarrow-film-scanner-prime,Quarrow Film Scanner Prime,Quarrow,Cameras,SK-2325-QU,"The Quarrow Film Scanner Prime. A dependable cameras pick with a clean, no-nonsense design and the everyday features you actually use.","{""warranty"":""18 months manufacturer warranty"",""inTheBox"":""Film Scanner, Microfibre cloth, Quick-start guide, Neck strap, USB-C cable"",""countryOfOrigin"":""Portugal"",""returns"":""Replacement only, on verified defect"",""support"":""Phone and email, 10am–6pm IST, Mon–Sat"",""weightGrams"":758,""material"":""Polycarbonate with rubber grip"",""colour"":""Slate Grey"",""modelYear"":2021}",Kit,"[{""id"":""o1"",""label"":""Body only""},{""id"":""o2"",""label"":""Standard kit""},{""id"":""o3"",""label"":""Creator kit""}]"
2326,brightwell-dash-cam-prime,Brightwell Dash Cam Prime,Brightwell,Cameras,SK-2326-BR,"The Brightwell Dash Cam Prime. A dependable cameras pick with a clean, no-nonsense design and the everyday features you actually use.","{""warranty"":""2 years international warranty"",""inTheBox"":""Dash Cam, Quick-start guide, Microfibre cloth, USB-C cable"",""countryOfOrigin"":""Mexico"",""returns"":""30-day return, original packaging"",""support"":""24×7 chat support"",""weightGrams"":633,""material"":""Glass-fibre composite"",""colour"":""Sandstone"",""modelYear"":2025}",Kit,"[{""id"":""o1"",""label"":""Body only""},{""id"":""o2"",""label"":""Standard kit""},{""id"":""o3"",""label"":""Creator kit""}]"
2327,tamarack-trail-camera-prime,Tamarack Trail Camera Prime,Tamarack,Cameras,SK-2327-TA,"The Tamarack Trail Camera Prime. A dependable cameras pick with a clean, no-nonsense design and the everyday features you actually use.","{""warranty"":""3 years limited warranty"",""inTheBox"":""Trail Camera, Mounting adapter, Lens cap, Rechargeable battery, Neck strap"",""countryOfOrigin"":""Mexico"",""returns"":""7-day replacement, unopened"",""support"":""24×7 chat support"",""weightGrams"":897,""material"":""Polycarbonate with rubber grip"",""colour"":""Olive"",""modelYear"":2024}",Kit,"[{""id"":""o1"",""label"":""Body only""},{""id"":""o2"",""label"":""Standard kit""}]"
2328,veloria-gimbal-prime,Veloria Gimbal Prime,Veloria,Cameras,SK-2328-VE,"The Veloria Gimbal Prime. A dependable cameras pick with a clean, no-nonsense design and the everyday features you actually use.","{""warranty"":""6 months manufacturer warranty"",""inTheBox"":""Gimbal, Microfibre cloth, Rechargeable battery, Lens cap"",""countryOfOrigin"":""Czechia"",""returns"":""Replacement only, on verified defect"",""support"":""Email and chat, 9am–7pm IST"",""weightGrams"":618,""material"":""Anodised aluminium"",""colour"":""Forest"",""modelYear"":2025}",Kit,"[{""id"":""o1"",""label"":""Body only""},{""id"":""o2"",""label"":""Standard kit""},{""id"":""o3"",""label"":""Creator kit""}]"
2329,orbisk-tablet-prime,Orbisk Tablet Prime,Orbisk,Tablets,SK-2329-OR,"The Orbisk Tablet Prime. A dependable tablets pick with a clean, no-nonsense design and the everyday features you actually use.","{""warranty"":""1 year warranty, extendable to 2 on registration"",""inTheBox"":""Tablet, Folio sleeve, USB-C cable, SIM tool, Quick-start guide"",""countryOfOrigin"":""Germany"",""returns"":""10-day replacement, original packaging"",""support"":""Email, chat and phone, 9am–9pm IST"",""weightGrams"":899,""material"":""Anodised aluminium"",""colour"":""Matte Black"",""modelYear"":2024}",Storage,"[{""id"":""o1"",""label"":""64 GB""},{""id"":""o2"",""label"":""128 GB""},{""id"":""o3"",""label"":""256 GB""}]"
2330,junova-e-reader-prime,Junova E-Reader Prime,Junova,Tablets,SK-2330-JU,"The Junova E-Reader Prime. A dependable tablets pick with a clean, no-nonsense design and the everyday features you actually use.","{""warranty"":""6 months manufacturer warranty"",""inTheBox"":""E-Reader, 20W adapter, Folio sleeve, SIM tool"",""countryOfOrigin"":""Indonesia"",""returns"":""Replacement only, on verified defect"",""support"":""In-app chat, 8am–8pm IST"",""weightGrams"":569,""material"":""Recycled aluminium"",""colour"":""Midnight Navy"",""modelYear"":2025}",Storage,"[{""id"":""o1"",""label"":""64 GB""},{""id"":""o2"",""label"":""128 GB""},{""id"":""o3"",""label"":""256 GB""}]"
2331,halvard-drawing-tablet-prime,Halvard Drawing Tablet Prime,Halvard,Tablets,SK-2331-HA,"The Halvard Drawing Tablet Prime. A dependable tablets pick with a clean, no-nonsense design and the everyday features you actually use.","{""warranty"":""3 years limited warranty"",""inTheBox"":""Drawing Tablet, Folio sleeve, Stylus, USB-C cable, 20W adapter"",""countryOfOrigin"":""Portugal"",""returns"":""Replacement only, on verified defect"",""support"":""24×7 chat support"",""weightGrams"":796,""material"":""Magnesium alloy"",""colour"":""Bone White"",""modelYear"":2025}",Storage,"[{""id"":""o1"",""label"":""64 GB""},{""id"":""o2"",""label"":""128 GB""},{""id"":""o3"",""label"":""256 GB""}]"
2332,redwick-kids-tablet-prime,Redwick Kids Tablet Prime,Redwick,Tablets,SK-2332-RE,"The Redwick Kids Tablet Prime. A dependable tablets pick with a clean, no-nonsense design and the everyday features you actually use.","{""warranty"":""5 years limited warranty"",""inTheBox"":""Kids Tablet, SIM tool, Stylus"",""countryOfOrigin"":""China"",""returns"":""15-day replacement, unopened"",""support"":""Email and chat, 9am–7pm IST"",""weightGrams"":677,""material"":""Anodised aluminium"",""colour"":""Olive"",""modelYear"":2023}",Storage,"[{""id"":""o1"",""label"":""64 GB""},{""id"":""o2"",""label"":""128 GB""},{""id"":""o3"",""label"":""256 GB""},{""id"":""o4"",""label"":""512 GB""}]"
2333,mosella-note-pad-prime,Mosella Note Pad Prime,Mosella,Tablets,SK-2333-MO,"The Mosella Note Pad Prime. A dependable tablets pick with a clean, no-nonsense design and the everyday features you actually use.","{""warranty"":""18 months manufacturer warranty"",""inTheBox"":""Note Pad, 20W adapter, USB-C cable, Quick-start guide, SIM tool"",""countryOfOrigin"":""Thailand"",""returns"":""14-day return, restocking fee applies"",""support"":""In-app chat, 8am–8pm IST"",""weightGrams"":818,""material"":""Anodised aluminium"",""colour"":""Oxblood"",""modelYear"":2021}",Storage,"[{""id"":""o1"",""label"":""64 GB""},{""id"":""o2"",""label"":""128 GB""},{""id"":""o3"",""label"":""256 GB""}]"
2334,tundrel-slate-prime,Tundrel Slate Prime,Tundrel,Tablets,SK-2334-TU,"The Tundrel Slate Prime. A dependable tablets pick with a clean, no-nonsense design and the everyday features you actually use.","{""warranty"":""3 years limited warranty"",""inTheBox"":""Slate, Quick-start guide, Folio sleeve, Stylus, SIM tool"",""countryOfOrigin"":""India"",""returns"":""30-day return, original packaging"",""support"":""Phone support, 9am–6pm IST, weekdays only"",""weightGrams"":685,""material"":""Magnesium alloy"",""colour"":""Sandstone"",""modelYear"":2021}",Storage,"[{""id"":""o1"",""label"":""64 GB""},{""id"":""o2"",""label"":""128 GB""},{""id"":""o3"",""label"":""256 GB""},{""id"":""o4"",""label"":""512 GB""}]"
2335,lumeno-foldable-tablet-prime,Lumeno Foldable Tablet Prime,Lumeno,Tablets,SK-2335-LU,"The Lumeno Foldable Tablet Prime. A dependable tablets pick with a clean, no-nonsense design and the everyday features you actually use.","{""warranty"":""2 years international warranty"",""inTheBox"":""Foldable Tablet, 20W adapter, USB-C cable"",""countryOfOrigin"":""Vietnam"",""returns"":""10-day replacement, original packaging"",""support"":""Email and chat, 9am–7pm IST"",""weightGrams"":308,""material"":""Polycarbonate with glass front"",""colour"":""Ice Blue"",""modelYear"":2023}",Storage,"[{""id"":""o1"",""label"":""64 GB""},{""id"":""o2"",""label"":""128 GB""},{""id"":""o3"",""label"":""256 GB""},{""id"":""o4"",""label"":""512 GB""}]"
2336,saffrix-rugged-tablet-prime,Saffrix Rugged Tablet Prime,Saffrix,Tablets,SK-2336-SA,"The Saffrix Rugged Tablet Prime. A dependable tablets pick with a clean, no-nonsense design and the everyday features you actually use.","{""warranty"":""5 years limited warranty"",""inTheBox"":""Rugged Tablet, Quick-start guide, Folio sleeve, SIM tool, 20W adapter"",""countryOfOrigin"":""China"",""returns"":""30-day return, original packaging"",""support"":""In-app chat, 8am–8pm IST"",""weightGrams"":875,""material"":""Polycarbonate with glass front"",""colour"":""Olive"",""modelYear"":2024}",Storage,"[{""id"":""o1"",""label"":""64 GB""},{""id"":""o2"",""label"":""128 GB""},{""id"":""o3"",""label"":""256 GB""},{""id"":""o4"",""label"":""512 GB""}]"
2337,pinecrest-controller-prime,Pinecrest Controller Prime,Pinecrest,Gaming,SK-2337-PI,"The Pinecrest Controller Prime. A dependable gaming pick with a clean, no-nonsense design and the everyday features you actually use.","{""warranty"":""1 year manufacturer warranty"",""inTheBox"":""Controller, USB-C cable, Spare thumbsticks, Sticker sheet"",""countryOfOrigin"":""Mexico"",""returns"":""7-day return or replacement"",""support"":""24×7 chat support"",""weightGrams"":3818,""material"":""Glass-filled nylon"",""colour"":""Oxblood"",""modelYear"":2021}",Edition,"[{""id"":""o1"",""label"":""Standard""},{""id"":""o2"",""label"":""Special Edition""},{""id"":""o3"",""label"":""Pro Bundle""}]"
2338,solvane-handheld-console-prime,Solvane Handheld Console Prime,Solvane,Gaming,SK-2338-SO,"The Solvane Handheld Console Prime. A dependable gaming pick with a clean, no-nonsense design and the everyday features you actually use.","{""warranty"":""5 years limited warranty"",""inTheBox"":""Handheld Console, USB-C cable, Carry case"",""countryOfOrigin"":""Mexico"",""returns"":""7-day replacement, unopened"",""support"":""Email only, 48-hour response"",""weightGrams"":522,""material"":""ABS with soft-touch coating"",""colour"":""Clay"",""modelYear"":2023}",Edition,"[{""id"":""o1"",""label"":""Standard""},{""id"":""o2"",""label"":""Special Edition""}]"
2339,quarrow-racing-wheel-prime,Quarrow Racing Wheel Prime,Quarrow,Gaming,SK-2339-QU,"The Quarrow Racing Wheel Prime. A dependable gaming pick with a clean, no-nonsense design and the everyday features you actually use.","{""warranty"":""3 years limited warranty"",""inTheBox"":""Racing Wheel, Wireless dongle, Spare thumbsticks, USB-C cable, Carry case"",""countryOfOrigin"":""India"",""returns"":""15-day replacement, unopened"",""support"":""Phone support, 9am–6pm IST, weekdays only"",""weightGrams"":2771,""material"":""Glass-filled nylon"",""colour"":""Midnight Navy"",""modelYear"":2023}",Edition,"[{""id"":""o1"",""label"":""Standard""},{""id"":""o2"",""label"":""Special Edition""},{""id"":""o3"",""label"":""Pro Bundle""}]"
2340,brightwell-arcade-stick-prime,Brightwell Arcade Stick Prime,Brightwell,Gaming,SK-2340-BR,"The Brightwell Arcade Stick Prime. A dependable gaming pick with a clean, no-nonsense design and the everyday features you actually use.","{""warranty"":""18 months manufacturer warranty"",""inTheBox"":""Arcade Stick, Wireless dongle, Carry case, USB-C cable"",""countryOfOrigin"":""Vietnam"",""returns"":""Replacement only, on verified defect"",""support"":""Phone and email, 10am–6pm IST, Mon–Sat"",""weightGrams"":5692,""material"":""Aluminium and ABS"",""colour"":""Ice Blue"",""modelYear"":2023}",Edition,"[{""id"":""o1"",""label"":""Standard""},{""id"":""o2"",""label"":""Special Edition""},{""id"":""o3"",""label"":""Pro Bundle""},{""id"":""o4"",""label"":""Collector Bundle""}]"
2341,tamarack-gaming-headset-prime,Tamarack Gaming Headset Prime,Tamarack,Gaming,SK-2341-TA,"The Tamarack Gaming Headset Prime. A dependable gaming pick with a clean, no-nonsense design and the everyday features you actually use.","{""warranty"":""1 year warranty, extendable to 2 on registration"",""inTheBox"":""Gaming Headset, Sticker sheet, Spare thumbsticks, USB-C cable"",""countryOfOrigin"":""Portugal"",""returns"":""30-day return, original packaging"",""support"":""24×7 chat support"",""weightGrams"":2517,""material"":""Recycled polycarbonate"",""colour"":""Graphite"",""modelYear"":2023}",Edition,"[{""id"":""o1"",""label"":""Standard""},{""id"":""o2"",""label"":""Special Edition""},{""id"":""o3"",""label"":""Pro Bundle""},{""id"":""o4"",""label"":""Collector Bundle""}]"
2342,veloria-capture-card-prime,Veloria Capture Card Prime,Veloria,Gaming,SK-2342-VE,"The Veloria Capture Card Prime. A dependable gaming pick with a clean, no-nonsense design and the everyday features you actually use.","{""warranty"":""1 year warranty, extendable to 2 on registration"",""inTheBox"":""Capture Card, Sticker sheet, Wireless dongle, USB-C cable"",""countryOfOrigin"":""Czechia"",""returns"":""14-day return, restocking fee applies"",""support"":""Email, chat and phone, 9am–9pm IST"",""weightGrams"":4293,""material"":""Glass-filled nylon"",""colour"":""Oxblood"",""modelYear"":2022}",Edition,"[{""id"":""o1"",""label"":""Standard""},{""id"":""o2"",""label"":""Special Edition""},{""id"":""o3"",""label"":""Pro Bundle""}]"
2343,orbisk-flight-stick-prime,Orbisk Flight Stick Prime,Orbisk,Gaming,SK-2343-OR,"The Orbisk Flight Stick Prime. A dependable gaming pick with a clean, no-nonsense design and the everyday features you actually use.","{""warranty"":""2 years manufacturer warranty"",""inTheBox"":""Flight Stick, Sticker sheet, Spare thumbsticks"",""countryOfOrigin"":""India"",""returns"":""Replacement only, on verified defect"",""support"":""24×7 chat support"",""weightGrams"":3598,""material"":""Recycled polycarbonate"",""colour"":""Matte Black"",""modelYear"":2021}",Edition,"[{""id"":""o1"",""label"":""Standard""},{""id"":""o2"",""label"":""Special Edition""},{""id"":""o3"",""label"":""Pro Bundle""},{""id"":""o4"",""label"":""Collector Bundle""}]"
2344,junova-vr-headset-prime,Junova VR Headset Prime,Junova,Gaming,SK-2344-JU,"The Junova VR Headset Prime. A dependable gaming pick with a clean, no-nonsense design and the everyday features you actually use.","{""warranty"":""5 years limited warranty"",""inTheBox"":""VR Headset, Quick-start guide, Sticker sheet, Carry case"",""countryOfOrigin"":""South Korea"",""returns"":""14-day return, restocking fee applies"",""support"":""Phone support, 9am–6pm IST, weekdays only"",""weightGrams"":6299,""material"":""Recycled polycarbonate"",""colour"":""Olive"",""modelYear"":2022}",Edition,"[{""id"":""o1"",""label"":""Standard""},{""id"":""o2"",""label"":""Special Edition""}]"
2345,halvard-dumbbell-set-prime,Halvard Dumbbell Set Prime,Halvard,Fitness,SK-2345-HA,"The Halvard Dumbbell Set Prime. A dependable fitness pick with a clean, no-nonsense design and the everyday features you actually use.","{""warranty"":""1 year manufacturer warranty"",""inTheBox"":""Dumbbell Set, Exercise chart, Assembly tools, Care card"",""countryOfOrigin"":""Germany"",""returns"":""7-day replacement, unopened"",""support"":""Email and chat, 9am–7pm IST"",""weightGrams"":24718,""material"":""Powder-coated steel"",""colour"":""Slate Grey"",""modelYear"":2025}",Level,"[{""id"":""o1"",""label"":""Starter""},{""id"":""o2"",""label"":""Regular""},{""id"":""o3"",""label"":""Advanced""}]"
2346,redwick-yoga-mat-prime,Redwick Yoga Mat Prime,Redwick,Fitness,SK-2346-RE,"The Redwick Yoga Mat Prime. A dependable fitness pick with a clean, no-nonsense design and the everyday features you actually use.","{""warranty"":""18 months manufacturer warranty"",""inTheBox"":""Yoga Mat, Anchor strap, Exercise chart"",""countryOfOrigin"":""Mexico"",""returns"":""30-day return, original packaging"",""support"":""In-app chat, 8am–8pm IST"",""weightGrams"":26257,""material"":""Powder-coated steel"",""colour"":""Bone White"",""modelYear"":2024}",Level,"[{""id"":""o1"",""label"":""Starter""},{""id"":""o2"",""label"":""Regular""},{""id"":""o3"",""label"":""Advanced""},{""id"":""o4"",""label"":""Elite""}]"
2347,mosella-rowing-machine-prime,Mosella Rowing Machine Prime,Mosella,Fitness,SK-2347-MO,"The Mosella Rowing Machine Prime. A dependable fitness pick with a clean, no-nonsense design and the everyday features you actually use.","{""warranty"":""1 year manufacturer warranty"",""inTheBox"":""Rowing Machine, Exercise chart, Anchor strap, Assembly tools"",""countryOfOrigin"":""Taiwan"",""returns"":""30-day return, original packaging"",""support"":""Email and chat, 9am–7pm IST"",""weightGrams"":21668,""material"":""TPE foam"",""colour"":""Bone White"",""modelYear"":2023}",Level,"[{""id"":""o1"",""label"":""Starter""},{""id"":""o2"",""label"":""Regular""},{""id"":""o3"",""label"":""Advanced""},{""id"":""o4"",""label"":""Elite""}]"
2348,tundrel-resistance-bands-prime,Tundrel Resistance Bands Prime,Tundrel,Fitness,SK-2348-TU,"The Tundrel Resistance Bands Prime. A dependable fitness pick with a clean, no-nonsense design and the everyday features you actually use.","{""warranty"":""5 years limited warranty"",""inTheBox"":""Resistance Bands, Storage bag, Assembly tools"",""countryOfOrigin"":""Malaysia"",""returns"":""30-day return, original packaging"",""support"":""Phone and email, 10am–6pm IST, Mon–Sat"",""weightGrams"":42668,""material"":""EVA foam"",""colour"":""Midnight Navy"",""modelYear"":2025}",Level,"[{""id"":""o1"",""label"":""Starter""},{""id"":""o2"",""label"":""Regular""},{""id"":""o3"",""label"":""Advanced""}]"
2349,lumeno-kettlebell-prime,Lumeno Kettlebell Prime,Lumeno,Fitness,SK-2349-LU,"The Lumeno Kettlebell Prime. A dependable fitness pick with a clean, no-nonsense design and the everyday features you actually use.","{""warranty"":""3 years limited warranty"",""inTheBox"":""Kettlebell, Storage bag, Grip pads"",""countryOfOrigin"":""Malaysia"",""returns"":""10-day replacement, original packaging"",""support"":""24×7 chat support"",""weightGrams"":31717,""material"":""Cast iron"",""colour"":""Forest"",""modelYear"":2022}",Level,"[{""id"":""o1"",""label"":""Starter""},{""id"":""o2"",""label"":""Regular""},{""id"":""o3"",""label"":""Advanced""}]"
2350,saffrix-spin-bike-prime,Saffrix Spin Bike Prime,Saffrix,Fitness,SK-2350-SA,"The Saffrix Spin Bike Prime. A dependable fitness pick with a clean, no-nonsense design and the everyday features you actually use.","{""warranty"":""1 year manufacturer warranty"",""inTheBox"":""Spin Bike, Anchor strap, Exercise chart, Care card"",""countryOfOrigin"":""Thailand"",""returns"":""7-day return or replacement"",""support"":""Email and chat, 9am–7pm IST"",""weightGrams"":32905,""material"":""Cast iron"",""colour"":""Slate Grey"",""modelYear"":2024}",Level,"[{""id"":""o1"",""label"":""Starter""},{""id"":""o2"",""label"":""Regular""},{""id"":""o3"",""label"":""Advanced""},{""id"":""o4"",""label"":""Elite""}]"
2351,pinecrest-foam-roller-prime,Pinecrest Foam Roller Prime,Pinecrest,Fitness,SK-2351-PI,"The Pinecrest Foam Roller Prime. A dependable fitness pick with a clean, no-nonsense design and the everyday features you actually use.","{""warranty"":""6 months manufacturer warranty"",""inTheBox"":""Foam Roller, Storage bag, Anchor strap, Exercise chart, Care card"",""countryOfOrigin"":""Czechia"",""returns"":""7-day return or replacement"",""support"":""Email only, 48-hour response"",""weightGrams"":39927,""material"":""Powder-coated steel"",""colour"":""Pewter"",""modelYear"":2025}",Level,"[{""id"":""o1"",""label"":""Starter""},{""id"":""o2"",""label"":""Regular""},{""id"":""o3"",""label"":""Advanced""}]"
2352,solvane-pull-up-bar-prime,Solvane Pull-up Bar Prime,Solvane,Fitness,SK-2352-SO,"The Solvane Pull-up Bar Prime. A dependable fitness pick with a clean, no-nonsense design and the everyday features you actually use.","{""warranty"":""2 years manufacturer warranty"",""inTheBox"":""Pull-up Bar, Assembly tools, Exercise chart, Storage bag, Anchor strap"",""countryOfOrigin"":""Thailand"",""returns"":""7-day replacement, unopened"",""support"":""Email, chat and phone, 9am–9pm IST"",""weightGrams"":43652,""material"":""Natural rubber"",""colour"":""Bone White"",""modelYear"":2023}",Level,"[{""id"":""o1"",""label"":""Starter""},{""id"":""o2"",""label"":""Regular""},{""id"":""o3"",""label"":""Advanced""},{""id"":""o4"",""label"":""Elite""}]"
2353,quarrow-tent-prime,Quarrow Tent Prime,Quarrow,Outdoor,SK-2353-QU,"The Quarrow Tent Prime. A dependable outdoor pick with a clean, no-nonsense design and the everyday features you actually use.","{""warranty"":""18 months manufacturer warranty"",""inTheBox"":""Tent, Pegs, Stuff sack"",""countryOfOrigin"":""Portugal"",""returns"":""14-day return, restocking fee applies"",""support"":""Email and chat, 9am–7pm IST"",""weightGrams"":4110,""material"":""Ripstop nylon"",""colour"":""Ice Blue"",""modelYear"":2024}",Capacity,"[{""id"":""o1"",""label"":""Solo""},{""id"":""o2"",""label"":""Duo""}]"
2354,brightwell-sleeping-bag-prime,Brightwell Sleeping Bag Prime,Brightwell,Outdoor,SK-2354-BR,"The Brightwell Sleeping Bag Prime. A dependable outdoor pick with a clean, no-nonsense design and the everyday features you actually use.","{""warranty"":""5 years limited warranty"",""inTheBox"":""Sleeping Bag, Stuff sack, Repair kit"",""countryOfOrigin"":""Mexico"",""returns"":""Replacement only, on verified defect"",""support"":""24×7 chat support"",""weightGrams"":4686,""material"":""Aluminium alloy"",""colour"":""Slate Grey"",""modelYear"":2024}",Capacity,"[{""id"":""o1"",""label"":""Solo""},{""id"":""o2"",""label"":""Duo""},{""id"":""o3"",""label"":""Family""}]"
2355,tamarack-camp-stove-prime,Tamarack Camp Stove Prime,Tamarack,Outdoor,SK-2355-TA,"The Tamarack Camp Stove Prime. A dependable outdoor pick with a clean, no-nonsense design and the everyday features you actually use.","{""warranty"":""5 years limited warranty"",""inTheBox"":""Camp Stove, Carabiner, Stuff sack, Repair kit, Care card"",""countryOfOrigin"":""India"",""returns"":""Replacement only, on verified defect"",""support"":""Phone and email, 10am–6pm IST, Mon–Sat"",""weightGrams"":1980,""material"":""Aluminium alloy"",""colour"":""Graphite"",""modelYear"":2021}",Capacity,"[{""id"":""o1"",""label"":""Solo""},{""id"":""o2"",""label"":""Duo""},{""id"":""o3"",""label"":""Family""},{""id"":""o4"",""label"":""Group""}]"
2356,veloria-trekking-poles-prime,Veloria Trekking Poles Prime,Veloria,Outdoor,SK-2356-VE,"The Veloria Trekking Poles Prime. A dependable outdoor pick with a clean, no-nonsense design and the everyday features you actually use.","{""warranty"":""2 years manufacturer warranty"",""inTheBox"":""Trekking Poles, Care card, Repair kit"",""countryOfOrigin"":""Indonesia"",""returns"":""15-day replacement, unopened"",""support"":""Email only, 48-hour response"",""weightGrams"":440,""material"":""Stainless steel"",""colour"":""Graphite"",""modelYear"":2021}",Capacity,"[{""id"":""o1"",""label"":""Solo""},{""id"":""o2"",""label"":""Duo""},{""id"":""o3"",""label"":""Family""}]"
2357,orbisk-headlamp-prime,Orbisk Headlamp Prime,Orbisk,Outdoor,SK-2357-OR,"The Orbisk Headlamp Prime. A dependable outdoor pick with a clean, no-nonsense design and the everyday features you actually use.","{""warranty"":""6 months manufacturer warranty"",""inTheBox"":""Headlamp, Pegs, Repair kit"",""countryOfOrigin"":""Portugal"",""returns"":""15-day replacement, unopened"",""support"":""24×7 chat support"",""weightGrams"":5020,""material"":""Stainless steel"",""colour"":""Slate Grey"",""modelYear"":2024}",Capacity,"[{""id"":""o1"",""label"":""Solo""},{""id"":""o2"",""label"":""Duo""},{""id"":""o3"",""label"":""Family""}]"
2358,junova-cooler-box-prime,Junova Cooler Box Prime,Junova,Outdoor,SK-2358-JU,"The Junova Cooler Box Prime. A dependable outdoor pick with a clean, no-nonsense design and the everyday features you actually use.","{""warranty"":""3 years limited warranty"",""inTheBox"":""Cooler Box, Repair kit, Care card, Guy lines"",""countryOfOrigin"":""Vietnam"",""returns"":""30-day return, original packaging"",""support"":""Email, chat and phone, 9am–9pm IST"",""weightGrams"":4933,""material"":""Stainless steel"",""colour"":""Midnight Navy"",""modelYear"":2024}",Capacity,"[{""id"":""o1"",""label"":""Solo""},{""id"":""o2"",""label"":""Duo""}]"
2359,halvard-hammock-prime,Halvard Hammock Prime,Halvard,Outdoor,SK-2359-HA,"The Halvard Hammock Prime. A dependable outdoor pick with a clean, no-nonsense design and the everyday features you actually use.","{""warranty"":""5 years limited warranty"",""inTheBox"":""Hammock, Care card, Pegs"",""countryOfOrigin"":""Mexico"",""returns"":""14-day return, restocking fee applies"",""support"":""Email only, 48-hour response"",""weightGrams"":5192,""material"":""Aluminium alloy"",""colour"":""Oxblood"",""modelYear"":2021}",Capacity,"[{""id"":""o1"",""label"":""Solo""},{""id"":""o2"",""label"":""Duo""}]"
2360,redwick-camp-chair-prime,Redwick Camp Chair Prime,Redwick,Outdoor,SK-2360-RE,"The Redwick Camp Chair Prime. A dependable outdoor pick with a clean, no-nonsense design and the everyday features you actually use.","{""warranty"":""1 year manufacturer warranty"",""inTheBox"":""Camp Chair, Pegs, Repair kit"",""countryOfOrigin"":""Portugal"",""returns"":""15-day replacement, unopened"",""support"":""Email, chat and phone, 9am–9pm IST"",""weightGrams"":3249,""material"":""Aluminium alloy"",""colour"":""Sandstone"",""modelYear"":2021}",Capacity,"[{""id"":""o1"",""label"":""Solo""},{""id"":""o2"",""label"":""Duo""},{""id"":""o3"",""label"":""Family""},{""id"":""o4"",""label"":""Group""}]"
2361,mosella-desk-chair-prime,Mosella Desk Chair Prime,Mosella,Office,SK-2361-MO,"The Mosella Desk Chair Prime. A dependable office pick with a clean, no-nonsense design and the everyday features you actually use.","{""warranty"":""18 months manufacturer warranty"",""inTheBox"":""Desk Chair, Assembly guide, Floor protectors"",""countryOfOrigin"":""Mexico"",""returns"":""15-day replacement, unopened"",""support"":""Email and chat, 9am–7pm IST"",""weightGrams"":16098,""material"":""Mesh and aluminium"",""colour"":""Sandstone"",""modelYear"":2022}",Finish,"[{""id"":""o1"",""label"":""Oak""},{""id"":""o2"",""label"":""Walnut""}]"
2362,tundrel-standing-desk-prime,Tundrel Standing Desk Prime,Tundrel,Office,SK-2362-TU,"The Tundrel Standing Desk Prime. A dependable office pick with a clean, no-nonsense design and the everyday features you actually use.","{""warranty"":""18 months manufacturer warranty"",""inTheBox"":""Standing Desk, Assembly tools, Wall anchor"",""countryOfOrigin"":""Mexico"",""returns"":""7-day replacement, unopened"",""support"":""24×7 chat support"",""weightGrams"":29120,""material"":""Mesh and aluminium"",""colour"":""Matte Black"",""modelYear"":2021}",Finish,"[{""id"":""o1"",""label"":""Oak""},{""id"":""o2"",""label"":""Walnut""},{""id"":""o3"",""label"":""Charcoal""}]"
2363,lumeno-monitor-arm-prime,Lumeno Monitor Arm Prime,Lumeno,Office,SK-2363-LU,"The Lumeno Monitor Arm Prime. A dependable office pick with a clean, no-nonsense design and the everyday features you actually use.","{""warranty"":""1 year warranty, extendable to 2 on registration"",""inTheBox"":""Monitor Arm, Assembly guide, Wall anchor, Hardware pack"",""countryOfOrigin"":""Taiwan"",""returns"":""14-day return, restocking fee applies"",""support"":""Email, chat and phone, 9am–9pm IST"",""weightGrams"":1088,""material"":""Mesh and aluminium"",""colour"":""Olive"",""modelYear"":2025}",Finish,"[{""id"":""o1"",""label"":""Oak""},{""id"":""o2"",""label"":""Walnut""},{""id"":""o3"",""label"":""Charcoal""}]"
2364,saffrix-desk-lamp-prime,Saffrix Desk Lamp Prime,Saffrix,Office,SK-2364-SA,"The Saffrix Desk Lamp Prime. A dependable office pick with a clean, no-nonsense design and the everyday features you actually use.","{""warranty"":""5 years limited warranty"",""inTheBox"":""Desk Lamp, Assembly guide, Wall anchor, Hardware pack, Floor protectors"",""countryOfOrigin"":""South Korea"",""returns"":""15-day replacement, unopened"",""support"":""Email, chat and phone, 9am–9pm IST"",""weightGrams"":19193,""material"":""Powder-coated steel"",""colour"":""Bone White"",""modelYear"":2023}",Finish,"[{""id"":""o1"",""label"":""Oak""},{""id"":""o2"",""label"":""Walnut""},{""id"":""o3"",""label"":""Charcoal""},{""id"":""o4"",""label"":""White Ash""}]"
2365,pinecrest-filing-cabinet-prime,Pinecrest Filing Cabinet Prime,Pinecrest,Office,SK-2365-PI,"The Pinecrest Filing Cabinet Prime. A dependable office pick with a clean, no-nonsense design and the everyday features you actually use.","{""warranty"":""1 year warranty, extendable to 2 on registration"",""inTheBox"":""Filing Cabinet, Hardware pack, Assembly tools, Floor protectors"",""countryOfOrigin"":""Indonesia"",""returns"":""30-day return, original packaging"",""support"":""Email, chat and phone, 9am–9pm IST"",""weightGrams"":2976,""material"":""Bamboo composite"",""colour"":""Midnight Navy"",""modelYear"":2022}",Finish,"[{""id"":""o1"",""label"":""Oak""},{""id"":""o2"",""label"":""Walnut""},{""id"":""o3"",""label"":""Charcoal""}]"
2366,solvane-footrest-prime,Solvane Footrest Prime,Solvane,Office,SK-2366-SO,"The Solvane Footrest Prime. A dependable office pick with a clean, no-nonsense design and the everyday features you actually use.","{""warranty"":""2 years manufacturer warranty"",""inTheBox"":""Footrest, Wall anchor, Floor protectors, Assembly guide"",""countryOfOrigin"":""Mexico"",""returns"":""7-day replacement, unopened"",""support"":""Email only, 48-hour response"",""weightGrams"":26031,""material"":""Mesh and aluminium"",""colour"":""Slate Grey"",""modelYear"":2024}",Finish,"[{""id"":""o1"",""label"":""Oak""},{""id"":""o2"",""label"":""Walnut""},{""id"":""o3"",""label"":""Charcoal""}]"
2367,quarrow-bookshelf-prime,Quarrow Bookshelf Prime,Quarrow,Office,SK-2367-QU,"The Quarrow Bookshelf Prime. A dependable office pick with a clean, no-nonsense design and the everyday features you actually use.","{""warranty"":""6 months manufacturer warranty"",""inTheBox"":""Bookshelf, Assembly guide, Cable tray, Hardware pack, Floor protectors"",""countryOfOrigin"":""Malaysia"",""returns"":""7-day return or replacement"",""support"":""Email and chat, 9am–7pm IST"",""weightGrams"":7820,""material"":""Powder-coated steel"",""colour"":""Clay"",""modelYear"":2022}",Finish,"[{""id"":""o1"",""label"":""Oak""},{""id"":""o2"",""label"":""Walnut""},{""id"":""o3"",""label"":""Charcoal""}]"
2368,brightwell-desk-organiser-prime,Brightwell Desk Organiser Prime,Brightwell,Office,SK-2368-BR,"The Brightwell Desk Organiser Prime. A dependable office pick with a clean, no-nonsense design and the everyday features you actually use.","{""warranty"":""5 years limited warranty"",""inTheBox"":""Desk Organiser, Assembly guide, Hardware pack, Assembly tools, Cable tray"",""countryOfOrigin"":""South Korea"",""returns"":""15-day replacement, unopened"",""support"":""Email, chat and phone, 9am–9pm IST"",""weightGrams"":10127,""material"":""Powder-coated steel"",""colour"":""Clay"",""modelYear"":2022}",Finish,"[{""id"":""o1"",""label"":""Oak""},{""id"":""o2"",""label"":""Walnut""}]"
2369,tamarack-floor-lamp-prime,Tamarack Floor Lamp Prime,Tamarack,Lighting,SK-2369-TA,"The Tamarack Floor Lamp Prime. A dependable lighting pick with a clean, no-nonsense design and the everyday features you actually use.","{""warranty"":""2 years international warranty"",""inTheBox"":""Floor Lamp, Adhesive clips, Spare diffuser, Remote control, Setup guide"",""countryOfOrigin"":""China"",""returns"":""15-day replacement, unopened"",""support"":""In-app chat, 8am–8pm IST"",""weightGrams"":6181,""material"":""Borosilicate glass"",""colour"":""Bone White"",""modelYear"":2022}",Tone,"[{""id"":""o1"",""label"":""Warm white""},{""id"":""o2"",""label"":""Neutral white""}]"
2370,veloria-led-strip-prime,Veloria LED Strip Prime,Veloria,Lighting,SK-2370-VE,"The Veloria LED Strip Prime. A dependable lighting pick with a clean, no-nonsense design and the everyday features you actually use.","{""warranty"":""1 year manufacturer warranty"",""inTheBox"":""LED Strip, Remote control, Spare diffuser"",""countryOfOrigin"":""Thailand"",""returns"":""7-day replacement, unopened"",""support"":""Phone support, 9am–6pm IST, weekdays only"",""weightGrams"":1048,""material"":""Anodised aluminium"",""colour"":""Graphite"",""modelYear"":2024}",Tone,"[{""id"":""o1"",""label"":""Warm white""},{""id"":""o2"",""label"":""Neutral white""},{""id"":""o3"",""label"":""Tunable white""}]"
2371,orbisk-pendant-light-prime,Orbisk Pendant Light Prime,Orbisk,Lighting,SK-2371-OR,"The Orbisk Pendant Light Prime. A dependable lighting pick with a clean, no-nonsense design and the everyday features you actually use.","{""warranty"":""2 years manufacturer warranty"",""inTheBox"":""Pendant Light, Adhesive clips, Spare diffuser, Mounting kit"",""countryOfOrigin"":""Germany"",""returns"":""30-day return, original packaging"",""support"":""Email only, 48-hour response"",""weightGrams"":4536,""material"":""Anodised aluminium"",""colour"":""Forest"",""modelYear"":2025}",Tone,"[{""id"":""o1"",""label"":""Warm white""},{""id"":""o2"",""label"":""Neutral white""},{""id"":""o3"",""label"":""Tunable white""},{""id"":""o4"",""label"":""Full colour""}]"
2372,junova-smart-panel-prime,Junova Smart Panel Prime,Junova,Lighting,SK-2372-JU,"The Junova Smart Panel Prime. A dependable lighting pick with a clean, no-nonsense design and the everyday features you actually use.","{""warranty"":""2 years manufacturer warranty"",""inTheBox"":""Smart Panel, Remote control, Adhesive clips"",""countryOfOrigin"":""India"",""returns"":""7-day return or replacement"",""support"":""Email and chat, 9am–7pm IST"",""weightGrams"":5214,""material"":""Anodised aluminium"",""colour"":""Midnight Navy"",""modelYear"":2023}",Tone,"[{""id"":""o1"",""label"":""Warm white""},{""id"":""o2"",""label"":""Neutral white""},{""id"":""o3"",""label"":""Tunable white""},{""id"":""o4"",""label"":""Full colour""}]"
2373,halvard-reading-light-prime,Halvard Reading Light Prime,Halvard,Lighting,SK-2373-HA,"The Halvard Reading Light Prime. A dependable lighting pick with a clean, no-nonsense design and the everyday features you actually use.","{""warranty"":""5 years limited warranty"",""inTheBox"":""Reading Light, Power adapter, Setup guide"",""countryOfOrigin"":""Portugal"",""returns"":""Replacement only, on verified defect"",""support"":""Phone and email, 10am–6pm IST, Mon–Sat"",""weightGrams"":5159,""material"":""Borosilicate glass"",""colour"":""Matte Black"",""modelYear"":2022}",Tone,"[{""id"":""o1"",""label"":""Warm white""},{""id"":""o2"",""label"":""Neutral white""},{""id"":""o3"",""label"":""Tunable white""},{""id"":""o4"",""label"":""Full colour""}]"
2374,redwick-lantern-prime,Redwick Lantern Prime,Redwick,Lighting,SK-2374-RE,"The Redwick Lantern Prime. A dependable lighting pick with a clean, no-nonsense design and the everyday features you actually use.","{""warranty"":""2 years manufacturer warranty"",""inTheBox"":""Lantern, Power adapter, Spare diffuser, Mounting kit, Setup guide"",""countryOfOrigin"":""Mexico"",""returns"":""7-day replacement, unopened"",""support"":""24×7 chat support"",""weightGrams"":1846,""material"":""Silicone diffuser"",""colour"":""Olive"",""modelYear"":2022}",Tone,"[{""id"":""o1"",""label"":""Warm white""},{""id"":""o2"",""label"":""Neutral white""}]"
2375,mosella-wall-sconce-prime,Mosella Wall Sconce Prime,Mosella,Lighting,SK-2375-MO,"The Mosella Wall Sconce Prime. A dependable lighting pick with a clean, no-nonsense design and the everyday features you actually use.","{""warranty"":""2 years international warranty"",""inTheBox"":""Wall Sconce, Adhesive clips, Spare diffuser, Setup guide, Mounting kit"",""countryOfOrigin"":""Malaysia"",""returns"":""Replacement only, on verified defect"",""support"":""24×7 chat support"",""weightGrams"":3000,""material"":""Silicone diffuser"",""colour"":""Olive"",""modelYear"":2024}",Tone,"[{""id"":""o1"",""label"":""Warm white""},{""id"":""o2"",""label"":""Neutral white""},{""id"":""o3"",""label"":""Tunable white""}]"
2376,tundrel-light-bar-prime,Tundrel Light Bar Prime,Tundrel,Lighting,SK-2376-TU,"The Tundrel Light Bar Prime. A dependable lighting pick with a clean, no-nonsense design and the everyday features you actually use.","{""warranty"":""3 years limited warranty"",""inTheBox"":""Light Bar, Spare diffuser, Setup guide, Power adapter, Mounting kit"",""countryOfOrigin"":""Portugal"",""returns"":""Replacement only, on verified defect"",""support"":""Email only, 48-hour response"",""weightGrams"":2772,""material"":""Borosilicate glass"",""colour"":""Sandstone"",""modelYear"":2021}",Tone,"[{""id"":""o1"",""label"":""Warm white""},{""id"":""o2"",""label"":""Neutral white""}]"
2377,lumeno-hair-dryer-prime,Lumeno Hair Dryer Prime,Lumeno,Personal Care,SK-2377-LU,"The Lumeno Hair Dryer Prime. A dependable personal care pick with a clean, no-nonsense design and the everyday features you actually use.","{""warranty"":""2 years international warranty"",""inTheBox"":""Hair Dryer, Care guide, Cleaning brush"",""countryOfOrigin"":""Czechia"",""returns"":""Replacement only, on verified defect"",""support"":""Email, chat and phone, 9am–9pm IST"",""weightGrams"":706,""material"":""ABS with soft-touch coating"",""colour"":""Bone White"",""modelYear"":2023}",Set,"[{""id"":""o1"",""label"":""Single""},{""id"":""o2"",""label"":""Duo pack""}]"
2378,saffrix-beard-trimmer-prime,Saffrix Beard Trimmer Prime,Saffrix,Personal Care,SK-2378-SA,"The Saffrix Beard Trimmer Prime. A dependable personal care pick with a clean, no-nonsense design and the everyday features you actually use.","{""warranty"":""3 years limited warranty"",""inTheBox"":""Beard Trimmer, Guide combs, Spare head, Charging stand"",""countryOfOrigin"":""Mexico"",""returns"":""7-day replacement, unopened"",""support"":""Email and chat, 9am–7pm IST"",""weightGrams"":552,""material"":""ABS with soft-touch coating"",""colour"":""Pewter"",""modelYear"":2022}",Set,"[{""id"":""o1"",""label"":""Single""},{""id"":""o2"",""label"":""Duo pack""}]"
2379,pinecrest-electric-toothbrush-prime,Pinecrest Electric Toothbrush Prime,Pinecrest,Personal Care,SK-2379-PI,"The Pinecrest Electric Toothbrush Prime. A dependable personal care pick with a clean, no-nonsense design and the everyday features you actually use.","{""warranty"":""6 months manufacturer warranty"",""inTheBox"":""Electric Toothbrush, Travel pouch, Care guide"",""countryOfOrigin"":""China"",""returns"":""7-day replacement, unopened"",""support"":""Email only, 48-hour response"",""weightGrams"":384,""material"":""Ceramic and ABS"",""colour"":""Forest"",""modelYear"":2024}",Set,"[{""id"":""o1"",""label"":""Single""},{""id"":""o2"",""label"":""Duo pack""}]"
2380,solvane-hair-straightener-prime,Solvane Hair Straightener Prime,Solvane,Personal Care,SK-2380-SO,"The Solvane Hair Straightener Prime. A dependable personal care pick with a clean, no-nonsense design and the everyday features you actually use.","{""warranty"":""3 years limited warranty"",""inTheBox"":""Hair Straightener, Spare head, Care guide, Travel pouch"",""countryOfOrigin"":""Taiwan"",""returns"":""7-day replacement, unopened"",""support"":""24×7 chat support"",""weightGrams"":414,""material"":""Recycled polycarbonate"",""colour"":""Graphite"",""modelYear"":2023}",Set,"[{""id"":""o1"",""label"":""Single""},{""id"":""o2"",""label"":""Duo pack""},{""id"":""o3"",""label"":""Travel set""},{""id"":""o4"",""label"":""Gift set""}]"
2381,quarrow-massager-prime,Quarrow Massager Prime,Quarrow,Personal Care,SK-2381-QU,"The Quarrow Massager Prime. A dependable personal care pick with a clean, no-nonsense design and the everyday features you actually use.","{""warranty"":""2 years manufacturer warranty"",""inTheBox"":""Massager, Spare head, Guide combs, Charging stand, Travel pouch"",""countryOfOrigin"":""Thailand"",""returns"":""7-day return or replacement"",""support"":""24×7 chat support"",""weightGrams"":225,""material"":""Ceramic and ABS"",""colour"":""Slate Grey"",""modelYear"":2025}",Set,"[{""id"":""o1"",""label"":""Single""},{""id"":""o2"",""label"":""Duo pack""},{""id"":""o3"",""label"":""Travel set""}]"
2382,brightwell-shaver-prime,Brightwell Shaver Prime,Brightwell,Personal Care,SK-2382-BR,"The Brightwell Shaver Prime. A dependable personal care pick with a clean, no-nonsense design and the everyday features you actually use.","{""warranty"":""18 months manufacturer warranty"",""inTheBox"":""Shaver, Spare head, Guide combs, Charging stand, Cleaning brush"",""countryOfOrigin"":""Portugal"",""returns"":""30-day return, original packaging"",""support"":""In-app chat, 8am–8pm IST"",""weightGrams"":832,""material"":""Stainless steel"",""colour"":""Olive"",""modelYear"":2022}",Set,"[{""id"":""o1"",""label"":""Single""},{""id"":""o2"",""label"":""Duo pack""}]"
2383,tamarack-grooming-kit-prime,Tamarack Grooming Kit Prime,Tamarack,Personal Care,SK-2383-TA,"The Tamarack Grooming Kit Prime. A dependable personal care pick with a clean, no-nonsense design and the everyday features you actually use.","{""warranty"":""2 years manufacturer warranty"",""inTheBox"":""Grooming Kit, Cleaning brush, Travel pouch"",""countryOfOrigin"":""Portugal"",""returns"":""Replacement only, on verified defect"",""support"":""Email, chat and phone, 9am–9pm IST"",""weightGrams"":213,""material"":""ABS with soft-touch coating"",""colour"":""Graphite"",""modelYear"":2021}",Set,"[{""id"":""o1"",""label"":""Single""},{""id"":""o2"",""label"":""Duo pack""},{""id"":""o3"",""label"":""Travel set""},{""id"":""o4"",""label"":""Gift set""}]"
2384,veloria-epilator-prime,Veloria Epilator Prime,Veloria,Personal Care,SK-2384-VE,"The Veloria Epilator Prime. A dependable personal care pick with a clean, no-nonsense design and the everyday features you actually use.","{""warranty"":""18 months manufacturer warranty"",""inTheBox"":""Epilator, Care guide, Spare head, Charging stand"",""countryOfOrigin"":""Vietnam"",""returns"":""14-day return, restocking fee applies"",""support"":""Email and chat, 9am–7pm IST"",""weightGrams"":121,""material"":""Ceramic and ABS"",""colour"":""Olive"",""modelYear"":2021}",Set,"[{""id"":""o1"",""label"":""Single""},{""id"":""o2"",""label"":""Duo pack""},{""id"":""o3"",""label"":""Travel set""}]"
2385,orbisk-digital-piano-prime,Orbisk Digital Piano Prime,Orbisk,Instruments,SK-2385-OR,"The Orbisk Digital Piano Prime. A dependable instruments pick with a clean, no-nonsense design and the everyday features you actually use.","{""warranty"":""3 years limited warranty"",""inTheBox"":""Digital Piano, Spare strings, Polishing cloth, Tuner, Gig bag"",""countryOfOrigin"":""Taiwan"",""returns"":""7-day replacement, unopened"",""support"":""In-app chat, 8am–8pm IST"",""weightGrams"":9806,""material"":""Maple"",""colour"":""Midnight Navy"",""modelYear"":2024}",Bundle,"[{""id"":""o1"",""label"":""Instrument only""},{""id"":""o2"",""label"":""Starter bundle""}]"
2386,junova-ukulele-prime,Junova Ukulele Prime,Junova,Instruments,SK-2386-JU,"The Junova Ukulele Prime. A dependable instruments pick with a clean, no-nonsense design and the everyday features you actually use.","{""warranty"":""2 years international warranty"",""inTheBox"":""Ukulele, Quick-start guide, Polishing cloth"",""countryOfOrigin"":""Mexico"",""returns"":""Replacement only, on verified defect"",""support"":""Phone and email, 10am–6pm IST, Mon–Sat"",""weightGrams"":21175,""material"":""Spruce and mahogany"",""colour"":""Olive"",""modelYear"":2023}",Bundle,"[{""id"":""o1"",""label"":""Instrument only""},{""id"":""o2"",""label"":""Starter bundle""}]"
2387,halvard-acoustic-guitar-prime,Halvard Acoustic Guitar Prime,Halvard,Instruments,SK-2387-HA,"The Halvard Acoustic Guitar Prime. A dependable instruments pick with a clean, no-nonsense design and the everyday features you actually use.","{""warranty"":""6 months manufacturer warranty"",""inTheBox"":""Acoustic Guitar, Gig bag, Tuner"",""countryOfOrigin"":""Portugal"",""returns"":""7-day replacement, unopened"",""support"":""Email, chat and phone, 9am–9pm IST"",""weightGrams"":8055,""material"":""Spruce and mahogany"",""colour"":""Slate Grey"",""modelYear"":2023}",Bundle,"[{""id"":""o1"",""label"":""Instrument only""},{""id"":""o2"",""label"":""Starter bundle""},{""id"":""o3"",""label"":""Studio bundle""}]"
2388,redwick-electronic-drum-kit-prime,Redwick Electronic Drum Kit Prime,Redwick,Instruments,SK-2388-RE,"The Redwick Electronic Drum Kit Prime. A dependable instruments pick with a clean, no-nonsense design and the everyday features you actually use.","{""warranty"":""1 year manufacturer warranty"",""inTheBox"":""Electronic Drum Kit, Power adapter, Gig bag"",""countryOfOrigin"":""South Korea"",""returns"":""Replacement only, on verified defect"",""support"":""Phone and email, 10am–6pm IST, Mon–Sat"",""weightGrams"":15767,""material"":""Maple"",""colour"":""Midnight Navy"",""modelYear"":2022}",Bundle,"[{""id"":""o1"",""label"":""Instrument only""},{""id"":""o2"",""label"":""Starter bundle""}]"
2389,mosella-midi-keyboard-prime,Mosella MIDI Keyboard Prime,Mosella,Instruments,SK-2389-MO,"The Mosella MIDI Keyboard Prime. A dependable instruments pick with a clean, no-nonsense design and the everyday features you actually use.","{""warranty"":""18 months manufacturer warranty"",""inTheBox"":""MIDI Keyboard, Spare strings, Quick-start guide, Tuner, Gig bag"",""countryOfOrigin"":""India"",""returns"":""14-day return, restocking fee applies"",""support"":""Email only, 48-hour response"",""weightGrams"":11668,""material"":""Maple"",""colour"":""Oxblood"",""modelYear"":2023}",Bundle,"[{""id"":""o1"",""label"":""Instrument only""},{""id"":""o2"",""label"":""Starter bundle""},{""id"":""o3"",""label"":""Studio bundle""}]"
2390,tundrel-violin-prime,Tundrel Violin Prime,Tundrel,Instruments,SK-2390-TU,"The Tundrel Violin Prime. A dependable instruments pick with a clean, no-nonsense design and the everyday features you actually use.","{""warranty"":""3 years limited warranty"",""inTheBox"":""Violin, Spare strings, Quick-start guide, Tuner"",""countryOfOrigin"":""Czechia"",""returns"":""7-day replacement, unopened"",""support"":""Email and chat, 9am–7pm IST"",""weightGrams"":7149,""material"":""Maple"",""colour"":""Olive"",""modelYear"":2024}",Bundle,"[{""id"":""o1"",""label"":""Instrument only""},{""id"":""o2"",""label"":""Starter bundle""}]"
2391,lumeno-cajon-prime,Lumeno Cajon Prime,Lumeno,Instruments,SK-2391-LU,"The Lumeno Cajon Prime. A dependable instruments pick with a clean, no-nonsense design and the everyday features you actually use.","{""warranty"":""1 year warranty, extendable to 2 on registration"",""inTheBox"":""Cajon, Polishing cloth, Power adapter, Quick-start guide, Tuner"",""countryOfOrigin"":""China"",""returns"":""7-day return or replacement"",""support"":""Email only, 48-hour response"",""weightGrams"":8500,""material"":""Birch plywood"",""colour"":""Slate Grey"",""modelYear"":2022}",Bundle,"[{""id"":""o1"",""label"":""Instrument only""},{""id"":""o2"",""label"":""Starter bundle""},{""id"":""o3"",""label"":""Studio bundle""},{""id"":""o4"",""label"":""Stage bundle""}]"
2392,saffrix-synthesizer-prime,Saffrix Synthesizer Prime,Saffrix,Instruments,SK-2392-SA,"The Saffrix Synthesizer Prime. A dependable instruments pick with a clean, no-nonsense design and the everyday features you actually use.","{""warranty"":""6 months manufacturer warranty"",""inTheBox"":""Synthesizer, Power adapter, Tuner, Quick-start guide"",""countryOfOrigin"":""China"",""returns"":""14-day return, restocking fee applies"",""support"":""Email only, 48-hour response"",""weightGrams"":13185,""material"":""ABS with steel frame"",""colour"":""Matte Black"",""modelYear"":2022}",Bundle,"[{""id"":""o1"",""label"":""Instrument only""},{""id"":""o2"",""label"":""Starter bundle""},{""id"":""o3"",""label"":""Studio bundle""}]"
2393,pinecrest-wi-fi-router-prime,Pinecrest Wi-Fi Router Prime,Pinecrest,Networking,SK-2393-PI,"The Pinecrest Wi-Fi Router Prime. A dependable networking pick with a clean, no-nonsense design and the everyday features you actually use.","{""warranty"":""18 months manufacturer warranty"",""inTheBox"":""Wi-Fi Router, Power adapter, Ethernet cable, Warranty card, Wall-mount kit"",""countryOfOrigin"":""South Korea"",""returns"":""15-day replacement, unopened"",""support"":""Email, chat and phone, 9am–9pm IST"",""weightGrams"":1529,""material"":""Flame-retardant polycarbonate"",""colour"":""Forest"",""modelYear"":2025}",Pack,"[{""id"":""o1"",""label"":""1-pack""},{""id"":""o2"",""label"":""2-pack""},{""id"":""o3"",""label"":""3-pack""}]"
2394,solvane-mesh-system-prime,Solvane Mesh System Prime,Solvane,Networking,SK-2394-SO,"The Solvane Mesh System Prime. A dependable networking pick with a clean, no-nonsense design and the everyday features you actually use.","{""warranty"":""2 years international warranty"",""inTheBox"":""Mesh System, Wall-mount kit, Power adapter, Setup guide"",""countryOfOrigin"":""Portugal"",""returns"":""30-day return, original packaging"",""support"":""24×7 chat support"",""weightGrams"":423,""material"":""Recycled polycarbonate"",""colour"":""Graphite"",""modelYear"":2025}",Pack,"[{""id"":""o1"",""label"":""1-pack""},{""id"":""o2"",""label"":""2-pack""}]"
2395,quarrow-network-switch-prime,Quarrow Network Switch Prime,Quarrow,Networking,SK-2395-QU,"The Quarrow Network Switch Prime. A dependable networking pick with a clean, no-nonsense design and the everyday features you actually use.","{""warranty"":""5 years limited warranty"",""inTheBox"":""Network Switch, Warranty card, Power adapter, Wall-mount kit, Setup guide"",""countryOfOrigin"":""Portugal"",""returns"":""15-day replacement, unopened"",""support"":""Phone and email, 10am–6pm IST, Mon–Sat"",""weightGrams"":1542,""material"":""Anodised aluminium"",""colour"":""Clay"",""modelYear"":2024}",Pack,"[{""id"":""o1"",""label"":""1-pack""},{""id"":""o2"",""label"":""2-pack""},{""id"":""o3"",""label"":""3-pack""}]"
2396,brightwell-range-extender-prime,Brightwell Range Extender Prime,Brightwell,Networking,SK-2396-BR,"The Brightwell Range Extender Prime. A dependable networking pick with a clean, no-nonsense design and the everyday features you actually use.","{""warranty"":""5 years limited warranty"",""inTheBox"":""Range Extender, Power adapter, Setup guide, Warranty card, Wall-mount kit"",""countryOfOrigin"":""Vietnam"",""returns"":""30-day return, original packaging"",""support"":""Email, chat and phone, 9am–9pm IST"",""weightGrams"":416,""material"":""Powder-coated steel"",""colour"":""Bone White"",""modelYear"":2021}",Pack,"[{""id"":""o1"",""label"":""1-pack""},{""id"":""o2"",""label"":""2-pack""},{""id"":""o3"",""label"":""3-pack""}]"
2397,tamarack-powerline-adapter-prime,Tamarack Powerline Adapter Prime,Tamarack,Networking,SK-2397-TA,"The Tamarack Powerline Adapter Prime. A dependable networking pick with a clean, no-nonsense design and the everyday features you actually use.","{""warranty"":""1 year manufacturer warranty"",""inTheBox"":""Powerline Adapter, Power adapter, Setup guide"",""countryOfOrigin"":""China"",""returns"":""10-day replacement, original packaging"",""support"":""Email only, 48-hour response"",""weightGrams"":1591,""material"":""Recycled polycarbonate"",""colour"":""Olive"",""modelYear"":2022}",Pack,"[{""id"":""o1"",""label"":""1-pack""},{""id"":""o2"",""label"":""2-pack""},{""id"":""o3"",""label"":""3-pack""},{""id"":""o4"",""label"":""4-pack""}]"
2398,veloria-travel-router-prime,Veloria Travel Router Prime,Veloria,Networking,SK-2398-VE,"The Veloria Travel Router Prime. A dependable networking pick with a clean, no-nonsense design and the everyday features you actually use.","{""warranty"":""3 years limited warranty"",""inTheBox"":""Travel Router, Setup guide, Power adapter"",""countryOfOrigin"":""Czechia"",""returns"":""15-day replacement, unopened"",""support"":""Email only, 48-hour response"",""weightGrams"":2030,""material"":""Recycled polycarbonate"",""colour"":""Oxblood"",""modelYear"":2024}",Pack,"[{""id"":""o1"",""label"":""1-pack""},{""id"":""o2"",""label"":""2-pack""},{""id"":""o3"",""label"":""3-pack""},{""id"":""o4"",""label"":""4-pack""}]"
2399,orbisk-nas-enclosure-prime,Orbisk NAS Enclosure Prime,Orbisk,Networking,SK-2399-OR,"The Orbisk NAS Enclosure Prime. A dependable networking pick with a clean, no-nonsense design and the everyday features you actually use.","{""warranty"":""2 years international warranty"",""inTheBox"":""NAS Enclosure, Power adapter, Warranty card"",""countryOfOrigin"":""Portugal"",""returns"":""10-day replacement, original packaging"",""support"":""Email, chat and phone, 9am–9pm IST"",""weightGrams"":445,""material"":""Anodised aluminium"",""colour"":""Slate Grey"",""modelYear"":2021}",Pack,"[{""id"":""o1"",""label"":""1-pack""},{""id"":""o2"",""label"":""2-pack""},{""id"":""o3"",""label"":""3-pack""},{""id"":""o4"",""label"":""4-pack""}]"
2400,junova-5g-hotspot-prime,Junova 5G Hotspot Prime,Junova,Networking,SK-2400-JU,"The Junova 5G Hotspot Prime. A dependable networking pick with a clean, no-nonsense design and the everyday features you actually use.","{""warranty"":""2 years manufacturer warranty"",""inTheBox"":""5G Hotspot, Ethernet cable, Warranty card"",""countryOfOrigin"":""Mexico"",""returns"":""10-day replacement, original packaging"",""support"":""24×7 chat support"",""weightGrams"":1904,""material"":""Powder-coated steel"",""colour"":""Midnight Navy"",""modelYear"":2022}",Pack,"[{""id"":""o1"",""label"":""1-pack""},{""id"":""o2"",""label"":""2-pack""},{""id"":""o3"",""label"":""3-pack""}]"
2401,halvard-mirrorless-camera-flex,Halvard Mirrorless Camera Flex,Halvard,Cameras,SK-2401-HA,"The Halvard Mirrorless Camera Flex. A dependable cameras pick with a clean, no-nonsense design and the everyday features you actually use.","{""warranty"":""1 year warranty, extendable to 2 on registration"",""inTheBox"":""Mirrorless Camera, Neck strap, Mounting adapter"",""countryOfOrigin"":""Malaysia"",""returns"":""30-day return, original packaging"",""support"":""24×7 chat support"",""weightGrams"":1381,""material"":""Polycarbonate with rubber grip"",""colour"":""Forest"",""modelYear"":2022}",Kit,"[{""id"":""o1"",""label"":""Body only""},{""id"":""o2"",""label"":""Standard kit""}]"
2402,redwick-action-camera-flex,Redwick Action Camera Flex,Redwick,Cameras,SK-2402-RE,"The Redwick Action Camera Flex. A dependable cameras pick with a clean, no-nonsense design and the everyday features you actually use.","{""warranty"":""18 months manufacturer warranty"",""inTheBox"":""Action Camera, USB-C cable, Quick-start guide, Rechargeable battery"",""countryOfOrigin"":""Malaysia"",""returns"":""7-day return or replacement"",""support"":""24×7 chat support"",""weightGrams"":1107,""material"":""Anodised aluminium"",""colour"":""Bone White"",""modelYear"":2021}",Kit,"[{""id"":""o1"",""label"":""Body only""},{""id"":""o2"",""label"":""Standard kit""},{""id"":""o3"",""label"":""Creator kit""},{""id"":""o4"",""label"":""Pro kit""}]"
2403,mosella-instant-camera-flex,Mosella Instant Camera Flex,Mosella,Cameras,SK-2403-MO,"The Mosella Instant Camera Flex. A dependable cameras pick with a clean, no-nonsense design and the everyday features you actually use.","{""warranty"":""2 years international warranty"",""inTheBox"":""Instant Camera, Microfibre cloth, Quick-start guide, USB-C cable"",""countryOfOrigin"":""India"",""returns"":""30-day return, original packaging"",""support"":""24×7 chat support"",""weightGrams"":289,""material"":""Glass-fibre composite"",""colour"":""Pewter"",""modelYear"":2025}",Kit,"[{""id"":""o1"",""label"":""Body only""},{""id"":""o2"",""label"":""Standard kit""},{""id"":""o3"",""label"":""Creator kit""}]"
2404,tundrel-vlog-camera-flex,Tundrel Vlog Camera Flex,Tundrel,Cameras,SK-2404-TU,"The Tundrel Vlog Camera Flex. A dependable cameras pick with a clean, no-nonsense design and the everyday features you actually use.","{""warranty"":""1 year warranty, extendable to 2 on registration"",""inTheBox"":""Vlog Camera, Microfibre cloth, Mounting adapter"",""countryOfOrigin"":""Germany"",""returns"":""10-day replacement, original packaging"",""support"":""In-app chat, 8am–8pm IST"",""weightGrams"":371,""material"":""Glass-fibre composite"",""colour"":""Ice Blue"",""modelYear"":2021}",Kit,"[{""id"":""o1"",""label"":""Body only""},{""id"":""o2"",""label"":""Standard kit""},{""id"":""o3"",""label"":""Creator kit""}]"
2405,lumeno-film-scanner-flex,Lumeno Film Scanner Flex,Lumeno,Cameras,SK-2405-LU,"The Lumeno Film Scanner Flex. A dependable cameras pick with a clean, no-nonsense design and the everyday features you actually use.","{""warranty"":""1 year warranty, extendable to 2 on registration"",""inTheBox"":""Film Scanner, Quick-start guide, Rechargeable battery"",""countryOfOrigin"":""South Korea"",""returns"":""Replacement only, on verified defect"",""support"":""Email and chat, 9am–7pm IST"",""weightGrams"":1295,""material"":""Anodised aluminium"",""colour"":""Bone White"",""modelYear"":2022}",Kit,"[{""id"":""o1"",""label"":""Body only""},{""id"":""o2"",""label"":""Standard kit""}]"
2406,saffrix-dash-cam-flex,Saffrix Dash Cam Flex,Saffrix,Cameras,SK-2406-SA,"The Saffrix Dash Cam Flex. A dependable cameras pick with a clean, no-nonsense design and the everyday features you actually use.","{""warranty"":""3 years limited warranty"",""inTheBox"":""Dash Cam, Mounting adapter, Lens cap"",""countryOfOrigin"":""Czechia"",""returns"":""7-day return or replacement"",""support"":""Email only, 48-hour response"",""weightGrams"":1174,""material"":""Polycarbonate with rubber grip"",""colour"":""Clay"",""modelYear"":2023}",Kit,"[{""id"":""o1"",""label"":""Body only""},{""id"":""o2"",""label"":""Standard kit""}]"
2407,pinecrest-trail-camera-flex,Pinecrest Trail Camera Flex,Pinecrest,Cameras,SK-2407-PI,"The Pinecrest Trail Camera Flex. A dependable cameras pick with a clean, no-nonsense design and the everyday features you actually use.","{""warranty"":""2 years international warranty"",""inTheBox"":""Trail Camera, Neck strap, Rechargeable battery, USB-C cable, Lens cap"",""countryOfOrigin"":""India"",""returns"":""7-day replacement, unopened"",""support"":""24×7 chat support"",""weightGrams"":621,""material"":""Anodised aluminium"",""colour"":""Ice Blue"",""modelYear"":2021}",Kit,"[{""id"":""o1"",""label"":""Body only""},{""id"":""o2"",""label"":""Standard kit""}]"
2408,solvane-gimbal-flex,Solvane Gimbal Flex,Solvane,Cameras,SK-2408-SO,"The Solvane Gimbal Flex. A dependable cameras pick with a clean, no-nonsense design and the everyday features you actually use.","{""warranty"":""1 year warranty, extendable to 2 on registration"",""inTheBox"":""Gimbal, Rechargeable battery, Mounting adapter, USB-C cable, Quick-start guide"",""countryOfOrigin"":""Vietnam"",""returns"":""15-day replacement, unopened"",""support"":""Email, chat and phone, 9am–9pm IST"",""weightGrams"":531,""material"":""Anodised aluminium"",""colour"":""Ice Blue"",""modelYear"":2023}",Kit,"[{""id"":""o1"",""label"":""Body only""},{""id"":""o2"",""label"":""Standard kit""},{""id"":""o3"",""label"":""Creator kit""},{""id"":""o4"",""label"":""Pro kit""}]"
2409,quarrow-tablet-flex,Quarrow Tablet Flex,Quarrow,Tablets,SK-2409-QU,"The Quarrow Tablet Flex. A dependable tablets pick with a clean, no-nonsense design and the everyday features you actually use.","{""warranty"":""18 months manufacturer warranty"",""inTheBox"":""Tablet, SIM tool, Quick-start guide"",""countryOfOrigin"":""India"",""returns"":""7-day return or replacement"",""support"":""24×7 chat support"",""weightGrams"":631,""material"":""Magnesium alloy"",""colour"":""Forest"",""modelYear"":2024}",Storage,"[{""id"":""o1"",""label"":""64 GB""},{""id"":""o2"",""label"":""128 GB""}]"
2410,brightwell-e-reader-flex,Brightwell E-Reader Flex,Brightwell,Tablets,SK-2410-BR,"The Brightwell E-Reader Flex. A dependable tablets pick with a clean, no-nonsense design and the everyday features you actually use.","{""warranty"":""18 months manufacturer warranty"",""inTheBox"":""E-Reader, USB-C cable, SIM tool, Folio sleeve, Stylus"",""countryOfOrigin"":""Czechia"",""returns"":""7-day replacement, unopened"",""support"":""In-app chat, 8am–8pm IST"",""weightGrams"":805,""material"":""Anodised aluminium"",""colour"":""Oxblood"",""modelYear"":2023}",Storage,"[{""id"":""o1"",""label"":""64 GB""},{""id"":""o2"",""label"":""128 GB""}]"
2411,tamarack-drawing-tablet-flex,Tamarack Drawing Tablet Flex,Tamarack,Tablets,SK-2411-TA,"The Tamarack Drawing Tablet Flex. A dependable tablets pick with a clean, no-nonsense design and the everyday features you actually use.","{""warranty"":""1 year manufacturer warranty"",""inTheBox"":""Drawing Tablet, Stylus, SIM tool"",""countryOfOrigin"":""Taiwan"",""returns"":""Replacement only, on verified defect"",""support"":""24×7 chat support"",""weightGrams"":495,""material"":""Anodised aluminium"",""colour"":""Pewter"",""modelYear"":2021}",Storage,"[{""id"":""o1"",""label"":""64 GB""},{""id"":""o2"",""label"":""128 GB""},{""id"":""o3"",""label"":""256 GB""}]"
2412,veloria-kids-tablet-flex,Veloria Kids Tablet Flex,Veloria,Tablets,SK-2412-VE,"The Veloria Kids Tablet Flex. A dependable tablets pick with a clean, no-nonsense design and the everyday features you actually use.","{""warranty"":""2 years manufacturer warranty"",""inTheBox"":""Kids Tablet, Stylus, SIM tool, USB-C cable"",""countryOfOrigin"":""Indonesia"",""returns"":""30-day return, original packaging"",""support"":""Email and chat, 9am–7pm IST"",""weightGrams"":604,""material"":""Magnesium alloy"",""colour"":""Matte Black"",""modelYear"":2025}",Storage,"[{""id"":""o1"",""label"":""64 GB""},{""id"":""o2"",""label"":""128 GB""},{""id"":""o3"",""label"":""256 GB""}]"
2413,orbisk-note-pad-flex,Orbisk Note Pad Flex,Orbisk,Tablets,SK-2413-OR,"The Orbisk Note Pad Flex. A dependable tablets pick with a clean, no-nonsense design and the everyday features you actually use.","{""warranty"":""1 year manufacturer warranty"",""inTheBox"":""Note Pad, Folio sleeve, 20W adapter, Quick-start guide"",""countryOfOrigin"":""India"",""returns"":""7-day replacement, unopened"",""support"":""Email and chat, 9am–7pm IST"",""weightGrams"":303,""material"":""Recycled aluminium"",""colour"":""Matte Black"",""modelYear"":2022}",Storage,"[{""id"":""o1"",""label"":""64 GB""},{""id"":""o2"",""label"":""128 GB""},{""id"":""o3"",""label"":""256 GB""},{""id"":""o4"",""label"":""512 GB""}]"
2414,junova-slate-flex,Junova Slate Flex,Junova,Tablets,SK-2414-JU,"The Junova Slate Flex. A dependable tablets pick with a clean, no-nonsense design and the everyday features you actually use.","{""warranty"":""2 years international warranty"",""inTheBox"":""Slate, USB-C cable, Folio sleeve, Stylus"",""countryOfOrigin"":""Czechia"",""returns"":""14-day return, restocking fee applies"",""support"":""Email, chat and phone, 9am–9pm IST"",""weightGrams"":295,""material"":""Polycarbonate with glass front"",""colour"":""Pewter"",""modelYear"":2021}",Storage,"[{""id"":""o1"",""label"":""64 GB""},{""id"":""o2"",""label"":""128 GB""},{""id"":""o3"",""label"":""256 GB""},{""id"":""o4"",""label"":""512 GB""}]"
2415,halvard-foldable-tablet-flex,Halvard Foldable Tablet Flex,Halvard,Tablets,SK-2415-HA,"The Halvard Foldable Tablet Flex. A dependable tablets pick with a clean, no-nonsense design and the everyday features you actually use.","{""warranty"":""1 year manufacturer warranty"",""inTheBox"":""Foldable Tablet, Stylus, Folio sleeve"",""countryOfOrigin"":""Czechia"",""returns"":""7-day return or replacement"",""support"":""Phone support, 9am–6pm IST, weekdays only"",""weightGrams"":667,""material"":""Polycarbonate with glass front"",""colour"":""Graphite"",""modelYear"":2024}",Storage,"[{""id"":""o1"",""label"":""64 GB""},{""id"":""o2"",""label"":""128 GB""},{""id"":""o3"",""label"":""256 GB""}]"
2416,redwick-rugged-tablet-flex,Redwick Rugged Tablet Flex,Redwick,Tablets,SK-2416-RE,"The Redwick Rugged Tablet Flex. A dependable tablets pick with a clean, no-nonsense design and the everyday features you actually use.","{""warranty"":""1 year warranty, extendable to 2 on registration"",""inTheBox"":""Rugged Tablet, 20W adapter, SIM tool, Quick-start guide, Folio sleeve"",""countryOfOrigin"":""Czechia"",""returns"":""14-day return, restocking fee applies"",""support"":""Phone support, 9am–6pm IST, weekdays only"",""weightGrams"":689,""material"":""Magnesium alloy"",""colour"":""Ice Blue"",""modelYear"":2022}",Storage,"[{""id"":""o1"",""label"":""64 GB""},{""id"":""o2"",""label"":""128 GB""},{""id"":""o3"",""label"":""256 GB""},{""id"":""o4"",""label"":""512 GB""}]"
2417,mosella-controller-flex,Mosella Controller Flex,Mosella,Gaming,SK-2417-MO,"The Mosella Controller Flex. A dependable gaming pick with a clean, no-nonsense design and the everyday features you actually use.","{""warranty"":""2 years international warranty"",""inTheBox"":""Controller, Wireless dongle, Carry case, Quick-start guide, USB-C cable"",""countryOfOrigin"":""Thailand"",""returns"":""14-day return, restocking fee applies"",""support"":""Email, chat and phone, 9am–9pm IST"",""weightGrams"":181,""material"":""Glass-filled nylon"",""colour"":""Ice Blue"",""modelYear"":2023}",Edition,"[{""id"":""o1"",""label"":""Standard""},{""id"":""o2"",""label"":""Special Edition""},{""id"":""o3"",""label"":""Pro Bundle""}]"
2418,tundrel-handheld-console-flex,Tundrel Handheld Console Flex,Tundrel,Gaming,SK-2418-TU,"The Tundrel Handheld Console Flex. A dependable gaming pick with a clean, no-nonsense design and the everyday features you actually use.","{""warranty"":""3 years limited warranty"",""inTheBox"":""Handheld Console, Spare thumbsticks, Sticker sheet"",""countryOfOrigin"":""Germany"",""returns"":""15-day replacement, unopened"",""support"":""Email only, 48-hour response"",""weightGrams"":5766,""material"":""ABS with soft-touch coating"",""colour"":""Olive"",""modelYear"":2022}",Edition,"[{""id"":""o1"",""label"":""Standard""},{""id"":""o2"",""label"":""Special Edition""},{""id"":""o3"",""label"":""Pro Bundle""},{""id"":""o4"",""label"":""Collector Bundle""}]"
2419,lumeno-racing-wheel-flex,Lumeno Racing Wheel Flex,Lumeno,Gaming,SK-2419-LU,"The Lumeno Racing Wheel Flex. A dependable gaming pick with a clean, no-nonsense design and the everyday features you actually use.","{""warranty"":""1 year manufacturer warranty"",""inTheBox"":""Racing Wheel, Sticker sheet, USB-C cable, Spare thumbsticks"",""countryOfOrigin"":""China"",""returns"":""14-day return, restocking fee applies"",""support"":""Phone and email, 10am–6pm IST, Mon–Sat"",""weightGrams"":3656,""material"":""Aluminium and ABS"",""colour"":""Oxblood"",""modelYear"":2024}",Edition,"[{""id"":""o1"",""label"":""Standard""},{""id"":""o2"",""label"":""Special Edition""}]"
2420,saffrix-arcade-stick-flex,Saffrix Arcade Stick Flex,Saffrix,Gaming,SK-2420-SA,"The Saffrix Arcade Stick Flex. A dependable gaming pick with a clean, no-nonsense design and the everyday features you actually use.","{""warranty"":""6 months manufacturer warranty"",""inTheBox"":""Arcade Stick, Carry case, Spare thumbsticks"",""countryOfOrigin"":""Czechia"",""returns"":""7-day replacement, unopened"",""support"":""24×7 chat support"",""weightGrams"":3799,""material"":""Recycled polycarbonate"",""colour"":""Sandstone"",""modelYear"":2025}",Edition,"[{""id"":""o1"",""label"":""Standard""},{""id"":""o2"",""label"":""Special Edition""},{""id"":""o3"",""label"":""Pro Bundle""},{""id"":""o4"",""label"":""Collector Bundle""}]"
2421,pinecrest-gaming-headset-flex,Pinecrest Gaming Headset Flex,Pinecrest,Gaming,SK-2421-PI,"The Pinecrest Gaming Headset Flex. A dependable gaming pick with a clean, no-nonsense design and the everyday features you actually use.","{""warranty"":""3 years limited warranty"",""inTheBox"":""Gaming Headset, Carry case, USB-C cable, Quick-start guide"",""countryOfOrigin"":""Germany"",""returns"":""30-day return, original packaging"",""support"":""Phone and email, 10am–6pm IST, Mon–Sat"",""weightGrams"":3483,""material"":""Recycled polycarbonate"",""colour"":""Oxblood"",""modelYear"":2021}",Edition,"[{""id"":""o1"",""label"":""Standard""},{""id"":""o2"",""label"":""Special Edition""},{""id"":""o3"",""label"":""Pro Bundle""},{""id"":""o4"",""label"":""Collector Bundle""}]"
2422,solvane-capture-card-flex,Solvane Capture Card Flex,Solvane,Gaming,SK-2422-SO,"The Solvane Capture Card Flex. A dependable gaming pick with a clean, no-nonsense design and the everyday features you actually use.","{""warranty"":""1 year manufacturer warranty"",""inTheBox"":""Capture Card, Spare thumbsticks, Carry case, Sticker sheet, Wireless dongle"",""countryOfOrigin"":""Taiwan"",""returns"":""30-day return, original packaging"",""support"":""Phone and email, 10am–6pm IST, Mon–Sat"",""weightGrams"":1017,""material"":""Glass-filled nylon"",""colour"":""Matte Black"",""modelYear"":2025}",Edition,"[{""id"":""o1"",""label"":""Standard""},{""id"":""o2"",""label"":""Special Edition""},{""id"":""o3"",""label"":""Pro Bundle""}]"
2423,quarrow-flight-stick-flex,Quarrow Flight Stick Flex,Quarrow,Gaming,SK-2423-QU,"The Quarrow Flight Stick Flex. A dependable gaming pick with a clean, no-nonsense design and the everyday features you actually use.","{""warranty"":""5 years limited warranty"",""inTheBox"":""Flight Stick, Spare thumbsticks, Wireless dongle, Quick-start guide"",""countryOfOrigin"":""Czechia"",""returns"":""10-day replacement, original packaging"",""support"":""Phone support, 9am–6pm IST, weekdays only"",""weightGrams"":1793,""material"":""Aluminium and ABS"",""colour"":""Slate Grey"",""modelYear"":2024}",Edition,"[{""id"":""o1"",""label"":""Standard""},{""id"":""o2"",""label"":""Special Edition""}]"
2424,brightwell-vr-headset-flex,Brightwell VR Headset Flex,Brightwell,Gaming,SK-2424-BR,"The Brightwell VR Headset Flex. A dependable gaming pick with a clean, no-nonsense design and the everyday features you actually use.","{""warranty"":""1 year manufacturer warranty"",""inTheBox"":""VR Headset, USB-C cable, Wireless dongle"",""countryOfOrigin"":""India"",""returns"":""15-day replacement, unopened"",""support"":""Email, chat and phone, 9am–9pm IST"",""weightGrams"":1577,""material"":""Aluminium and ABS"",""colour"":""Forest"",""modelYear"":2023}",Edition,"[{""id"":""o1"",""label"":""Standard""},{""id"":""o2"",""label"":""Special Edition""},{""id"":""o3"",""label"":""Pro Bundle""}]"
2425,tamarack-dumbbell-set-flex,Tamarack Dumbbell Set Flex,Tamarack,Fitness,SK-2425-TA,"The Tamarack Dumbbell Set Flex. A dependable fitness pick with a clean, no-nonsense design and the everyday features you actually use.","{""warranty"":""6 months manufacturer warranty"",""inTheBox"":""Dumbbell Set, Grip pads, Anchor strap, Assembly tools"",""countryOfOrigin"":""Thailand"",""returns"":""10-day replacement, original packaging"",""support"":""Phone support, 9am–6pm IST, weekdays only"",""weightGrams"":45667,""material"":""Cast iron"",""colour"":""Graphite"",""modelYear"":2022}",Level,"[{""id"":""o1"",""label"":""Starter""},{""id"":""o2"",""label"":""Regular""},{""id"":""o3"",""label"":""Advanced""},{""id"":""o4"",""label"":""Elite""}]"
2426,veloria-yoga-mat-flex,Veloria Yoga Mat Flex,Veloria,Fitness,SK-2426-VE,"The Veloria Yoga Mat Flex. A dependable fitness pick with a clean, no-nonsense design and the everyday features you actually use.","{""warranty"":""5 years limited warranty"",""inTheBox"":""Yoga Mat, Assembly tools, Care card, Anchor strap, Storage bag"",""countryOfOrigin"":""Vietnam"",""returns"":""14-day return, restocking fee applies"",""support"":""In-app chat, 8am–8pm IST"",""weightGrams"":4897,""material"":""EVA foam"",""colour"":""Pewter"",""modelYear"":2023}",Level,"[{""id"":""o1"",""label"":""Starter""},{""id"":""o2"",""label"":""Regular""},{""id"":""o3"",""label"":""Advanced""}]"
2427,orbisk-rowing-machine-flex,Orbisk Rowing Machine Flex,Orbisk,Fitness,SK-2427-OR,"The Orbisk Rowing Machine Flex. A dependable fitness pick with a clean, no-nonsense design and the everyday features you actually use.","{""warranty"":""1 year warranty, extendable to 2 on registration"",""inTheBox"":""Rowing Machine, Care card, Assembly tools"",""countryOfOrigin"":""Germany"",""returns"":""7-day replacement, unopened"",""support"":""Email, chat and phone, 9am–9pm IST"",""weightGrams"":33802,""material"":""Powder-coated steel"",""colour"":""Sandstone"",""modelYear"":2021}",Level,"[{""id"":""o1"",""label"":""Starter""},{""id"":""o2"",""label"":""Regular""},{""id"":""o3"",""label"":""Advanced""},{""id"":""o4"",""label"":""Elite""}]"
2428,junova-resistance-bands-flex,Junova Resistance Bands Flex,Junova,Fitness,SK-2428-JU,"The Junova Resistance Bands Flex. A dependable fitness pick with a clean, no-nonsense design and the everyday features you actually use.","{""warranty"":""2 years manufacturer warranty"",""inTheBox"":""Resistance Bands, Anchor strap, Care card, Exercise chart, Assembly tools"",""countryOfOrigin"":""Portugal"",""returns"":""7-day replacement, unopened"",""support"":""24×7 chat support"",""weightGrams"":28695,""material"":""Powder-coated steel"",""colour"":""Midnight Navy"",""modelYear"":2023}",Level,"[{""id"":""o1"",""label"":""Starter""},{""id"":""o2"",""label"":""Regular""}]"
2429,halvard-kettlebell-flex,Halvard Kettlebell Flex,Halvard,Fitness,SK-2429-HA,"The Halvard Kettlebell Flex. A dependable fitness pick with a clean, no-nonsense design and the everyday features you actually use.","{""warranty"":""2 years manufacturer warranty"",""inTheBox"":""Kettlebell, Storage bag, Anchor strap, Assembly tools, Care card"",""countryOfOrigin"":""Thailand"",""returns"":""30-day return, original packaging"",""support"":""Email, chat and phone, 9am–9pm IST"",""weightGrams"":15465,""material"":""TPE foam"",""colour"":""Olive"",""modelYear"":2024}",Level,"[{""id"":""o1"",""label"":""Starter""},{""id"":""o2"",""label"":""Regular""},{""id"":""o3"",""label"":""Advanced""},{""id"":""o4"",""label"":""Elite""}]"
2430,redwick-spin-bike-flex,Redwick Spin Bike Flex,Redwick,Fitness,SK-2430-RE,"The Redwick Spin Bike Flex. A dependable fitness pick with a clean, no-nonsense design and the everyday features you actually use.","{""warranty"":""2 years international warranty"",""inTheBox"":""Spin Bike, Storage bag, Assembly tools, Care card, Exercise chart"",""countryOfOrigin"":""China"",""returns"":""30-day return, original packaging"",""support"":""24×7 chat support"",""weightGrams"":8840,""material"":""TPE foam"",""colour"":""Bone White"",""modelYear"":2025}",Level,"[{""id"":""o1"",""label"":""Starter""},{""id"":""o2"",""label"":""Regular""},{""id"":""o3"",""label"":""Advanced""},{""id"":""o4"",""label"":""Elite""}]"
2431,mosella-foam-roller-flex,Mosella Foam Roller Flex,Mosella,Fitness,SK-2431-MO,"The Mosella Foam Roller Flex. A dependable fitness pick with a clean, no-nonsense design and the everyday features you actually use.","{""warranty"":""1 year manufacturer warranty"",""inTheBox"":""Foam Roller, Grip pads, Exercise chart"",""countryOfOrigin"":""Czechia"",""returns"":""7-day return or replacement"",""support"":""Email, chat and phone, 9am–9pm IST"",""weightGrams"":1943,""material"":""Powder-coated steel"",""colour"":""Oxblood"",""modelYear"":2024}",Level,"[{""id"":""o1"",""label"":""Starter""},{""id"":""o2"",""label"":""Regular""},{""id"":""o3"",""label"":""Advanced""}]"
2432,tundrel-pull-up-bar-flex,Tundrel Pull-up Bar Flex,Tundrel,Fitness,SK-2432-TU,"The Tundrel Pull-up Bar Flex. A dependable fitness pick with a clean, no-nonsense design and the everyday features you actually use.","{""warranty"":""6 months manufacturer warranty"",""inTheBox"":""Pull-up Bar, Grip pads, Exercise chart, Assembly tools"",""countryOfOrigin"":""Thailand"",""returns"":""10-day replacement, original packaging"",""support"":""Email only, 48-hour response"",""weightGrams"":12303,""material"":""EVA foam"",""colour"":""Olive"",""modelYear"":2023}",Level,"[{""id"":""o1"",""label"":""Starter""},{""id"":""o2"",""label"":""Regular""},{""id"":""o3"",""label"":""Advanced""},{""id"":""o4"",""label"":""Elite""}]"
2433,lumeno-tent-flex,Lumeno Tent Flex,Lumeno,Outdoor,SK-2433-LU,"The Lumeno Tent Flex. A dependable outdoor pick with a clean, no-nonsense design and the everyday features you actually use.","{""warranty"":""2 years manufacturer warranty"",""inTheBox"":""Tent, Care card, Carabiner"",""countryOfOrigin"":""Taiwan"",""returns"":""7-day return or replacement"",""support"":""Email and chat, 9am–7pm IST"",""weightGrams"":2472,""material"":""Ripstop nylon"",""colour"":""Graphite"",""modelYear"":2023}",Capacity,"[{""id"":""o1"",""label"":""Solo""},{""id"":""o2"",""label"":""Duo""},{""id"":""o3"",""label"":""Family""},{""id"":""o4"",""label"":""Group""}]"
2434,saffrix-sleeping-bag-flex,Saffrix Sleeping Bag Flex,Saffrix,Outdoor,SK-2434-SA,"The Saffrix Sleeping Bag Flex. A dependable outdoor pick with a clean, no-nonsense design and the everyday features you actually use.","{""warranty"":""2 years international warranty"",""inTheBox"":""Sleeping Bag, Guy lines, Carabiner, Pegs, Care card"",""countryOfOrigin"":""Thailand"",""returns"":""7-day return or replacement"",""support"":""Email and chat, 9am–7pm IST"",""weightGrams"":3735,""material"":""Recycled PET weave"",""colour"":""Slate Grey"",""modelYear"":2025}",Capacity,"[{""id"":""o1"",""label"":""Solo""},{""id"":""o2"",""label"":""Duo""},{""id"":""o3"",""label"":""Family""}]"
2435,pinecrest-camp-stove-flex,Pinecrest Camp Stove Flex,Pinecrest,Outdoor,SK-2435-PI,"The Pinecrest Camp Stove Flex. A dependable outdoor pick with a clean, no-nonsense design and the everyday features you actually use.","{""warranty"":""18 months manufacturer warranty"",""inTheBox"":""Camp Stove, Stuff sack, Care card, Repair kit, Carabiner"",""countryOfOrigin"":""Portugal"",""returns"":""Replacement only, on verified defect"",""support"":""In-app chat, 8am–8pm IST"",""weightGrams"":1699,""material"":""Ripstop polyester"",""colour"":""Bone White"",""modelYear"":2021}",Capacity,"[{""id"":""o1"",""label"":""Solo""},{""id"":""o2"",""label"":""Duo""}]"
2436,solvane-trekking-poles-flex,Solvane Trekking Poles Flex,Solvane,Outdoor,SK-2436-SO,"The Solvane Trekking Poles Flex. A dependable outdoor pick with a clean, no-nonsense design and the everyday features you actually use.","{""warranty"":""18 months manufacturer warranty"",""inTheBox"":""Trekking Poles, Repair kit, Pegs, Stuff sack, Guy lines"",""countryOfOrigin"":""Taiwan"",""returns"":""15-day replacement, unopened"",""support"":""In-app chat, 8am–8pm IST"",""weightGrams"":857,""material"":""Stainless steel"",""colour"":""Pewter"",""modelYear"":2022}",Capacity,"[{""id"":""o1"",""label"":""Solo""},{""id"":""o2"",""label"":""Duo""},{""id"":""o3"",""label"":""Family""},{""id"":""o4"",""label"":""Group""}]"
2437,quarrow-headlamp-flex,Quarrow Headlamp Flex,Quarrow,Outdoor,SK-2437-QU,"The Quarrow Headlamp Flex. A dependable outdoor pick with a clean, no-nonsense design and the everyday features you actually use.","{""warranty"":""2 years international warranty"",""inTheBox"":""Headlamp, Stuff sack, Guy lines, Pegs, Care card"",""countryOfOrigin"":""Malaysia"",""returns"":""7-day replacement, unopened"",""support"":""Phone and email, 10am–6pm IST, Mon–Sat"",""weightGrams"":1789,""material"":""Aluminium alloy"",""colour"":""Clay"",""modelYear"":2022}",Capacity,"[{""id"":""o1"",""label"":""Solo""},{""id"":""o2"",""label"":""Duo""},{""id"":""o3"",""label"":""Family""}]"
2438,brightwell-cooler-box-flex,Brightwell Cooler Box Flex,Brightwell,Outdoor,SK-2438-BR,"The Brightwell Cooler Box Flex. A dependable outdoor pick with a clean, no-nonsense design and the everyday features you actually use.","{""warranty"":""1 year manufacturer warranty"",""inTheBox"":""Cooler Box, Care card, Repair kit, Stuff sack, Carabiner"",""countryOfOrigin"":""Czechia"",""returns"":""10-day replacement, original packaging"",""support"":""Phone and email, 10am–6pm IST, Mon–Sat"",""weightGrams"":2392,""material"":""Recycled PET weave"",""colour"":""Sandstone"",""modelYear"":2022}",Capacity,"[{""id"":""o1"",""label"":""Solo""},{""id"":""o2"",""label"":""Duo""}]"
2439,tamarack-hammock-flex,Tamarack Hammock Flex,Tamarack,Outdoor,SK-2439-TA,"The Tamarack Hammock Flex. A dependable outdoor pick with a clean, no-nonsense design and the everyday features you actually use.","{""warranty"":""1 year manufacturer warranty"",""inTheBox"":""Hammock, Stuff sack, Pegs, Care card"",""countryOfOrigin"":""Portugal"",""returns"":""15-day replacement, unopened"",""support"":""Email, chat and phone, 9am–9pm IST"",""weightGrams"":3198,""material"":""Ripstop nylon"",""colour"":""Clay"",""modelYear"":2023}",Capacity,"[{""id"":""o1"",""label"":""Solo""},{""id"":""o2"",""label"":""Duo""}]"
2440,veloria-camp-chair-flex,Veloria Camp Chair Flex,Veloria,Outdoor,SK-2440-VE,"The Veloria Camp Chair Flex. A dependable outdoor pick with a clean, no-nonsense design and the everyday features you actually use.","{""warranty"":""3 years limited warranty"",""inTheBox"":""Camp Chair, Care card, Stuff sack, Pegs"",""countryOfOrigin"":""Indonesia"",""returns"":""Replacement only, on verified defect"",""support"":""Phone and email, 10am–6pm IST, Mon–Sat"",""weightGrams"":1032,""material"":""Ripstop polyester"",""colour"":""Graphite"",""modelYear"":2025}",Capacity,"[{""id"":""o1"",""label"":""Solo""},{""id"":""o2"",""label"":""Duo""},{""id"":""o3"",""label"":""Family""}]"
2441,orbisk-desk-chair-flex,Orbisk Desk Chair Flex,Orbisk,Office,SK-2441-OR,"The Orbisk Desk Chair Flex. A dependable office pick with a clean, no-nonsense design and the everyday features you actually use.","{""warranty"":""1 year warranty, extendable to 2 on registration"",""inTheBox"":""Desk Chair, Cable tray, Assembly guide, Floor protectors, Assembly tools"",""countryOfOrigin"":""China"",""returns"":""Replacement only, on verified defect"",""support"":""Email and chat, 9am–7pm IST"",""weightGrams"":4145,""material"":""Solid beech"",""colour"":""Olive"",""modelYear"":2023}",Finish,"[{""id"":""o1"",""label"":""Oak""},{""id"":""o2"",""label"":""Walnut""}]"
2442,junova-standing-desk-flex,Junova Standing Desk Flex,Junova,Office,SK-2442-JU,"The Junova Standing Desk Flex. A dependable office pick with a clean, no-nonsense design and the everyday features you actually use.","{""warranty"":""1 year manufacturer warranty"",""inTheBox"":""Standing Desk, Wall anchor, Floor protectors, Assembly guide"",""countryOfOrigin"":""Germany"",""returns"":""14-day return, restocking fee applies"",""support"":""Phone support, 9am–6pm IST, weekdays only"",""weightGrams"":4090,""material"":""Solid beech"",""colour"":""Forest"",""modelYear"":2021}",Finish,"[{""id"":""o1"",""label"":""Oak""},{""id"":""o2"",""label"":""Walnut""},{""id"":""o3"",""label"":""Charcoal""},{""id"":""o4"",""label"":""White Ash""}]"
2443,halvard-monitor-arm-flex,Halvard Monitor Arm Flex,Halvard,Office,SK-2443-HA,"The Halvard Monitor Arm Flex. A dependable office pick with a clean, no-nonsense design and the everyday features you actually use.","{""warranty"":""2 years international warranty"",""inTheBox"":""Monitor Arm, Cable tray, Wall anchor, Assembly tools"",""countryOfOrigin"":""Indonesia"",""returns"":""7-day return or replacement"",""support"":""Email and chat, 9am–7pm IST"",""weightGrams"":3922,""material"":""Solid beech"",""colour"":""Sandstone"",""modelYear"":2022}",Finish,"[{""id"":""o1"",""label"":""Oak""},{""id"":""o2"",""label"":""Walnut""},{""id"":""o3"",""label"":""Charcoal""}]"
2444,redwick-desk-lamp-flex,Redwick Desk Lamp Flex,Redwick,Office,SK-2444-RE,"The Redwick Desk Lamp Flex. A dependable office pick with a clean, no-nonsense design and the everyday features you actually use.","{""warranty"":""2 years international warranty"",""inTheBox"":""Desk Lamp, Hardware pack, Assembly tools, Wall anchor"",""countryOfOrigin"":""South Korea"",""returns"":""30-day return, original packaging"",""support"":""Phone and email, 10am–6pm IST, Mon–Sat"",""weightGrams"":24065,""material"":""Powder-coated steel"",""colour"":""Bone White"",""modelYear"":2025}",Finish,"[{""id"":""o1"",""label"":""Oak""},{""id"":""o2"",""label"":""Walnut""},{""id"":""o3"",""label"":""Charcoal""}]"
2445,mosella-filing-cabinet-flex,Mosella Filing Cabinet Flex,Mosella,Office,SK-2445-MO,"The Mosella Filing Cabinet Flex. A dependable office pick with a clean, no-nonsense design and the everyday features you actually use.","{""warranty"":""6 months manufacturer warranty"",""inTheBox"":""Filing Cabinet, Hardware pack, Wall anchor, Cable tray, Floor protectors"",""countryOfOrigin"":""Malaysia"",""returns"":""Replacement only, on verified defect"",""support"":""24×7 chat support"",""weightGrams"":20575,""material"":""Powder-coated steel"",""colour"":""Oxblood"",""modelYear"":2025}",Finish,"[{""id"":""o1"",""label"":""Oak""},{""id"":""o2"",""label"":""Walnut""},{""id"":""o3"",""label"":""Charcoal""},{""id"":""o4"",""label"":""White Ash""}]"
2446,tundrel-footrest-flex,Tundrel Footrest Flex,Tundrel,Office,SK-2446-TU,"The Tundrel Footrest Flex. A dependable office pick with a clean, no-nonsense design and the everyday features you actually use.","{""warranty"":""1 year warranty, extendable to 2 on registration"",""inTheBox"":""Footrest, Assembly tools, Assembly guide"",""countryOfOrigin"":""Czechia"",""returns"":""Replacement only, on verified defect"",""support"":""Email only, 48-hour response"",""weightGrams"":10776,""material"":""Engineered oak"",""colour"":""Sandstone"",""modelYear"":2023}",Finish,"[{""id"":""o1"",""label"":""Oak""},{""id"":""o2"",""label"":""Walnut""},{""id"":""o3"",""label"":""Charcoal""}]"
2447,lumeno-bookshelf-flex,Lumeno Bookshelf Flex,Lumeno,Office,SK-2447-LU,"The Lumeno Bookshelf Flex. A dependable office pick with a clean, no-nonsense design and the everyday features you actually use.","{""warranty"":""2 years international warranty"",""inTheBox"":""Bookshelf, Cable tray, Hardware pack"",""countryOfOrigin"":""China"",""returns"":""10-day replacement, original packaging"",""support"":""Email and chat, 9am–7pm IST"",""weightGrams"":14600,""material"":""Solid beech"",""colour"":""Matte Black"",""modelYear"":2024}",Finish,"[{""id"":""o1"",""label"":""Oak""},{""id"":""o2"",""label"":""Walnut""},{""id"":""o3"",""label"":""Charcoal""}]"
2448,saffrix-desk-organiser-flex,Saffrix Desk Organiser Flex,Saffrix,Office,SK-2448-SA,"The Saffrix Desk Organiser Flex. A dependable office pick with a clean, no-nonsense design and the everyday features you actually use.","{""warranty"":""2 years manufacturer warranty"",""inTheBox"":""Desk Organiser, Floor protectors, Assembly tools, Wall anchor"",""countryOfOrigin"":""Germany"",""returns"":""30-day return, original packaging"",""support"":""Email only, 48-hour response"",""weightGrams"":19244,""material"":""Solid beech"",""colour"":""Slate Grey"",""modelYear"":2024}",Finish,"[{""id"":""o1"",""label"":""Oak""},{""id"":""o2"",""label"":""Walnut""}]"
2449,pinecrest-floor-lamp-flex,Pinecrest Floor Lamp Flex,Pinecrest,Lighting,SK-2449-PI,"The Pinecrest Floor Lamp Flex. A dependable lighting pick with a clean, no-nonsense design and the everyday features you actually use.","{""warranty"":""6 months manufacturer warranty"",""inTheBox"":""Floor Lamp, Setup guide, Remote control, Adhesive clips, Power adapter"",""countryOfOrigin"":""China"",""returns"":""7-day return or replacement"",""support"":""Phone support, 9am–6pm IST, weekdays only"",""weightGrams"":2333,""material"":""Powder-coated steel"",""colour"":""Forest"",""modelYear"":2025}",Tone,"[{""id"":""o1"",""label"":""Warm white""},{""id"":""o2"",""label"":""Neutral white""},{""id"":""o3"",""label"":""Tunable white""},{""id"":""o4"",""label"":""Full colour""}]"
2450,solvane-led-strip-flex,Solvane LED Strip Flex,Solvane,Lighting,SK-2450-SO,"The Solvane LED Strip Flex. A dependable lighting pick with a clean, no-nonsense design and the everyday features you actually use.","{""warranty"":""1 year warranty, extendable to 2 on registration"",""inTheBox"":""LED Strip, Mounting kit, Adhesive clips, Setup guide"",""countryOfOrigin"":""Thailand"",""returns"":""Replacement only, on verified defect"",""support"":""Email, chat and phone, 9am–9pm IST"",""weightGrams"":2125,""material"":""Borosilicate glass"",""colour"":""Bone White"",""modelYear"":2022}",Tone,"[{""id"":""o1"",""label"":""Warm white""},{""id"":""o2"",""label"":""Neutral white""},{""id"":""o3"",""label"":""Tunable white""},{""id"":""o4"",""label"":""Full colour""}]"
2451,quarrow-pendant-light-flex,Quarrow Pendant Light Flex,Quarrow,Lighting,SK-2451-QU,"The Quarrow Pendant Light Flex. A dependable lighting pick with a clean, no-nonsense design and the everyday features you actually use.","{""warranty"":""6 months manufacturer warranty"",""inTheBox"":""Pendant Light, Setup guide, Spare diffuser"",""countryOfOrigin"":""Vietnam"",""returns"":""30-day return, original packaging"",""support"":""Email, chat and phone, 9am–9pm IST"",""weightGrams"":4289,""material"":""Powder-coated steel"",""colour"":""Midnight Navy"",""modelYear"":2021}",Tone,"[{""id"":""o1"",""label"":""Warm white""},{""id"":""o2"",""label"":""Neutral white""},{""id"":""o3"",""label"":""Tunable white""}]"
2452,brightwell-smart-panel-flex,Brightwell Smart Panel Flex,Brightwell,Lighting,SK-2452-BR,"The Brightwell Smart Panel Flex. A dependable lighting pick with a clean, no-nonsense design and the everyday features you actually use.","{""warranty"":""1 year warranty, extendable to 2 on registration"",""inTheBox"":""Smart Panel, Adhesive clips, Remote control"",""countryOfOrigin"":""Indonesia"",""returns"":""7-day replacement, unopened"",""support"":""Phone support, 9am–6pm IST, weekdays only"",""weightGrams"":4718,""material"":""Powder-coated steel"",""colour"":""Slate Grey"",""modelYear"":2021}",Tone,"[{""id"":""o1"",""label"":""Warm white""},{""id"":""o2"",""label"":""Neutral white""},{""id"":""o3"",""label"":""Tunable white""},{""id"":""o4"",""label"":""Full colour""}]"
2453,tamarack-reading-light-flex,Tamarack Reading Light Flex,Tamarack,Lighting,SK-2453-TA,"The Tamarack Reading Light Flex. A dependable lighting pick with a clean, no-nonsense design and the everyday features you actually use.","{""warranty"":""2 years manufacturer warranty"",""inTheBox"":""Reading Light, Adhesive clips, Spare diffuser"",""countryOfOrigin"":""Indonesia"",""returns"":""14-day return, restocking fee applies"",""support"":""In-app chat, 8am–8pm IST"",""weightGrams"":2694,""material"":""Anodised aluminium"",""colour"":""Sandstone"",""modelYear"":2021}",Tone,"[{""id"":""o1"",""label"":""Warm white""},{""id"":""o2"",""label"":""Neutral white""},{""id"":""o3"",""label"":""Tunable white""},{""id"":""o4"",""label"":""Full colour""}]"
2454,veloria-lantern-flex,Veloria Lantern Flex,Veloria,Lighting,SK-2454-VE,"The Veloria Lantern Flex. A dependable lighting pick with a clean, no-nonsense design and the everyday features you actually use.","{""warranty"":""3 years limited warranty"",""inTheBox"":""Lantern, Remote control, Setup guide"",""countryOfOrigin"":""Germany"",""returns"":""7-day return or replacement"",""support"":""24×7 chat support"",""weightGrams"":3526,""material"":""Silicone diffuser"",""colour"":""Clay"",""modelYear"":2023}",Tone,"[{""id"":""o1"",""label"":""Warm white""},{""id"":""o2"",""label"":""Neutral white""},{""id"":""o3"",""label"":""Tunable white""},{""id"":""o4"",""label"":""Full colour""}]"
2455,orbisk-wall-sconce-flex,Orbisk Wall Sconce Flex,Orbisk,Lighting,SK-2455-OR,"The Orbisk Wall Sconce Flex. A dependable lighting pick with a clean, no-nonsense design and the everyday features you actually use.","{""warranty"":""1 year manufacturer warranty"",""inTheBox"":""Wall Sconce, Remote control, Setup guide"",""countryOfOrigin"":""Malaysia"",""returns"":""Replacement only, on verified defect"",""support"":""In-app chat, 8am–8pm IST"",""weightGrams"":4212,""material"":""Powder-coated steel"",""colour"":""Ice Blue"",""modelYear"":2024}",Tone,"[{""id"":""o1"",""label"":""Warm white""},{""id"":""o2"",""label"":""Neutral white""}]"
2456,junova-light-bar-flex,Junova Light Bar Flex,Junova,Lighting,SK-2456-JU,"The Junova Light Bar Flex. A dependable lighting pick with a clean, no-nonsense design and the everyday features you actually use.","{""warranty"":""2 years manufacturer warranty"",""inTheBox"":""Light Bar, Setup guide, Spare diffuser"",""countryOfOrigin"":""Taiwan"",""returns"":""7-day return or replacement"",""support"":""Email only, 48-hour response"",""weightGrams"":1728,""material"":""Silicone diffuser"",""colour"":""Forest"",""modelYear"":2025}",Tone,"[{""id"":""o1"",""label"":""Warm white""},{""id"":""o2"",""label"":""Neutral white""}]"
2457,halvard-hair-dryer-flex,Halvard Hair Dryer Flex,Halvard,Personal Care,SK-2457-HA,"The Halvard Hair Dryer Flex. A dependable personal care pick with a clean, no-nonsense design and the everyday features you actually use.","{""warranty"":""2 years international warranty"",""inTheBox"":""Hair Dryer, Guide combs, Charging stand"",""countryOfOrigin"":""Germany"",""returns"":""7-day replacement, unopened"",""support"":""Phone support, 9am–6pm IST, weekdays only"",""weightGrams"":291,""material"":""Ceramic and ABS"",""colour"":""Graphite"",""modelYear"":2022}",Set,"[{""id"":""o1"",""label"":""Single""},{""id"":""o2"",""label"":""Duo pack""},{""id"":""o3"",""label"":""Travel set""}]"
2458,redwick-beard-trimmer-flex,Redwick Beard Trimmer Flex,Redwick,Personal Care,SK-2458-RE,"The Redwick Beard Trimmer Flex. A dependable personal care pick with a clean, no-nonsense design and the everyday features you actually use.","{""warranty"":""3 years limited warranty"",""inTheBox"":""Beard Trimmer, Spare head, Care guide, Guide combs, Charging stand"",""countryOfOrigin"":""Czechia"",""returns"":""14-day return, restocking fee applies"",""support"":""Email and chat, 9am–7pm IST"",""weightGrams"":800,""material"":""Stainless steel"",""colour"":""Matte Black"",""modelYear"":2021}",Set,"[{""id"":""o1"",""label"":""Single""},{""id"":""o2"",""label"":""Duo pack""},{""id"":""o3"",""label"":""Travel set""},{""id"":""o4"",""label"":""Gift set""}]"
2459,mosella-electric-toothbrush-flex,Mosella Electric Toothbrush Flex,Mosella,Personal Care,SK-2459-MO,"The Mosella Electric Toothbrush Flex. A dependable personal care pick with a clean, no-nonsense design and the everyday features you actually use.","{""warranty"":""1 year warranty, extendable to 2 on registration"",""inTheBox"":""Electric Toothbrush, Care guide, Travel pouch"",""countryOfOrigin"":""Indonesia"",""returns"":""10-day replacement, original packaging"",""support"":""Phone support, 9am–6pm IST, weekdays only"",""weightGrams"":367,""material"":""Ceramic and ABS"",""colour"":""Slate Grey"",""modelYear"":2023}",Set,"[{""id"":""o1"",""label"":""Single""},{""id"":""o2"",""label"":""Duo pack""},{""id"":""o3"",""label"":""Travel set""}]"
2460,tundrel-hair-straightener-flex,Tundrel Hair Straightener Flex,Tundrel,Personal Care,SK-2460-TU,"The Tundrel Hair Straightener Flex. A dependable personal care pick with a clean, no-nonsense design and the everyday features you actually use.","{""warranty"":""6 months manufacturer warranty"",""inTheBox"":""Hair Straightener, Travel pouch, Care guide, Cleaning brush"",""countryOfOrigin"":""Czechia"",""returns"":""30-day return, original packaging"",""support"":""In-app chat, 8am–8pm IST"",""weightGrams"":221,""material"":""Ceramic and ABS"",""colour"":""Olive"",""modelYear"":2023}",Set,"[{""id"":""o1"",""label"":""Single""},{""id"":""o2"",""label"":""Duo pack""}]"
2461,lumeno-massager-flex,Lumeno Massager Flex,Lumeno,Personal Care,SK-2461-LU,"The Lumeno Massager Flex. A dependable personal care pick with a clean, no-nonsense design and the everyday features you actually use.","{""warranty"":""5 years limited warranty"",""inTheBox"":""Massager, Guide combs, Care guide, Charging stand"",""countryOfOrigin"":""Indonesia"",""returns"":""14-day return, restocking fee applies"",""support"":""24×7 chat support"",""weightGrams"":181,""material"":""Ceramic and ABS"",""colour"":""Slate Grey"",""modelYear"":2023}",Set,"[{""id"":""o1"",""label"":""Single""},{""id"":""o2"",""label"":""Duo pack""},{""id"":""o3"",""label"":""Travel set""},{""id"":""o4"",""label"":""Gift set""}]"
2462,saffrix-shaver-flex,Saffrix Shaver Flex,Saffrix,Personal Care,SK-2462-SA,"The Saffrix Shaver Flex. A dependable personal care pick with a clean, no-nonsense design and the everyday features you actually use.","{""warranty"":""6 months manufacturer warranty"",""inTheBox"":""Shaver, Guide combs, Travel pouch, Spare head"",""countryOfOrigin"":""Indonesia"",""returns"":""7-day return or replacement"",""support"":""Phone support, 9am–6pm IST, weekdays only"",""weightGrams"":837,""material"":""Recycled polycarbonate"",""colour"":""Bone White"",""modelYear"":2024}",Set,"[{""id"":""o1"",""label"":""Single""},{""id"":""o2"",""label"":""Duo pack""},{""id"":""o3"",""label"":""Travel set""},{""id"":""o4"",""label"":""Gift set""}]"
2463,pinecrest-grooming-kit-flex,Pinecrest Grooming Kit Flex,Pinecrest,Personal Care,SK-2463-PI,"The Pinecrest Grooming Kit Flex. A dependable personal care pick with a clean, no-nonsense design and the everyday features you actually use.","{""warranty"":""1 year manufacturer warranty"",""inTheBox"":""Grooming Kit, Cleaning brush, Charging stand, Travel pouch, Spare head"",""countryOfOrigin"":""Vietnam"",""returns"":""15-day replacement, unopened"",""support"":""Phone support, 9am–6pm IST, weekdays only"",""weightGrams"":208,""material"":""Recycled polycarbonate"",""colour"":""Ice Blue"",""modelYear"":2024}",Set,"[{""id"":""o1"",""label"":""Single""},{""id"":""o2"",""label"":""Duo pack""},{""id"":""o3"",""label"":""Travel set""}]"
2464,solvane-epilator-flex,Solvane Epilator Flex,Solvane,Personal Care,SK-2464-SO,"The Solvane Epilator Flex. A dependable personal care pick with a clean, no-nonsense design and the everyday features you actually use.","{""warranty"":""1 year manufacturer warranty"",""inTheBox"":""Epilator, Spare head, Travel pouch, Guide combs"",""countryOfOrigin"":""Indonesia"",""returns"":""7-day return or replacement"",""support"":""Phone and email, 10am–6pm IST, Mon–Sat"",""weightGrams"":437,""material"":""Recycled polycarbonate"",""colour"":""Forest"",""modelYear"":2021}",Set,"[{""id"":""o1"",""label"":""Single""},{""id"":""o2"",""label"":""Duo pack""}]"
2465,quarrow-digital-piano-flex,Quarrow Digital Piano Flex,Quarrow,Instruments,SK-2465-QU,"The Quarrow Digital Piano Flex. A dependable instruments pick with a clean, no-nonsense design and the everyday features you actually use.","{""warranty"":""18 months manufacturer warranty"",""inTheBox"":""Digital Piano, Polishing cloth, Tuner"",""countryOfOrigin"":""Czechia"",""returns"":""15-day replacement, unopened"",""support"":""Email, chat and phone, 9am–9pm IST"",""weightGrams"":14304,""material"":""ABS with steel frame"",""colour"":""Graphite"",""modelYear"":2023}",Bundle,"[{""id"":""o1"",""label"":""Instrument only""},{""id"":""o2"",""label"":""Starter bundle""},{""id"":""o3"",""label"":""Studio bundle""}]"
2466,brightwell-ukulele-flex,Brightwell Ukulele Flex,Brightwell,Instruments,SK-2466-BR,"The Brightwell Ukulele Flex. A dependable instruments pick with a clean, no-nonsense design and the everyday features you actually use.","{""warranty"":""6 months manufacturer warranty"",""inTheBox"":""Ukulele, Quick-start guide, Polishing cloth, Spare strings, Power adapter"",""countryOfOrigin"":""Germany"",""returns"":""10-day replacement, original packaging"",""support"":""Email and chat, 9am–7pm IST"",""weightGrams"":18364,""material"":""ABS with steel frame"",""colour"":""Clay"",""modelYear"":2025}",Bundle,"[{""id"":""o1"",""label"":""Instrument only""},{""id"":""o2"",""label"":""Starter bundle""}]"
2467,tamarack-acoustic-guitar-flex,Tamarack Acoustic Guitar Flex,Tamarack,Instruments,SK-2467-TA,"The Tamarack Acoustic Guitar Flex. A dependable instruments pick with a clean, no-nonsense design and the everyday features you actually use.","{""warranty"":""1 year manufacturer warranty"",""inTheBox"":""Acoustic Guitar, Power adapter, Quick-start guide, Gig bag"",""countryOfOrigin"":""South Korea"",""returns"":""14-day return, restocking fee applies"",""support"":""Email only, 48-hour response"",""weightGrams"":9630,""material"":""ABS with steel frame"",""colour"":""Oxblood"",""modelYear"":2023}",Bundle,"[{""id"":""o1"",""label"":""Instrument only""},{""id"":""o2"",""label"":""Starter bundle""},{""id"":""o3"",""label"":""Studio bundle""}]"
2468,veloria-electronic-drum-kit-flex,Veloria Electronic Drum Kit Flex,Veloria,Instruments,SK-2468-VE,"The Veloria Electronic Drum Kit Flex. A dependable instruments pick with a clean, no-nonsense design and the everyday features you actually use.","{""warranty"":""1 year warranty, extendable to 2 on registration"",""inTheBox"":""Electronic Drum Kit, Gig bag, Tuner, Power adapter, Quick-start guide"",""countryOfOrigin"":""Germany"",""returns"":""15-day replacement, unopened"",""support"":""Phone and email, 10am–6pm IST, Mon–Sat"",""weightGrams"":4393,""material"":""Rosewood"",""colour"":""Oxblood"",""modelYear"":2022}",Bundle,"[{""id"":""o1"",""label"":""Instrument only""},{""id"":""o2"",""label"":""Starter bundle""},{""id"":""o3"",""label"":""Studio bundle""}]"
2469,orbisk-midi-keyboard-flex,Orbisk MIDI Keyboard Flex,Orbisk,Instruments,SK-2469-OR,"The Orbisk MIDI Keyboard Flex. A dependable instruments pick with a clean, no-nonsense design and the everyday features you actually use.","{""warranty"":""5 years limited warranty"",""inTheBox"":""MIDI Keyboard, Gig bag, Tuner, Spare strings, Quick-start guide"",""countryOfOrigin"":""Taiwan"",""returns"":""Replacement only, on verified defect"",""support"":""Email only, 48-hour response"",""weightGrams"":21210,""material"":""Maple"",""colour"":""Clay"",""modelYear"":2023}",Bundle,"[{""id"":""o1"",""label"":""Instrument only""},{""id"":""o2"",""label"":""Starter bundle""},{""id"":""o3"",""label"":""Studio bundle""}]"
2470,junova-violin-flex,Junova Violin Flex,Junova,Instruments,SK-2470-JU,"The Junova Violin Flex. A dependable instruments pick with a clean, no-nonsense design and the everyday features you actually use.","{""warranty"":""2 years manufacturer warranty"",""inTheBox"":""Violin, Power adapter, Tuner, Gig bag"",""countryOfOrigin"":""Portugal"",""returns"":""7-day return or replacement"",""support"":""Email and chat, 9am–7pm IST"",""weightGrams"":8254,""material"":""Maple"",""colour"":""Ice Blue"",""modelYear"":2025}",Bundle,"[{""id"":""o1"",""label"":""Instrument only""},{""id"":""o2"",""label"":""Starter bundle""},{""id"":""o3"",""label"":""Studio bundle""},{""id"":""o4"",""label"":""Stage bundle""}]"
2471,halvard-cajon-flex,Halvard Cajon Flex,Halvard,Instruments,SK-2471-HA,"The Halvard Cajon Flex. A dependable instruments pick with a clean, no-nonsense design and the everyday features you actually use.","{""warranty"":""6 months manufacturer warranty"",""inTheBox"":""Cajon, Spare strings, Quick-start guide, Tuner, Gig bag"",""countryOfOrigin"":""Czechia"",""returns"":""10-day replacement, original packaging"",""support"":""Email and chat, 9am–7pm IST"",""weightGrams"":18109,""material"":""Birch plywood"",""colour"":""Slate Grey"",""modelYear"":2021}",Bundle,"[{""id"":""o1"",""label"":""Instrument only""},{""id"":""o2"",""label"":""Starter bundle""},{""id"":""o3"",""label"":""Studio bundle""}]"
2472,redwick-synthesizer-flex,Redwick Synthesizer Flex,Redwick,Instruments,SK-2472-RE,"The Redwick Synthesizer Flex. A dependable instruments pick with a clean, no-nonsense design and the everyday features you actually use.","{""warranty"":""1 year warranty, extendable to 2 on registration"",""inTheBox"":""Synthesizer, Gig bag, Polishing cloth, Spare strings"",""countryOfOrigin"":""Vietnam"",""returns"":""Replacement only, on verified defect"",""support"":""24×7 chat support"",""weightGrams"":2934,""material"":""Maple"",""colour"":""Pewter"",""modelYear"":2021}",Bundle,"[{""id"":""o1"",""label"":""Instrument only""},{""id"":""o2"",""label"":""Starter bundle""}]"
2473,mosella-wi-fi-router-flex,Mosella Wi-Fi Router Flex,Mosella,Networking,SK-2473-MO,"The Mosella Wi-Fi Router Flex. A dependable networking pick with a clean, no-nonsense design and the everyday features you actually use.","{""warranty"":""1 year warranty, extendable to 2 on registration"",""inTheBox"":""Wi-Fi Router, Power adapter, Setup guide"",""countryOfOrigin"":""Czechia"",""returns"":""7-day return or replacement"",""support"":""Phone and email, 10am–6pm IST, Mon–Sat"",""weightGrams"":1254,""material"":""Anodised aluminium"",""colour"":""Slate Grey"",""modelYear"":2024}",Pack,"[{""id"":""o1"",""label"":""1-pack""},{""id"":""o2"",""label"":""2-pack""}]"
2474,tundrel-mesh-system-flex,Tundrel Mesh System Flex,Tundrel,Networking,SK-2474-TU,"The Tundrel Mesh System Flex. A dependable networking pick with a clean, no-nonsense design and the everyday features you actually use.","{""warranty"":""18 months manufacturer warranty"",""inTheBox"":""Mesh System, Power adapter, Wall-mount kit"",""countryOfOrigin"":""Germany"",""returns"":""15-day replacement, unopened"",""support"":""In-app chat, 8am–8pm IST"",""weightGrams"":690,""material"":""Flame-retardant polycarbonate"",""colour"":""Slate Grey"",""modelYear"":2023}",Pack,"[{""id"":""o1"",""label"":""1-pack""},{""id"":""o2"",""label"":""2-pack""},{""id"":""o3"",""label"":""3-pack""}]"
2475,lumeno-network-switch-flex,Lumeno Network Switch Flex,Lumeno,Networking,SK-2475-LU,"The Lumeno Network Switch Flex. A dependable networking pick with a clean, no-nonsense design and the everyday features you actually use.","{""warranty"":""18 months manufacturer warranty"",""inTheBox"":""Network Switch, Power adapter, Setup guide"",""countryOfOrigin"":""Taiwan"",""returns"":""14-day return, restocking fee applies"",""support"":""Email only, 48-hour response"",""weightGrams"":2057,""material"":""Powder-coated steel"",""colour"":""Midnight Navy"",""modelYear"":2025}",Pack,"[{""id"":""o1"",""label"":""1-pack""},{""id"":""o2"",""label"":""2-pack""},{""id"":""o3"",""label"":""3-pack""},{""id"":""o4"",""label"":""4-pack""}]"
2476,saffrix-range-extender-flex,Saffrix Range Extender Flex,Saffrix,Networking,SK-2476-SA,"The Saffrix Range Extender Flex. A dependable networking pick with a clean, no-nonsense design and the everyday features you actually use.","{""warranty"":""6 months manufacturer warranty"",""inTheBox"":""Range Extender, Setup guide, Wall-mount kit"",""countryOfOrigin"":""Czechia"",""returns"":""Replacement only, on verified defect"",""support"":""Phone support, 9am–6pm IST, weekdays only"",""weightGrams"":390,""material"":""Flame-retardant polycarbonate"",""colour"":""Pewter"",""modelYear"":2024}",Pack,"[{""id"":""o1"",""label"":""1-pack""},{""id"":""o2"",""label"":""2-pack""},{""id"":""o3"",""label"":""3-pack""},{""id"":""o4"",""label"":""4-pack""}]"
2477,pinecrest-powerline-adapter-flex,Pinecrest Powerline Adapter Flex,Pinecrest,Networking,SK-2477-PI,"The Pinecrest Powerline Adapter Flex. A dependable networking pick with a clean, no-nonsense design and the everyday features you actually use.","{""warranty"":""2 years manufacturer warranty"",""inTheBox"":""Powerline Adapter, Wall-mount kit, Power adapter, Setup guide"",""countryOfOrigin"":""India"",""returns"":""Replacement only, on verified defect"",""support"":""In-app chat, 8am–8pm IST"",""weightGrams"":934,""material"":""Recycled polycarbonate"",""colour"":""Graphite"",""modelYear"":2023}",Pack,"[{""id"":""o1"",""label"":""1-pack""},{""id"":""o2"",""label"":""2-pack""}]"
2478,solvane-travel-router-flex,Solvane Travel Router Flex,Solvane,Networking,SK-2478-SO,"The Solvane Travel Router Flex. A dependable networking pick with a clean, no-nonsense design and the everyday features you actually use.","{""warranty"":""1 year manufacturer warranty"",""inTheBox"":""Travel Router, Power adapter, Warranty card"",""countryOfOrigin"":""India"",""returns"":""7-day replacement, unopened"",""support"":""In-app chat, 8am–8pm IST"",""weightGrams"":639,""material"":""Recycled polycarbonate"",""colour"":""Bone White"",""modelYear"":2025}",Pack,"[{""id"":""o1"",""label"":""1-pack""},{""id"":""o2"",""label"":""2-pack""},{""id"":""o3"",""label"":""3-pack""}]"
2479,quarrow-nas-enclosure-flex,Quarrow NAS Enclosure Flex,Quarrow,Networking,SK-2479-QU,"The Quarrow NAS Enclosure Flex. A dependable networking pick with a clean, no-nonsense design and the everyday features you actually use.","{""warranty"":""1 year manufacturer warranty"",""inTheBox"":""NAS Enclosure, Wall-mount kit, Setup guide, Power adapter"",""countryOfOrigin"":""South Korea"",""returns"":""Replacement only, on verified defect"",""support"":""Email, chat and phone, 9am–9pm IST"",""weightGrams"":1271,""material"":""Flame-retardant polycarbonate"",""colour"":""Clay"",""modelYear"":2025}",Pack,"[{""id"":""o1"",""label"":""1-pack""},{""id"":""o2"",""label"":""2-pack""},{""id"":""o3"",""label"":""3-pack""}]"
2480,brightwell-5g-hotspot-flex,Brightwell 5G Hotspot Flex,Brightwell,Networking,SK-2480-BR,"The Brightwell 5G Hotspot Flex. A dependable networking pick with a clean, no-nonsense design and the everyday features you actually use.","{""warranty"":""2 years manufacturer warranty"",""inTheBox"":""5G Hotspot, Ethernet cable, Wall-mount kit, Setup guide"",""countryOfOrigin"":""China"",""returns"":""30-day return, original packaging"",""support"":""Phone and email, 10am–6pm IST, Mon–Sat"",""weightGrams"":1501,""material"":""Anodised aluminium"",""colour"":""Graphite"",""modelYear"":2023}",Pack,"[{""id"":""o1"",""label"":""1-pack""},{""id"":""o2"",""label"":""2-pack""},{""id"":""o3"",""label"":""3-pack""},{""id"":""o4"",""label"":""4-pack""}]"
2481,tamarack-mirrorless-camera-ultra,Tamarack Mirrorless Camera Ultra,Tamarack,Cameras,SK-2481-TA,"The Tamarack Mirrorless Camera Ultra. A dependable cameras pick with a clean, no-nonsense design and the everyday features you actually use.","{""warranty"":""2 years manufacturer warranty"",""inTheBox"":""Mirrorless Camera, Quick-start guide, Mounting adapter, USB-C cable, Microfibre cloth"",""countryOfOrigin"":""Vietnam"",""returns"":""Replacement only, on verified defect"",""support"":""24×7 chat support"",""weightGrams"":481,""material"":""Anodised aluminium"",""colour"":""Bone White"",""modelYear"":2023}",Kit,"[{""id"":""o1"",""label"":""Body only""},{""id"":""o2"",""label"":""Standard kit""},{""id"":""o3"",""label"":""Creator kit""}]"
2482,veloria-action-camera-ultra,Veloria Action Camera Ultra,Veloria,Cameras,SK-2482-VE,"The Veloria Action Camera Ultra. A dependable cameras pick with a clean, no-nonsense design and the everyday features you actually use.","{""warranty"":""18 months manufacturer warranty"",""inTheBox"":""Action Camera, USB-C cable, Neck strap, Mounting adapter, Microfibre cloth"",""countryOfOrigin"":""South Korea"",""returns"":""14-day return, restocking fee applies"",""support"":""Phone support, 9am–6pm IST, weekdays only"",""weightGrams"":822,""material"":""Magnesium alloy"",""colour"":""Sandstone"",""modelYear"":2023}",Kit,"[{""id"":""o1"",""label"":""Body only""},{""id"":""o2"",""label"":""Standard kit""},{""id"":""o3"",""label"":""Creator kit""}]"
2483,orbisk-instant-camera-ultra,Orbisk Instant Camera Ultra,Orbisk,Cameras,SK-2483-OR,"The Orbisk Instant Camera Ultra. A dependable cameras pick with a clean, no-nonsense design and the everyday features you actually use.","{""warranty"":""3 years limited warranty"",""inTheBox"":""Instant Camera, Microfibre cloth, Neck strap, Rechargeable battery"",""countryOfOrigin"":""Germany"",""returns"":""30-day return, original packaging"",""support"":""24×7 chat support"",""weightGrams"":876,""material"":""Glass-fibre composite"",""colour"":""Midnight Navy"",""modelYear"":2025}",Kit,"[{""id"":""o1"",""label"":""Body only""},{""id"":""o2"",""label"":""Standard kit""}]"
2484,junova-vlog-camera-ultra,Junova Vlog Camera Ultra,Junova,Cameras,SK-2484-JU,"The Junova Vlog Camera Ultra. A dependable cameras pick with a clean, no-nonsense design and the everyday features you actually use.","{""warranty"":""6 months manufacturer warranty"",""inTheBox"":""Vlog Camera, Neck strap, Lens cap, Microfibre cloth, USB-C cable"",""countryOfOrigin"":""Thailand"",""returns"":""7-day replacement, unopened"",""support"":""Email and chat, 9am–7pm IST"",""weightGrams"":367,""material"":""Glass-fibre composite"",""colour"":""Ice Blue"",""modelYear"":2023}",Kit,"[{""id"":""o1"",""label"":""Body only""},{""id"":""o2"",""label"":""Standard kit""}]"
2485,halvard-film-scanner-ultra,Halvard Film Scanner Ultra,Halvard,Cameras,SK-2485-HA,"The Halvard Film Scanner Ultra. A dependable cameras pick with a clean, no-nonsense design and the everyday features you actually use.","{""warranty"":""5 years limited warranty"",""inTheBox"":""Film Scanner, Quick-start guide, Microfibre cloth, USB-C cable"",""countryOfOrigin"":""Indonesia"",""returns"":""30-day return, original packaging"",""support"":""In-app chat, 8am–8pm IST"",""weightGrams"":1193,""material"":""Magnesium alloy"",""colour"":""Ice Blue"",""modelYear"":2023}",Kit,"[{""id"":""o1"",""label"":""Body only""},{""id"":""o2"",""label"":""Standard kit""},{""id"":""o3"",""label"":""Creator kit""},{""id"":""o4"",""label"":""Pro kit""}]"
2486,redwick-dash-cam-ultra,Redwick Dash Cam Ultra,Redwick,Cameras,SK-2486-RE,"The Redwick Dash Cam Ultra. A dependable cameras pick with a clean, no-nonsense design and the everyday features you actually use.","{""warranty"":""3 years limited warranty"",""inTheBox"":""Dash Cam, Microfibre cloth, Neck strap"",""countryOfOrigin"":""Thailand"",""returns"":""10-day replacement, original packaging"",""support"":""Email, chat and phone, 9am–9pm IST"",""weightGrams"":639,""material"":""Anodised aluminium"",""colour"":""Graphite"",""modelYear"":2025}",Kit,"[{""id"":""o1"",""label"":""Body only""},{""id"":""o2"",""label"":""Standard kit""},{""id"":""o3"",""label"":""Creator kit""},{""id"":""o4"",""label"":""Pro kit""}]"
2487,mosella-trail-camera-ultra,Mosella Trail Camera Ultra,Mosella,Cameras,SK-2487-MO,"The Mosella Trail Camera Ultra. A dependable cameras pick with a clean, no-nonsense design and the everyday features you actually use.","{""warranty"":""2 years manufacturer warranty"",""inTheBox"":""Trail Camera, Rechargeable battery, Microfibre cloth, USB-C cable"",""countryOfOrigin"":""China"",""returns"":""7-day return or replacement"",""support"":""Phone and email, 10am–6pm IST, Mon–Sat"",""weightGrams"":1091,""material"":""Magnesium alloy"",""colour"":""Bone White"",""modelYear"":2023}",Kit,"[{""id"":""o1"",""label"":""Body only""},{""id"":""o2"",""label"":""Standard kit""}]"
2488,tundrel-gimbal-ultra,Tundrel Gimbal Ultra,Tundrel,Cameras,SK-2488-TU,"The Tundrel Gimbal Ultra. A dependable cameras pick with a clean, no-nonsense design and the everyday features you actually use.","{""warranty"":""2 years international warranty"",""inTheBox"":""Gimbal, USB-C cable, Mounting adapter, Rechargeable battery, Microfibre cloth"",""countryOfOrigin"":""Indonesia"",""returns"":""30-day return, original packaging"",""support"":""24×7 chat support"",""weightGrams"":593,""material"":""Polycarbonate with rubber grip"",""colour"":""Clay"",""modelYear"":2023}",Kit,"[{""id"":""o1"",""label"":""Body only""},{""id"":""o2"",""label"":""Standard kit""},{""id"":""o3"",""label"":""Creator kit""}]"
2489,lumeno-tablet-ultra,Lumeno Tablet Ultra,Lumeno,Tablets,SK-2489-LU,"The Lumeno Tablet Ultra. A dependable tablets pick with a clean, no-nonsense design and the everyday features you actually use.","{""warranty"":""1 year manufacturer warranty"",""inTheBox"":""Tablet, USB-C cable, Folio sleeve"",""countryOfOrigin"":""Portugal"",""returns"":""Replacement only, on verified defect"",""support"":""Phone support, 9am–6pm IST, weekdays only"",""weightGrams"":730,""material"":""Magnesium alloy"",""colour"":""Graphite"",""modelYear"":2023}",Storage,"[{""id"":""o1"",""label"":""64 GB""},{""id"":""o2"",""label"":""128 GB""},{""id"":""o3"",""label"":""256 GB""},{""id"":""o4"",""label"":""512 GB""}]"
2490,saffrix-e-reader-ultra,Saffrix E-Reader Ultra,Saffrix,Tablets,SK-2490-SA,"The Saffrix E-Reader Ultra. A dependable tablets pick with a clean, no-nonsense design and the everyday features you actually use.","{""warranty"":""3 years limited warranty"",""inTheBox"":""E-Reader, SIM tool, USB-C cable, Stylus, Folio sleeve"",""countryOfOrigin"":""Czechia"",""returns"":""10-day replacement, original packaging"",""support"":""24×7 chat support"",""weightGrams"":656,""material"":""Magnesium alloy"",""colour"":""Forest"",""modelYear"":2024}",Storage,"[{""id"":""o1"",""label"":""64 GB""},{""id"":""o2"",""label"":""128 GB""},{""id"":""o3"",""label"":""256 GB""},{""id"":""o4"",""label"":""512 GB""}]"
2491,pinecrest-drawing-tablet-ultra,Pinecrest Drawing Tablet Ultra,Pinecrest,Tablets,SK-2491-PI,"The Pinecrest Drawing Tablet Ultra. A dependable tablets pick with a clean, no-nonsense design and the everyday features you actually use.","{""warranty"":""18 months manufacturer warranty"",""inTheBox"":""Drawing Tablet, SIM tool, Quick-start guide"",""countryOfOrigin"":""Portugal"",""returns"":""14-day return, restocking fee applies"",""support"":""24×7 chat support"",""weightGrams"":558,""material"":""Polycarbonate with glass front"",""colour"":""Clay"",""modelYear"":2024}",Storage,"[{""id"":""o1"",""label"":""64 GB""},{""id"":""o2"",""label"":""128 GB""},{""id"":""o3"",""label"":""256 GB""},{""id"":""o4"",""label"":""512 GB""}]"
2492,solvane-kids-tablet-ultra,Solvane Kids Tablet Ultra,Solvane,Tablets,SK-2492-SO,"The Solvane Kids Tablet Ultra. A dependable tablets pick with a clean, no-nonsense design and the everyday features you actually use.","{""warranty"":""3 years limited warranty"",""inTheBox"":""Kids Tablet, Quick-start guide, Stylus, SIM tool"",""countryOfOrigin"":""Taiwan"",""returns"":""10-day replacement, original packaging"",""support"":""In-app chat, 8am–8pm IST"",""weightGrams"":798,""material"":""Recycled aluminium"",""colour"":""Pewter"",""modelYear"":2022}",Storage,"[{""id"":""o1"",""label"":""64 GB""},{""id"":""o2"",""label"":""128 GB""},{""id"":""o3"",""label"":""256 GB""}]"
2493,quarrow-note-pad-ultra,Quarrow Note Pad Ultra,Quarrow,Tablets,SK-2493-QU,"The Quarrow Note Pad Ultra. A dependable tablets pick with a clean, no-nonsense design and the everyday features you actually use.","{""warranty"":""1 year manufacturer warranty"",""inTheBox"":""Note Pad, Folio sleeve, 20W adapter, USB-C cable, Stylus"",""countryOfOrigin"":""Germany"",""returns"":""30-day return, original packaging"",""support"":""Email only, 48-hour response"",""weightGrams"":360,""material"":""Polycarbonate with glass front"",""colour"":""Forest"",""modelYear"":2022}",Storage,"[{""id"":""o1"",""label"":""64 GB""},{""id"":""o2"",""label"":""128 GB""},{""id"":""o3"",""label"":""256 GB""}]"
2494,brightwell-slate-ultra,Brightwell Slate Ultra,Brightwell,Tablets,SK-2494-BR,"The Brightwell Slate Ultra. A dependable tablets pick with a clean, no-nonsense design and the everyday features you actually use.","{""warranty"":""5 years limited warranty"",""inTheBox"":""Slate, Folio sleeve, SIM tool, USB-C cable"",""countryOfOrigin"":""Mexico"",""returns"":""7-day return or replacement"",""support"":""Email only, 48-hour response"",""weightGrams"":627,""material"":""Polycarbonate with glass front"",""colour"":""Olive"",""modelYear"":2023}",Storage,"[{""id"":""o1"",""label"":""64 GB""},{""id"":""o2"",""label"":""128 GB""},{""id"":""o3"",""label"":""256 GB""},{""id"":""o4"",""label"":""512 GB""}]"
2495,tamarack-foldable-tablet-ultra,Tamarack Foldable Tablet Ultra,Tamarack,Tablets,SK-2495-TA,"The Tamarack Foldable Tablet Ultra. A dependable tablets pick with a clean, no-nonsense design and the everyday features you actually use.","{""warranty"":""6 months manufacturer warranty"",""inTheBox"":""Foldable Tablet, Stylus, Folio sleeve, Quick-start guide"",""countryOfOrigin"":""India"",""returns"":""10-day replacement, original packaging"",""support"":""Email, chat and phone, 9am–9pm IST"",""weightGrams"":323,""material"":""Magnesium alloy"",""colour"":""Midnight Navy"",""modelYear"":2022}",Storage,"[{""id"":""o1"",""label"":""64 GB""},{""id"":""o2"",""label"":""128 GB""},{""id"":""o3"",""label"":""256 GB""}]"
2496,veloria-rugged-tablet-ultra,Veloria Rugged Tablet Ultra,Veloria,Tablets,SK-2496-VE,"The Veloria Rugged Tablet Ultra. A dependable tablets pick with a clean, no-nonsense design and the everyday features you actually use.","{""warranty"":""18 months manufacturer warranty"",""inTheBox"":""Rugged Tablet, Stylus, Quick-start guide, SIM tool, 20W adapter"",""countryOfOrigin"":""Czechia"",""returns"":""Replacement only, on verified defect"",""support"":""In-app chat, 8am–8pm IST"",""weightGrams"":474,""material"":""Polycarbonate with glass front"",""colour"":""Clay"",""modelYear"":2025}",Storage,"[{""id"":""o1"",""label"":""64 GB""},{""id"":""o2"",""label"":""128 GB""}]"
2497,orbisk-controller-ultra,Orbisk Controller Ultra,Orbisk,Gaming,SK-2497-OR,"The Orbisk Controller Ultra. A dependable gaming pick with a clean, no-nonsense design and the everyday features you actually use.","{""warranty"":""3 years limited warranty"",""inTheBox"":""Controller, USB-C cable, Quick-start guide, Sticker sheet"",""countryOfOrigin"":""Mexico"",""returns"":""15-day replacement, unopened"",""support"":""Email, chat and phone, 9am–9pm IST"",""weightGrams"":5199,""material"":""Recycled polycarbonate"",""colour"":""Pewter"",""modelYear"":2025}",Edition,"[{""id"":""o1"",""label"":""Standard""},{""id"":""o2"",""label"":""Special Edition""}]"
2498,junova-handheld-console-ultra,Junova Handheld Console Ultra,Junova,Gaming,SK-2498-JU,"The Junova Handheld Console Ultra. A dependable gaming pick with a clean, no-nonsense design and the everyday features you actually use.","{""warranty"":""3 years limited warranty"",""inTheBox"":""Handheld Console, Wireless dongle, Carry case, Sticker sheet, Spare thumbsticks"",""countryOfOrigin"":""Malaysia"",""returns"":""Replacement only, on verified defect"",""support"":""In-app chat, 8am–8pm IST"",""weightGrams"":5478,""material"":""Glass-filled nylon"",""colour"":""Sandstone"",""modelYear"":2025}",Edition,"[{""id"":""o1"",""label"":""Standard""},{""id"":""o2"",""label"":""Special Edition""},{""id"":""o3"",""label"":""Pro Bundle""},{""id"":""o4"",""label"":""Collector Bundle""}]"
2499,halvard-racing-wheel-ultra,Halvard Racing Wheel Ultra,Halvard,Gaming,SK-2499-HA,"The Halvard Racing Wheel Ultra. A dependable gaming pick with a clean, no-nonsense design and the everyday features you actually use.","{""warranty"":""6 months manufacturer warranty"",""inTheBox"":""Racing Wheel, Sticker sheet, Wireless dongle"",""countryOfOrigin"":""China"",""returns"":""15-day replacement, unopened"",""support"":""Phone and email, 10am–6pm IST, Mon–Sat"",""weightGrams"":1311,""material"":""Glass-filled nylon"",""colour"":""Oxblood"",""modelYear"":2024}",Edition,"[{""id"":""o1"",""label"":""Standard""},{""id"":""o2"",""label"":""Special Edition""},{""id"":""o3"",""label"":""Pro Bundle""}]"
2500,redwick-arcade-stick-ultra,Redwick Arcade Stick Ultra,Redwick,Gaming,SK-2500-RE,"The Redwick Arcade Stick Ultra. A dependable gaming pick with a clean, no-nonsense design and the everyday features you actually use.","{""warranty"":""6 months manufacturer warranty"",""inTheBox"":""Arcade Stick, Quick-start guide, Carry case, USB-C cable, Spare thumbsticks"",""countryOfOrigin"":""India"",""returns"":""7-day replacement, unopened"",""support"":""24×7 chat support"",""weightGrams"":3661,""material"":""Recycled polycarbonate"",""colour"":""Forest"",""modelYear"":2022}",Edition,"[{""id"":""o1"",""label"":""Standard""},{""id"":""o2"",""label"":""Special Edition""},{""id"":""o3"",""label"":""Pro Bundle""}]"
2501,mosella-gaming-headset-ultra,Mosella Gaming Headset Ultra,Mosella,Gaming,SK-2501-MO,"The Mosella Gaming Headset Ultra. A dependable gaming pick with a clean, no-nonsense design and the everyday features you actually use.","{""warranty"":""6 months manufacturer warranty"",""inTheBox"":""Gaming Headset, Quick-start guide, USB-C cable, Carry case"",""countryOfOrigin"":""Germany"",""returns"":""30-day return, original packaging"",""support"":""In-app chat, 8am–8pm IST"",""weightGrams"":2557,""material"":""Glass-filled nylon"",""colour"":""Slate Grey"",""modelYear"":2025}",Edition,"[{""id"":""o1"",""label"":""Standard""},{""id"":""o2"",""label"":""Special Edition""},{""id"":""o3"",""label"":""Pro Bundle""}]"
2502,tundrel-capture-card-ultra,Tundrel Capture Card Ultra,Tundrel,Gaming,SK-2502-TU,"The Tundrel Capture Card Ultra. A dependable gaming pick with a clean, no-nonsense design and the everyday features you actually use.","{""warranty"":""5 years limited warranty"",""inTheBox"":""Capture Card, Carry case, Wireless dongle"",""countryOfOrigin"":""Thailand"",""returns"":""30-day return, original packaging"",""support"":""Email, chat and phone, 9am–9pm IST"",""weightGrams"":4350,""material"":""Aluminium and ABS"",""colour"":""Graphite"",""modelYear"":2024}",Edition,"[{""id"":""o1"",""label"":""Standard""},{""id"":""o2"",""label"":""Special Edition""}]"
2503,lumeno-flight-stick-ultra,Lumeno Flight Stick Ultra,Lumeno,Gaming,SK-2503-LU,"The Lumeno Flight Stick Ultra. A dependable gaming pick with a clean, no-nonsense design and the everyday features you actually use.","{""warranty"":""6 months manufacturer warranty"",""inTheBox"":""Flight Stick, Sticker sheet, Quick-start guide, Wireless dongle, USB-C cable"",""countryOfOrigin"":""Mexico"",""returns"":""15-day replacement, unopened"",""support"":""Phone support, 9am–6pm IST, weekdays only"",""weightGrams"":2241,""material"":""ABS with soft-touch coating"",""colour"":""Clay"",""modelYear"":2025}",Edition,"[{""id"":""o1"",""label"":""Standard""},{""id"":""o2"",""label"":""Special Edition""},{""id"":""o3"",""label"":""Pro Bundle""}]"
2504,saffrix-vr-headset-ultra,Saffrix VR Headset Ultra,Saffrix,Gaming,SK-2504-SA,"The Saffrix VR Headset Ultra. A dependable gaming pick with a clean, no-nonsense design and the everyday features you actually use.","{""warranty"":""3 years limited warranty"",""inTheBox"":""VR Headset, Wireless dongle, Quick-start guide, Sticker sheet"",""countryOfOrigin"":""China"",""returns"":""30-day return, original packaging"",""support"":""Email, chat and phone, 9am–9pm IST"",""weightGrams"":5796,""material"":""Glass-filled nylon"",""colour"":""Midnight Navy"",""modelYear"":2021}",Edition,"[{""id"":""o1"",""label"":""Standard""},{""id"":""o2"",""label"":""Special Edition""},{""id"":""o3"",""label"":""Pro Bundle""},{""id"":""o4"",""label"":""Collector Bundle""}]"
2505,pinecrest-dumbbell-set-ultra,Pinecrest Dumbbell Set Ultra,Pinecrest,Fitness,SK-2505-PI,"The Pinecrest Dumbbell Set Ultra. A dependable fitness pick with a clean, no-nonsense design and the everyday features you actually use.","{""warranty"":""2 years international warranty"",""inTheBox"":""Dumbbell Set, Grip pads, Storage bag, Assembly tools, Exercise chart"",""countryOfOrigin"":""China"",""returns"":""30-day return, original packaging"",""support"":""Phone support, 9am–6pm IST, weekdays only"",""weightGrams"":32174,""material"":""Natural rubber"",""colour"":""Midnight Navy"",""modelYear"":2021}",Level,"[{""id"":""o1"",""label"":""Starter""},{""id"":""o2"",""label"":""Regular""},{""id"":""o3"",""label"":""Advanced""},{""id"":""o4"",""label"":""Elite""}]"
2506,solvane-yoga-mat-ultra,Solvane Yoga Mat Ultra,Solvane,Fitness,SK-2506-SO,"The Solvane Yoga Mat Ultra. A dependable fitness pick with a clean, no-nonsense design and the everyday features you actually use.","{""warranty"":""2 years manufacturer warranty"",""inTheBox"":""Yoga Mat, Storage bag, Assembly tools, Grip pads, Care card"",""countryOfOrigin"":""Portugal"",""returns"":""15-day replacement, unopened"",""support"":""Phone and email, 10am–6pm IST, Mon–Sat"",""weightGrams"":35642,""material"":""TPE foam"",""colour"":""Sandstone"",""modelYear"":2023}",Level,"[{""id"":""o1"",""label"":""Starter""},{""id"":""o2"",""label"":""Regular""},{""id"":""o3"",""label"":""Advanced""}]"
2507,quarrow-rowing-machine-ultra,Quarrow Rowing Machine Ultra,Quarrow,Fitness,SK-2507-QU,"The Quarrow Rowing Machine Ultra. A dependable fitness pick with a clean, no-nonsense design and the everyday features you actually use.","{""warranty"":""18 months manufacturer warranty"",""inTheBox"":""Rowing Machine, Anchor strap, Assembly tools, Grip pads"",""countryOfOrigin"":""Czechia"",""returns"":""7-day replacement, unopened"",""support"":""Email only, 48-hour response"",""weightGrams"":47032,""material"":""TPE foam"",""colour"":""Pewter"",""modelYear"":2022}",Level,"[{""id"":""o1"",""label"":""Starter""},{""id"":""o2"",""label"":""Regular""}]"
2508,brightwell-resistance-bands-ultra,Brightwell Resistance Bands Ultra,Brightwell,Fitness,SK-2508-BR,"The Brightwell Resistance Bands Ultra. A dependable fitness pick with a clean, no-nonsense design and the everyday features you actually use.","{""warranty"":""2 years manufacturer warranty"",""inTheBox"":""Resistance Bands, Grip pads, Storage bag, Exercise chart, Assembly tools"",""countryOfOrigin"":""Czechia"",""returns"":""7-day return or replacement"",""support"":""Email, chat and phone, 9am–9pm IST"",""weightGrams"":29170,""material"":""Cast iron"",""colour"":""Graphite"",""modelYear"":2024}",Level,"[{""id"":""o1"",""label"":""Starter""},{""id"":""o2"",""label"":""Regular""},{""id"":""o3"",""label"":""Advanced""}]"
2509,tamarack-kettlebell-ultra,Tamarack Kettlebell Ultra,Tamarack,Fitness,SK-2509-TA,"The Tamarack Kettlebell Ultra. A dependable fitness pick with a clean, no-nonsense design and the everyday features you actually use.","{""warranty"":""6 months manufacturer warranty"",""inTheBox"":""Kettlebell, Assembly tools, Storage bag, Grip pads, Care card"",""countryOfOrigin"":""Portugal"",""returns"":""7-day return or replacement"",""support"":""Email and chat, 9am–7pm IST"",""weightGrams"":19535,""material"":""Natural rubber"",""colour"":""Ice Blue"",""modelYear"":2021}",Level,"[{""id"":""o1"",""label"":""Starter""},{""id"":""o2"",""label"":""Regular""},{""id"":""o3"",""label"":""Advanced""}]"
2510,veloria-spin-bike-ultra,Veloria Spin Bike Ultra,Veloria,Fitness,SK-2510-VE,"The Veloria Spin Bike Ultra. A dependable fitness pick with a clean, no-nonsense design and the everyday features you actually use.","{""warranty"":""3 years limited warranty"",""inTheBox"":""Spin Bike, Storage bag, Assembly tools"",""countryOfOrigin"":""Indonesia"",""returns"":""14-day return, restocking fee applies"",""support"":""Phone and email, 10am–6pm IST, Mon–Sat"",""weightGrams"":17250,""material"":""EVA foam"",""colour"":""Midnight Navy"",""modelYear"":2024}",Level,"[{""id"":""o1"",""label"":""Starter""},{""id"":""o2"",""label"":""Regular""},{""id"":""o3"",""label"":""Advanced""}]"
2511,orbisk-foam-roller-ultra,Orbisk Foam Roller Ultra,Orbisk,Fitness,SK-2511-OR,"The Orbisk Foam Roller Ultra. A dependable fitness pick with a clean, no-nonsense design and the everyday features you actually use.","{""warranty"":""5 years limited warranty"",""inTheBox"":""Foam Roller, Exercise chart, Care card"",""countryOfOrigin"":""Germany"",""returns"":""7-day return or replacement"",""support"":""Email and chat, 9am–7pm IST"",""weightGrams"":12808,""material"":""Natural rubber"",""colour"":""Sandstone"",""modelYear"":2021}",Level,"[{""id"":""o1"",""label"":""Starter""},{""id"":""o2"",""label"":""Regular""},{""id"":""o3"",""label"":""Advanced""},{""id"":""o4"",""label"":""Elite""}]"
2512,junova-pull-up-bar-ultra,Junova Pull-up Bar Ultra,Junova,Fitness,SK-2512-JU,"The Junova Pull-up Bar Ultra. A dependable fitness pick with a clean, no-nonsense design and the everyday features you actually use.","{""warranty"":""1 year manufacturer warranty"",""inTheBox"":""Pull-up Bar, Care card, Assembly tools, Anchor strap, Storage bag"",""countryOfOrigin"":""Portugal"",""returns"":""14-day return, restocking fee applies"",""support"":""24×7 chat support"",""weightGrams"":19481,""material"":""EVA foam"",""colour"":""Bone White"",""modelYear"":2021}",Level,"[{""id"":""o1"",""label"":""Starter""},{""id"":""o2"",""label"":""Regular""},{""id"":""o3"",""label"":""Advanced""},{""id"":""o4"",""label"":""Elite""}]"
2513,halvard-tent-ultra,Halvard Tent Ultra,Halvard,Outdoor,SK-2513-HA,"The Halvard Tent Ultra. A dependable outdoor pick with a clean, no-nonsense design and the everyday features you actually use.","{""warranty"":""2 years manufacturer warranty"",""inTheBox"":""Tent, Stuff sack, Care card, Pegs"",""countryOfOrigin"":""Mexico"",""returns"":""7-day replacement, unopened"",""support"":""Email, chat and phone, 9am–9pm IST"",""weightGrams"":5006,""material"":""Ripstop polyester"",""colour"":""Midnight Navy"",""modelYear"":2025}",Capacity,"[{""id"":""o1"",""label"":""Solo""},{""id"":""o2"",""label"":""Duo""}]"
2514,redwick-sleeping-bag-ultra,Redwick Sleeping Bag Ultra,Redwick,Outdoor,SK-2514-RE,"The Redwick Sleeping Bag Ultra. A dependable outdoor pick with a clean, no-nonsense design and the everyday features you actually use.","{""warranty"":""18 months manufacturer warranty"",""inTheBox"":""Sleeping Bag, Care card, Pegs"",""countryOfOrigin"":""Indonesia"",""returns"":""10-day replacement, original packaging"",""support"":""Phone and email, 10am–6pm IST, Mon–Sat"",""weightGrams"":1173,""material"":""Stainless steel"",""colour"":""Sandstone"",""modelYear"":2022}",Capacity,"[{""id"":""o1"",""label"":""Solo""},{""id"":""o2"",""label"":""Duo""},{""id"":""o3"",""label"":""Family""},{""id"":""o4"",""label"":""Group""}]"
2515,mosella-camp-stove-ultra,Mosella Camp Stove Ultra,Mosella,Outdoor,SK-2515-MO,"The Mosella Camp Stove Ultra. A dependable outdoor pick with a clean, no-nonsense design and the everyday features you actually use.","{""warranty"":""1 year manufacturer warranty"",""inTheBox"":""Camp Stove, Repair kit, Care card"",""countryOfOrigin"":""Mexico"",""returns"":""Replacement only, on verified defect"",""support"":""Email and chat, 9am–7pm IST"",""weightGrams"":2669,""material"":""Stainless steel"",""colour"":""Matte Black"",""modelYear"":2022}",Capacity,"[{""id"":""o1"",""label"":""Solo""},{""id"":""o2"",""label"":""Duo""},{""id"":""o3"",""label"":""Family""},{""id"":""o4"",""label"":""Group""}]"
2516,tundrel-trekking-poles-ultra,Tundrel Trekking Poles Ultra,Tundrel,Outdoor,SK-2516-TU,"The Tundrel Trekking Poles Ultra. A dependable outdoor pick with a clean, no-nonsense design and the everyday features you actually use.","{""warranty"":""5 years limited warranty"",""inTheBox"":""Trekking Poles, Carabiner, Care card, Pegs"",""countryOfOrigin"":""Thailand"",""returns"":""7-day return or replacement"",""support"":""Email only, 48-hour response"",""weightGrams"":3759,""material"":""Recycled PET weave"",""colour"":""Oxblood"",""modelYear"":2022}",Capacity,"[{""id"":""o1"",""label"":""Solo""},{""id"":""o2"",""label"":""Duo""},{""id"":""o3"",""label"":""Family""}]"
2517,lumeno-headlamp-ultra,Lumeno Headlamp Ultra,Lumeno,Outdoor,SK-2517-LU,"The Lumeno Headlamp Ultra. A dependable outdoor pick with a clean, no-nonsense design and the everyday features you actually use.","{""warranty"":""1 year warranty, extendable to 2 on registration"",""inTheBox"":""Headlamp, Care card, Pegs, Guy lines"",""countryOfOrigin"":""Portugal"",""returns"":""15-day replacement, unopened"",""support"":""Email, chat and phone, 9am–9pm IST"",""weightGrams"":3767,""material"":""Aluminium alloy"",""colour"":""Bone White"",""modelYear"":2023}",Capacity,"[{""id"":""o1"",""label"":""Solo""},{""id"":""o2"",""label"":""Duo""},{""id"":""o3"",""label"":""Family""},{""id"":""o4"",""label"":""Group""}]"
2518,saffrix-cooler-box-ultra,Saffrix Cooler Box Ultra,Saffrix,Outdoor,SK-2518-SA,"The Saffrix Cooler Box Ultra. A dependable outdoor pick with a clean, no-nonsense design and the everyday features you actually use.","{""warranty"":""18 months manufacturer warranty"",""inTheBox"":""Cooler Box, Care card, Carabiner, Stuff sack, Guy lines"",""countryOfOrigin"":""Portugal"",""returns"":""30-day return, original packaging"",""support"":""24×7 chat support"",""weightGrams"":4250,""material"":""Recycled PET weave"",""colour"":""Bone White"",""modelYear"":2021}",Capacity,"[{""id"":""o1"",""label"":""Solo""},{""id"":""o2"",""label"":""Duo""},{""id"":""o3"",""label"":""Family""}]"
2519,pinecrest-hammock-ultra,Pinecrest Hammock Ultra,Pinecrest,Outdoor,SK-2519-PI,"The Pinecrest Hammock Ultra. A dependable outdoor pick with a clean, no-nonsense design and the everyday features you actually use.","{""warranty"":""1 year manufacturer warranty"",""inTheBox"":""Hammock, Repair kit, Pegs, Carabiner, Guy lines"",""countryOfOrigin"":""Portugal"",""returns"":""7-day return or replacement"",""support"":""Email, chat and phone, 9am–9pm IST"",""weightGrams"":939,""material"":""Ripstop polyester"",""colour"":""Forest"",""modelYear"":2021}",Capacity,"[{""id"":""o1"",""label"":""Solo""},{""id"":""o2"",""label"":""Duo""},{""id"":""o3"",""label"":""Family""},{""id"":""o4"",""label"":""Group""}]"
2520,solvane-camp-chair-ultra,Solvane Camp Chair Ultra,Solvane,Outdoor,SK-2520-SO,"The Solvane Camp Chair Ultra. A dependable outdoor pick with a clean, no-nonsense design and the everyday features you actually use.","{""warranty"":""5 years limited warranty"",""inTheBox"":""Camp Chair, Guy lines, Carabiner, Care card, Repair kit"",""countryOfOrigin"":""Portugal"",""returns"":""30-day return, original packaging"",""support"":""Phone and email, 10am–6pm IST, Mon–Sat"",""weightGrams"":3048,""material"":""Aluminium alloy"",""colour"":""Slate Grey"",""modelYear"":2024}",Capacity,"[{""id"":""o1"",""label"":""Solo""},{""id"":""o2"",""label"":""Duo""}]"
2521,quarrow-desk-chair-ultra,Quarrow Desk Chair Ultra,Quarrow,Office,SK-2521-QU,"The Quarrow Desk Chair Ultra. A dependable office pick with a clean, no-nonsense design and the everyday features you actually use.","{""warranty"":""18 months manufacturer warranty"",""inTheBox"":""Desk Chair, Assembly guide, Hardware pack"",""countryOfOrigin"":""Indonesia"",""returns"":""30-day return, original packaging"",""support"":""Phone support, 9am–6pm IST, weekdays only"",""weightGrams"":26872,""material"":""Powder-coated steel"",""colour"":""Clay"",""modelYear"":2022}",Finish,"[{""id"":""o1"",""label"":""Oak""},{""id"":""o2"",""label"":""Walnut""},{""id"":""o3"",""label"":""Charcoal""}]"
2522,brightwell-standing-desk-ultra,Brightwell Standing Desk Ultra,Brightwell,Office,SK-2522-BR,"The Brightwell Standing Desk Ultra. A dependable office pick with a clean, no-nonsense design and the everyday features you actually use.","{""warranty"":""6 months manufacturer warranty"",""inTheBox"":""Standing Desk, Floor protectors, Cable tray, Assembly guide"",""countryOfOrigin"":""South Korea"",""returns"":""15-day replacement, unopened"",""support"":""Phone support, 9am–6pm IST, weekdays only"",""weightGrams"":5657,""material"":""Powder-coated steel"",""colour"":""Matte Black"",""modelYear"":2021}",Finish,"[{""id"":""o1"",""label"":""Oak""},{""id"":""o2"",""label"":""Walnut""},{""id"":""o3"",""label"":""Charcoal""},{""id"":""o4"",""label"":""White Ash""}]"
2523,tamarack-monitor-arm-ultra,Tamarack Monitor Arm Ultra,Tamarack,Office,SK-2523-TA,"The Tamarack Monitor Arm Ultra. A dependable office pick with a clean, no-nonsense design and the everyday features you actually use.","{""warranty"":""2 years manufacturer warranty"",""inTheBox"":""Monitor Arm, Assembly guide, Wall anchor, Cable tray, Hardware pack"",""countryOfOrigin"":""Mexico"",""returns"":""7-day replacement, unopened"",""support"":""Email only, 48-hour response"",""weightGrams"":24291,""material"":""Engineered oak"",""colour"":""Pewter"",""modelYear"":2021}",Finish,"[{""id"":""o1"",""label"":""Oak""},{""id"":""o2"",""label"":""Walnut""},{""id"":""o3"",""label"":""Charcoal""}]"
2524,veloria-desk-lamp-ultra,Veloria Desk Lamp Ultra,Veloria,Office,SK-2524-VE,"The Veloria Desk Lamp Ultra. A dependable office pick with a clean, no-nonsense design and the everyday features you actually use.","{""warranty"":""1 year manufacturer warranty"",""inTheBox"":""Desk Lamp, Wall anchor, Assembly tools, Assembly guide"",""countryOfOrigin"":""India"",""returns"":""15-day replacement, unopened"",""support"":""24×7 chat support"",""weightGrams"":19241,""material"":""Mesh and aluminium"",""colour"":""Bone White"",""modelYear"":2023}",Finish,"[{""id"":""o1"",""label"":""Oak""},{""id"":""o2"",""label"":""Walnut""},{""id"":""o3"",""label"":""Charcoal""},{""id"":""o4"",""label"":""White Ash""}]"
2525,orbisk-filing-cabinet-ultra,Orbisk Filing Cabinet Ultra,Orbisk,Office,SK-2525-OR,"The Orbisk Filing Cabinet Ultra. A dependable office pick with a clean, no-nonsense design and the everyday features you actually use.","{""warranty"":""18 months manufacturer warranty"",""inTheBox"":""Filing Cabinet, Wall anchor, Floor protectors, Cable tray"",""countryOfOrigin"":""Mexico"",""returns"":""15-day replacement, unopened"",""support"":""Phone support, 9am–6pm IST, weekdays only"",""weightGrams"":22460,""material"":""Engineered oak"",""colour"":""Bone White"",""modelYear"":2021}",Finish,"[{""id"":""o1"",""label"":""Oak""},{""id"":""o2"",""label"":""Walnut""}]"
2526,junova-footrest-ultra,Junova Footrest Ultra,Junova,Office,SK-2526-JU,"The Junova Footrest Ultra. A dependable office pick with a clean, no-nonsense design and the everyday features you actually use.","{""warranty"":""2 years international warranty"",""inTheBox"":""Footrest, Wall anchor, Floor protectors"",""countryOfOrigin"":""India"",""returns"":""7-day return or replacement"",""support"":""Email, chat and phone, 9am–9pm IST"",""weightGrams"":21788,""material"":""Bamboo composite"",""colour"":""Olive"",""modelYear"":2021}",Finish,"[{""id"":""o1"",""label"":""Oak""},{""id"":""o2"",""label"":""Walnut""}]"
2527,halvard-bookshelf-ultra,Halvard Bookshelf Ultra,Halvard,Office,SK-2527-HA,"The Halvard Bookshelf Ultra. A dependable office pick with a clean, no-nonsense design and the everyday features you actually use.","{""warranty"":""1 year manufacturer warranty"",""inTheBox"":""Bookshelf, Assembly guide, Floor protectors"",""countryOfOrigin"":""Indonesia"",""returns"":""10-day replacement, original packaging"",""support"":""24×7 chat support"",""weightGrams"":5626,""material"":""Engineered oak"",""colour"":""Matte Black"",""modelYear"":2022}",Finish,"[{""id"":""o1"",""label"":""Oak""},{""id"":""o2"",""label"":""Walnut""},{""id"":""o3"",""label"":""Charcoal""}]"
2528,redwick-desk-organiser-ultra,Redwick Desk Organiser Ultra,Redwick,Office,SK-2528-RE,"The Redwick Desk Organiser Ultra. A dependable office pick with a clean, no-nonsense design and the everyday features you actually use.","{""warranty"":""1 year manufacturer warranty"",""inTheBox"":""Desk Organiser, Hardware pack, Floor protectors, Cable tray, Assembly tools"",""countryOfOrigin"":""Czechia"",""returns"":""7-day return or replacement"",""support"":""Phone and email, 10am–6pm IST, Mon–Sat"",""weightGrams"":20880,""material"":""Solid beech"",""colour"":""Clay"",""modelYear"":2023}",Finish,"[{""id"":""o1"",""label"":""Oak""},{""id"":""o2"",""label"":""Walnut""},{""id"":""o3"",""label"":""Charcoal""},{""id"":""o4"",""label"":""White Ash""}]"
2529,mosella-floor-lamp-ultra,Mosella Floor Lamp Ultra,Mosella,Lighting,SK-2529-MO,"The Mosella Floor Lamp Ultra. A dependable lighting pick with a clean, no-nonsense design and the everyday features you actually use.","{""warranty"":""3 years limited warranty"",""inTheBox"":""Floor Lamp, Spare diffuser, Power adapter, Remote control, Mounting kit"",""countryOfOrigin"":""Mexico"",""returns"":""7-day return or replacement"",""support"":""Phone and email, 10am–6pm IST, Mon–Sat"",""weightGrams"":6221,""material"":""Silicone diffuser"",""colour"":""Oxblood"",""modelYear"":2021}",Tone,"[{""id"":""o1"",""label"":""Warm white""},{""id"":""o2"",""label"":""Neutral white""},{""id"":""o3"",""label"":""Tunable white""},{""id"":""o4"",""label"":""Full colour""}]"
2530,tundrel-led-strip-ultra,Tundrel LED Strip Ultra,Tundrel,Lighting,SK-2530-TU,"The Tundrel LED Strip Ultra. A dependable lighting pick with a clean, no-nonsense design and the everyday features you actually use.","{""warranty"":""2 years manufacturer warranty"",""inTheBox"":""LED Strip, Adhesive clips, Setup guide, Mounting kit, Remote control"",""countryOfOrigin"":""Thailand"",""returns"":""Replacement only, on verified defect"",""support"":""Email, chat and phone, 9am–9pm IST"",""weightGrams"":1666,""material"":""Borosilicate glass"",""colour"":""Clay"",""modelYear"":2024}",Tone,"[{""id"":""o1"",""label"":""Warm white""},{""id"":""o2"",""label"":""Neutral white""},{""id"":""o3"",""label"":""Tunable white""},{""id"":""o4"",""label"":""Full colour""}]"
2531,lumeno-pendant-light-ultra,Lumeno Pendant Light Ultra,Lumeno,Lighting,SK-2531-LU,"The Lumeno Pendant Light Ultra. A dependable lighting pick with a clean, no-nonsense design and the everyday features you actually use.","{""warranty"":""2 years manufacturer warranty"",""inTheBox"":""Pendant Light, Remote control, Spare diffuser, Adhesive clips"",""countryOfOrigin"":""Czechia"",""returns"":""7-day replacement, unopened"",""support"":""24×7 chat support"",""weightGrams"":1295,""material"":""Silicone diffuser"",""colour"":""Olive"",""modelYear"":2023}",Tone,"[{""id"":""o1"",""label"":""Warm white""},{""id"":""o2"",""label"":""Neutral white""},{""id"":""o3"",""label"":""Tunable white""}]"
2532,saffrix-smart-panel-ultra,Saffrix Smart Panel Ultra,Saffrix,Lighting,SK-2532-SA,"The Saffrix Smart Panel Ultra. A dependable lighting pick with a clean, no-nonsense design and the everyday features you actually use.","{""warranty"":""2 years international warranty"",""inTheBox"":""Smart Panel, Setup guide, Spare diffuser, Mounting kit"",""countryOfOrigin"":""China"",""returns"":""30-day return, original packaging"",""support"":""Phone and email, 10am–6pm IST, Mon–Sat"",""weightGrams"":6133,""material"":""Powder-coated steel"",""colour"":""Graphite"",""modelYear"":2025}",Tone,"[{""id"":""o1"",""label"":""Warm white""},{""id"":""o2"",""label"":""Neutral white""},{""id"":""o3"",""label"":""Tunable white""},{""id"":""o4"",""label"":""Full colour""}]"
2533,pinecrest-reading-light-ultra,Pinecrest Reading Light Ultra,Pinecrest,Lighting,SK-2533-PI,"The Pinecrest Reading Light Ultra. A dependable lighting pick with a clean, no-nonsense design and the everyday features you actually use.","{""warranty"":""3 years limited warranty"",""inTheBox"":""Reading Light, Mounting kit, Remote control"",""countryOfOrigin"":""Malaysia"",""returns"":""7-day replacement, unopened"",""support"":""In-app chat, 8am–8pm IST"",""weightGrams"":5817,""material"":""Borosilicate glass"",""colour"":""Forest"",""modelYear"":2025}",Tone,"[{""id"":""o1"",""label"":""Warm white""},{""id"":""o2"",""label"":""Neutral white""}]"
2534,solvane-lantern-ultra,Solvane Lantern Ultra,Solvane,Lighting,SK-2534-SO,"The Solvane Lantern Ultra. A dependable lighting pick with a clean, no-nonsense design and the everyday features you actually use.","{""warranty"":""3 years limited warranty"",""inTheBox"":""Lantern, Setup guide, Spare diffuser"",""countryOfOrigin"":""Malaysia"",""returns"":""7-day return or replacement"",""support"":""Email, chat and phone, 9am–9pm IST"",""weightGrams"":2854,""material"":""Silicone diffuser"",""colour"":""Forest"",""modelYear"":2024}",Tone,"[{""id"":""o1"",""label"":""Warm white""},{""id"":""o2"",""label"":""Neutral white""},{""id"":""o3"",""label"":""Tunable white""}]"
2535,quarrow-wall-sconce-ultra,Quarrow Wall Sconce Ultra,Quarrow,Lighting,SK-2535-QU,"The Quarrow Wall Sconce Ultra. A dependable lighting pick with a clean, no-nonsense design and the everyday features you actually use.","{""warranty"":""1 year manufacturer warranty"",""inTheBox"":""Wall Sconce, Setup guide, Adhesive clips, Mounting kit, Spare diffuser"",""countryOfOrigin"":""China"",""returns"":""30-day return, original packaging"",""support"":""Phone support, 9am–6pm IST, weekdays only"",""weightGrams"":3233,""material"":""Silicone diffuser"",""colour"":""Matte Black"",""modelYear"":2023}",Tone,"[{""id"":""o1"",""label"":""Warm white""},{""id"":""o2"",""label"":""Neutral white""},{""id"":""o3"",""label"":""Tunable white""},{""id"":""o4"",""label"":""Full colour""}]"
2536,brightwell-light-bar-ultra,Brightwell Light Bar Ultra,Brightwell,Lighting,SK-2536-BR,"The Brightwell Light Bar Ultra. A dependable lighting pick with a clean, no-nonsense design and the everyday features you actually use.","{""warranty"":""3 years limited warranty"",""inTheBox"":""Light Bar, Power adapter, Setup guide"",""countryOfOrigin"":""Czechia"",""returns"":""15-day replacement, unopened"",""support"":""Email and chat, 9am–7pm IST"",""weightGrams"":4297,""material"":""Anodised aluminium"",""colour"":""Matte Black"",""modelYear"":2024}",Tone,"[{""id"":""o1"",""label"":""Warm white""},{""id"":""o2"",""label"":""Neutral white""},{""id"":""o3"",""label"":""Tunable white""}]"
2537,tamarack-hair-dryer-ultra,Tamarack Hair Dryer Ultra,Tamarack,Personal Care,SK-2537-TA,"The Tamarack Hair Dryer Ultra. A dependable personal care pick with a clean, no-nonsense design and the everyday features you actually use.","{""warranty"":""2 years manufacturer warranty"",""inTheBox"":""Hair Dryer, Guide combs, Charging stand"",""countryOfOrigin"":""Taiwan"",""returns"":""15-day replacement, unopened"",""support"":""Email and chat, 9am–7pm IST"",""weightGrams"":413,""material"":""Stainless steel"",""colour"":""Oxblood"",""modelYear"":2024}",Set,"[{""id"":""o1"",""label"":""Single""},{""id"":""o2"",""label"":""Duo pack""},{""id"":""o3"",""label"":""Travel set""},{""id"":""o4"",""label"":""Gift set""}]"
2538,veloria-beard-trimmer-ultra,Veloria Beard Trimmer Ultra,Veloria,Personal Care,SK-2538-VE,"The Veloria Beard Trimmer Ultra. A dependable personal care pick with a clean, no-nonsense design and the everyday features you actually use.","{""warranty"":""1 year manufacturer warranty"",""inTheBox"":""Beard Trimmer, Guide combs, Travel pouch, Spare head"",""countryOfOrigin"":""Mexico"",""returns"":""14-day return, restocking fee applies"",""support"":""24×7 chat support"",""weightGrams"":822,""material"":""Stainless steel"",""colour"":""Graphite"",""modelYear"":2025}",Set,"[{""id"":""o1"",""label"":""Single""},{""id"":""o2"",""label"":""Duo pack""},{""id"":""o3"",""label"":""Travel set""},{""id"":""o4"",""label"":""Gift set""}]"
2539,orbisk-electric-toothbrush-ultra,Orbisk Electric Toothbrush Ultra,Orbisk,Personal Care,SK-2539-OR,"The Orbisk Electric Toothbrush Ultra. A dependable personal care pick with a clean, no-nonsense design and the everyday features you actually use.","{""warranty"":""18 months manufacturer warranty"",""inTheBox"":""Electric Toothbrush, Spare head, Travel pouch, Care guide, Guide combs"",""countryOfOrigin"":""Vietnam"",""returns"":""15-day replacement, unopened"",""support"":""Email and chat, 9am–7pm IST"",""weightGrams"":871,""material"":""Stainless steel"",""colour"":""Midnight Navy"",""modelYear"":2021}",Set,"[{""id"":""o1"",""label"":""Single""},{""id"":""o2"",""label"":""Duo pack""},{""id"":""o3"",""label"":""Travel set""}]"
2540,junova-hair-straightener-ultra,Junova Hair Straightener Ultra,Junova,Personal Care,SK-2540-JU,"The Junova Hair Straightener Ultra. A dependable personal care pick with a clean, no-nonsense design and the everyday features you actually use.","{""warranty"":""2 years international warranty"",""inTheBox"":""Hair Straightener, Care guide, Cleaning brush"",""countryOfOrigin"":""Czechia"",""returns"":""7-day replacement, unopened"",""support"":""Email, chat and phone, 9am–9pm IST"",""weightGrams"":788,""material"":""Stainless steel"",""colour"":""Oxblood"",""modelYear"":2022}",Set,"[{""id"":""o1"",""label"":""Single""},{""id"":""o2"",""label"":""Duo pack""},{""id"":""o3"",""label"":""Travel set""}]"
2541,halvard-massager-ultra,Halvard Massager Ultra,Halvard,Personal Care,SK-2541-HA,"The Halvard Massager Ultra. A dependable personal care pick with a clean, no-nonsense design and the everyday features you actually use.","{""warranty"":""5 years limited warranty"",""inTheBox"":""Massager, Spare head, Cleaning brush, Guide combs"",""countryOfOrigin"":""Malaysia"",""returns"":""14-day return, restocking fee applies"",""support"":""Email only, 48-hour response"",""weightGrams"":141,""material"":""Ceramic and ABS"",""colour"":""Slate Grey"",""modelYear"":2023}",Set,"[{""id"":""o1"",""label"":""Single""},{""id"":""o2"",""label"":""Duo pack""},{""id"":""o3"",""label"":""Travel set""}]"
2542,redwick-shaver-ultra,Redwick Shaver Ultra,Redwick,Personal Care,SK-2542-RE,"The Redwick Shaver Ultra. A dependable personal care pick with a clean, no-nonsense design and the everyday features you actually use.","{""warranty"":""2 years international warranty"",""inTheBox"":""Shaver, Care guide, Charging stand, Guide combs, Cleaning brush"",""countryOfOrigin"":""Malaysia"",""returns"":""15-day replacement, unopened"",""support"":""Phone support, 9am–6pm IST, weekdays only"",""weightGrams"":318,""material"":""ABS with soft-touch coating"",""colour"":""Ice Blue"",""modelYear"":2023}",Set,"[{""id"":""o1"",""label"":""Single""},{""id"":""o2"",""label"":""Duo pack""}]"
2543,mosella-grooming-kit-ultra,Mosella Grooming Kit Ultra,Mosella,Personal Care,SK-2543-MO,"The Mosella Grooming Kit Ultra. A dependable personal care pick with a clean, no-nonsense design and the everyday features you actually use.","{""warranty"":""2 years manufacturer warranty"",""inTheBox"":""Grooming Kit, Charging stand, Spare head, Cleaning brush, Care guide"",""countryOfOrigin"":""Malaysia"",""returns"":""7-day return or replacement"",""support"":""Email, chat and phone, 9am–9pm IST"",""weightGrams"":141,""material"":""ABS with soft-touch coating"",""colour"":""Clay"",""modelYear"":2023}",Set,"[{""id"":""o1"",""label"":""Single""},{""id"":""o2"",""label"":""Duo pack""},{""id"":""o3"",""label"":""Travel set""}]"
2544,tundrel-epilator-ultra,Tundrel Epilator Ultra,Tundrel,Personal Care,SK-2544-TU,"The Tundrel Epilator Ultra. A dependable personal care pick with a clean, no-nonsense design and the everyday features you actually use.","{""warranty"":""6 months manufacturer warranty"",""inTheBox"":""Epilator, Travel pouch, Guide combs, Care guide"",""countryOfOrigin"":""Czechia"",""returns"":""7-day replacement, unopened"",""support"":""Email and chat, 9am–7pm IST"",""weightGrams"":545,""material"":""ABS with soft-touch coating"",""colour"":""Sandstone"",""modelYear"":2022}",Set,"[{""id"":""o1"",""label"":""Single""},{""id"":""o2"",""label"":""Duo pack""}]"
2545,lumeno-digital-piano-ultra,Lumeno Digital Piano Ultra,Lumeno,Instruments,SK-2545-LU,"The Lumeno Digital Piano Ultra. A dependable instruments pick with a clean, no-nonsense design and the everyday features you actually use.","{""warranty"":""2 years international warranty"",""inTheBox"":""Digital Piano, Spare strings, Polishing cloth, Tuner, Power adapter"",""countryOfOrigin"":""Indonesia"",""returns"":""15-day replacement, unopened"",""support"":""24×7 chat support"",""weightGrams"":6324,""material"":""Birch plywood"",""colour"":""Olive"",""modelYear"":2023}",Bundle,"[{""id"":""o1"",""label"":""Instrument only""},{""id"":""o2"",""label"":""Starter bundle""},{""id"":""o3"",""label"":""Studio bundle""},{""id"":""o4"",""label"":""Stage bundle""}]"
2546,saffrix-ukulele-ultra,Saffrix Ukulele Ultra,Saffrix,Instruments,SK-2546-SA,"The Saffrix Ukulele Ultra. A dependable instruments pick with a clean, no-nonsense design and the everyday features you actually use.","{""warranty"":""1 year manufacturer warranty"",""inTheBox"":""Ukulele, Quick-start guide, Spare strings, Polishing cloth, Tuner"",""countryOfOrigin"":""South Korea"",""returns"":""7-day return or replacement"",""support"":""Phone and email, 10am–6pm IST, Mon–Sat"",""weightGrams"":6334,""material"":""ABS with steel frame"",""colour"":""Pewter"",""modelYear"":2024}",Bundle,"[{""id"":""o1"",""label"":""Instrument only""},{""id"":""o2"",""label"":""Starter bundle""},{""id"":""o3"",""label"":""Studio bundle""}]"
2547,pinecrest-acoustic-guitar-ultra,Pinecrest Acoustic Guitar Ultra,Pinecrest,Instruments,SK-2547-PI,"The Pinecrest Acoustic Guitar Ultra. A dependable instruments pick with a clean, no-nonsense design and the everyday features you actually use.","{""warranty"":""2 years international warranty"",""inTheBox"":""Acoustic Guitar, Tuner, Quick-start guide, Power adapter, Polishing cloth"",""countryOfOrigin"":""Czechia"",""returns"":""7-day return or replacement"",""support"":""Email and chat, 9am–7pm IST"",""weightGrams"":8964,""material"":""Birch plywood"",""colour"":""Sandstone"",""modelYear"":2025}",Bundle,"[{""id"":""o1"",""label"":""Instrument only""},{""id"":""o2"",""label"":""Starter bundle""},{""id"":""o3"",""label"":""Studio bundle""},{""id"":""o4"",""label"":""Stage bundle""}]"
2548,solvane-electronic-drum-kit-ultra,Solvane Electronic Drum Kit Ultra,Solvane,Instruments,SK-2548-SO,"The Solvane Electronic Drum Kit Ultra. A dependable instruments pick with a clean, no-nonsense design and the everyday features you actually use.","{""warranty"":""2 years international warranty"",""inTheBox"":""Electronic Drum Kit, Spare strings, Gig bag, Power adapter"",""countryOfOrigin"":""Vietnam"",""returns"":""15-day replacement, unopened"",""support"":""24×7 chat support"",""weightGrams"":20045,""material"":""Rosewood"",""colour"":""Clay"",""modelYear"":2022}",Bundle,"[{""id"":""o1"",""label"":""Instrument only""},{""id"":""o2"",""label"":""Starter bundle""},{""id"":""o3"",""label"":""Studio bundle""}]"
2549,quarrow-midi-keyboard-ultra,Quarrow MIDI Keyboard Ultra,Quarrow,Instruments,SK-2549-QU,"The Quarrow MIDI Keyboard Ultra. A dependable instruments pick with a clean, no-nonsense design and the everyday features you actually use.","{""warranty"":""1 year warranty, extendable to 2 on registration"",""inTheBox"":""MIDI Keyboard, Gig bag, Power adapter, Polishing cloth, Quick-start guide"",""countryOfOrigin"":""China"",""returns"":""30-day return, original packaging"",""support"":""Phone and email, 10am–6pm IST, Mon–Sat"",""weightGrams"":9118,""material"":""Spruce and mahogany"",""colour"":""Ice Blue"",""modelYear"":2022}",Bundle,"[{""id"":""o1"",""label"":""Instrument only""},{""id"":""o2"",""label"":""Starter bundle""},{""id"":""o3"",""label"":""Studio bundle""}]"
2550,brightwell-violin-ultra,Brightwell Violin Ultra,Brightwell,Instruments,SK-2550-BR,"The Brightwell Violin Ultra. A dependable instruments pick with a clean, no-nonsense design and the everyday features you actually use.","{""warranty"":""2 years manufacturer warranty"",""inTheBox"":""Violin, Tuner, Gig bag, Polishing cloth, Quick-start guide"",""countryOfOrigin"":""Vietnam"",""returns"":""10-day replacement, original packaging"",""support"":""Email, chat and phone, 9am–9pm IST"",""weightGrams"":21809,""material"":""Birch plywood"",""colour"":""Bone White"",""modelYear"":2021}",Bundle,"[{""id"":""o1"",""label"":""Instrument only""},{""id"":""o2"",""label"":""Starter bundle""}]"
2551,tamarack-cajon-ultra,Tamarack Cajon Ultra,Tamarack,Instruments,SK-2551-TA,"The Tamarack Cajon Ultra. A dependable instruments pick with a clean, no-nonsense design and the everyday features you actually use.","{""warranty"":""5 years limited warranty"",""inTheBox"":""Cajon, Power adapter, Polishing cloth, Tuner, Gig bag"",""countryOfOrigin"":""Portugal"",""returns"":""30-day return, original packaging"",""support"":""24×7 chat support"",""weightGrams"":5359,""material"":""ABS with steel frame"",""colour"":""Olive"",""modelYear"":2025}",Bundle,"[{""id"":""o1"",""label"":""Instrument only""},{""id"":""o2"",""label"":""Starter bundle""},{""id"":""o3"",""label"":""Studio bundle""},{""id"":""o4"",""label"":""Stage bundle""}]"
2552,veloria-synthesizer-ultra,Veloria Synthesizer Ultra,Veloria,Instruments,SK-2552-VE,"The Veloria Synthesizer Ultra. A dependable instruments pick with a clean, no-nonsense design and the everyday features you actually use.","{""warranty"":""3 years limited warranty"",""inTheBox"":""Synthesizer, Tuner, Gig bag"",""countryOfOrigin"":""Indonesia"",""returns"":""7-day replacement, unopened"",""support"":""Phone and email, 10am–6pm IST, Mon–Sat"",""weightGrams"":11297,""material"":""Spruce and mahogany"",""colour"":""Clay"",""modelYear"":2021}",Bundle,"[{""id"":""o1"",""label"":""Instrument only""},{""id"":""o2"",""label"":""Starter bundle""},{""id"":""o3"",""label"":""Studio bundle""},{""id"":""o4"",""label"":""Stage bundle""}]"
2553,orbisk-wi-fi-router-ultra,Orbisk Wi-Fi Router Ultra,Orbisk,Networking,SK-2553-OR,"The Orbisk Wi-Fi Router Ultra. A dependable networking pick with a clean, no-nonsense design and the everyday features you actually use.","{""warranty"":""5 years limited warranty"",""inTheBox"":""Wi-Fi Router, Setup guide, Warranty card, Wall-mount kit"",""countryOfOrigin"":""Mexico"",""returns"":""30-day return, original packaging"",""support"":""24×7 chat support"",""weightGrams"":1377,""material"":""Recycled polycarbonate"",""colour"":""Oxblood"",""modelYear"":2022}",Pack,"[{""id"":""o1"",""label"":""1-pack""},{""id"":""o2"",""label"":""2-pack""}]"
2554,junova-mesh-system-ultra,Junova Mesh System Ultra,Junova,Networking,SK-2554-JU,"The Junova Mesh System Ultra. A dependable networking pick with a clean, no-nonsense design and the everyday features you actually use.","{""warranty"":""1 year warranty, extendable to 2 on registration"",""inTheBox"":""Mesh System, Ethernet cable, Power adapter"",""countryOfOrigin"":""India"",""returns"":""15-day replacement, unopened"",""support"":""24×7 chat support"",""weightGrams"":1328,""material"":""Recycled polycarbonate"",""colour"":""Slate Grey"",""modelYear"":2024}",Pack,"[{""id"":""o1"",""label"":""1-pack""},{""id"":""o2"",""label"":""2-pack""},{""id"":""o3"",""label"":""3-pack""}]"
2555,halvard-network-switch-ultra,Halvard Network Switch Ultra,Halvard,Networking,SK-2555-HA,"The Halvard Network Switch Ultra. A dependable networking pick with a clean, no-nonsense design and the everyday features you actually use.","{""warranty"":""5 years limited warranty"",""inTheBox"":""Network Switch, Ethernet cable, Power adapter, Wall-mount kit"",""countryOfOrigin"":""Czechia"",""returns"":""10-day replacement, original packaging"",""support"":""Email and chat, 9am–7pm IST"",""weightGrams"":154,""material"":""Powder-coated steel"",""colour"":""Sandstone"",""modelYear"":2025}",Pack,"[{""id"":""o1"",""label"":""1-pack""},{""id"":""o2"",""label"":""2-pack""},{""id"":""o3"",""label"":""3-pack""},{""id"":""o4"",""label"":""4-pack""}]"
2556,redwick-range-extender-ultra,Redwick Range Extender Ultra,Redwick,Networking,SK-2556-RE,"The Redwick Range Extender Ultra. A dependable networking pick with a clean, no-nonsense design and the everyday features you actually use.","{""warranty"":""5 years limited warranty"",""inTheBox"":""Range Extender, Wall-mount kit, Power adapter, Ethernet cable"",""countryOfOrigin"":""Vietnam"",""returns"":""15-day replacement, unopened"",""support"":""Email and chat, 9am–7pm IST"",""weightGrams"":2033,""material"":""Flame-retardant polycarbonate"",""colour"":""Graphite"",""modelYear"":2021}",Pack,"[{""id"":""o1"",""label"":""1-pack""},{""id"":""o2"",""label"":""2-pack""},{""id"":""o3"",""label"":""3-pack""},{""id"":""o4"",""label"":""4-pack""}]"
2557,mosella-powerline-adapter-ultra,Mosella Powerline Adapter Ultra,Mosella,Networking,SK-2557-MO,"The Mosella Powerline Adapter Ultra. A dependable networking pick with a clean, no-nonsense design and the everyday features you actually use.","{""warranty"":""5 years limited warranty"",""inTheBox"":""Powerline Adapter, Warranty card, Setup guide, Ethernet cable, Wall-mount kit"",""countryOfOrigin"":""Portugal"",""returns"":""15-day replacement, unopened"",""support"":""Phone and email, 10am–6pm IST, Mon–Sat"",""weightGrams"":396,""material"":""Anodised aluminium"",""colour"":""Ice Blue"",""modelYear"":2023}",Pack,"[{""id"":""o1"",""label"":""1-pack""},{""id"":""o2"",""label"":""2-pack""},{""id"":""o3"",""label"":""3-pack""},{""id"":""o4"",""label"":""4-pack""}]"
2558,tundrel-travel-router-ultra,Tundrel Travel Router Ultra,Tundrel,Networking,SK-2558-TU,"The Tundrel Travel Router Ultra. A dependable networking pick with a clean, no-nonsense design and the everyday features you actually use.","{""warranty"":""3 years limited warranty"",""inTheBox"":""Travel Router, Setup guide, Power adapter"",""countryOfOrigin"":""China"",""returns"":""14-day return, restocking fee applies"",""support"":""24×7 chat support"",""weightGrams"":463,""material"":""Anodised aluminium"",""colour"":""Clay"",""modelYear"":2021}",Pack,"[{""id"":""o1"",""label"":""1-pack""},{""id"":""o2"",""label"":""2-pack""}]"
2559,lumeno-nas-enclosure-ultra,Lumeno NAS Enclosure Ultra,Lumeno,Networking,SK-2559-LU,"The Lumeno NAS Enclosure Ultra. A dependable networking pick with a clean, no-nonsense design and the everyday features you actually use.","{""warranty"":""5 years limited warranty"",""inTheBox"":""NAS Enclosure, Wall-mount kit, Ethernet cable"",""countryOfOrigin"":""Mexico"",""returns"":""10-day replacement, original packaging"",""support"":""In-app chat, 8am–8pm IST"",""weightGrams"":282,""material"":""Recycled polycarbonate"",""colour"":""Pewter"",""modelYear"":2023}",Pack,"[{""id"":""o1"",""label"":""1-pack""},{""id"":""o2"",""label"":""2-pack""},{""id"":""o3"",""label"":""3-pack""}]"
2560,saffrix-5g-hotspot-ultra,Saffrix 5G Hotspot Ultra,Saffrix,Networking,SK-2560-SA,"The Saffrix 5G Hotspot Ultra. A dependable networking pick with a clean, no-nonsense design and the everyday features you actually use.","{""warranty"":""5 years limited warranty"",""inTheBox"":""5G Hotspot, Power adapter, Ethernet cable, Wall-mount kit"",""countryOfOrigin"":""Portugal"",""returns"":""14-day return, restocking fee applies"",""support"":""In-app chat, 8am–8pm IST"",""weightGrams"":1590,""material"":""Anodised aluminium"",""colour"":""Pewter"",""modelYear"":2023}",Pack,"[{""id"":""o1"",""label"":""1-pack""},{""id"":""o2"",""label"":""2-pack""},{""id"":""o3"",""label"":""3-pack""}]"
2561,pinecrest-mirrorless-camera-nano,Pinecrest Mirrorless Camera Nano,Pinecrest,Cameras,SK-2561-PI,"The Pinecrest Mirrorless Camera Nano. A dependable cameras pick with a clean, no-nonsense design and the everyday features you actually use.","{""warranty"":""6 months manufacturer warranty"",""inTheBox"":""Mirrorless Camera, Quick-start guide, USB-C cable, Mounting adapter, Rechargeable battery"",""countryOfOrigin"":""India"",""returns"":""Replacement only, on verified defect"",""support"":""Email, chat and phone, 9am–9pm IST"",""weightGrams"":1139,""material"":""Magnesium alloy"",""colour"":""Olive"",""modelYear"":2025}",Kit,"[{""id"":""o1"",""label"":""Body only""},{""id"":""o2"",""label"":""Standard kit""}]"
2562,solvane-action-camera-nano,Solvane Action Camera Nano,Solvane,Cameras,SK-2562-SO,"The Solvane Action Camera Nano. A dependable cameras pick with a clean, no-nonsense design and the everyday features you actually use.","{""warranty"":""2 years international warranty"",""inTheBox"":""Action Camera, Lens cap, Microfibre cloth"",""countryOfOrigin"":""Portugal"",""returns"":""30-day return, original packaging"",""support"":""Email only, 48-hour response"",""weightGrams"":1256,""material"":""Polycarbonate with rubber grip"",""colour"":""Midnight Navy"",""modelYear"":2023}",Kit,"[{""id"":""o1"",""label"":""Body only""},{""id"":""o2"",""label"":""Standard kit""},{""id"":""o3"",""label"":""Creator kit""},{""id"":""o4"",""label"":""Pro kit""}]"
2563,quarrow-instant-camera-nano,Quarrow Instant Camera Nano,Quarrow,Cameras,SK-2563-QU,"The Quarrow Instant Camera Nano. A dependable cameras pick with a clean, no-nonsense design and the everyday features you actually use.","{""warranty"":""3 years limited warranty"",""inTheBox"":""Instant Camera, USB-C cable, Quick-start guide"",""countryOfOrigin"":""Czechia"",""returns"":""7-day return or replacement"",""support"":""24×7 chat support"",""weightGrams"":238,""material"":""Anodised aluminium"",""colour"":""Oxblood"",""modelYear"":2022}",Kit,"[{""id"":""o1"",""label"":""Body only""},{""id"":""o2"",""label"":""Standard kit""}]"
2564,brightwell-vlog-camera-nano,Brightwell Vlog Camera Nano,Brightwell,Cameras,SK-2564-BR,"The Brightwell Vlog Camera Nano. A dependable cameras pick with a clean, no-nonsense design and the everyday features you actually use.","{""warranty"":""18 months manufacturer warranty"",""inTheBox"":""Vlog Camera, Neck strap, Rechargeable battery, Quick-start guide, Microfibre cloth"",""countryOfOrigin"":""Vietnam"",""returns"":""30-day return, original packaging"",""support"":""Phone and email, 10am–6pm IST, Mon–Sat"",""weightGrams"":564,""material"":""Anodised aluminium"",""colour"":""Olive"",""modelYear"":2023}",Kit,"[{""id"":""o1"",""label"":""Body only""},{""id"":""o2"",""label"":""Standard kit""},{""id"":""o3"",""label"":""Creator kit""},{""id"":""o4"",""label"":""Pro kit""}]"
2565,tamarack-film-scanner-nano,Tamarack Film Scanner Nano,Tamarack,Cameras,SK-2565-TA,"The Tamarack Film Scanner Nano. A dependable cameras pick with a clean, no-nonsense design and the everyday features you actually use.","{""warranty"":""18 months manufacturer warranty"",""inTheBox"":""Film Scanner, Neck strap, USB-C cable, Quick-start guide"",""countryOfOrigin"":""China"",""returns"":""15-day replacement, unopened"",""support"":""In-app chat, 8am–8pm IST"",""weightGrams"":838,""material"":""Magnesium alloy"",""colour"":""Graphite"",""modelYear"":2021}",Kit,"[{""id"":""o1"",""label"":""Body only""},{""id"":""o2"",""label"":""Standard kit""},{""id"":""o3"",""label"":""Creator kit""},{""id"":""o4"",""label"":""Pro kit""}]"
2566,veloria-dash-cam-nano,Veloria Dash Cam Nano,Veloria,Cameras,SK-2566-VE,"The Veloria Dash Cam Nano. A dependable cameras pick with a clean, no-nonsense design and the everyday features you actually use.","{""warranty"":""18 months manufacturer warranty"",""inTheBox"":""Dash Cam, USB-C cable, Rechargeable battery, Microfibre cloth"",""countryOfOrigin"":""South Korea"",""returns"":""7-day replacement, unopened"",""support"":""24×7 chat support"",""weightGrams"":1173,""material"":""Magnesium alloy"",""colour"":""Forest"",""modelYear"":2022}",Kit,"[{""id"":""o1"",""label"":""Body only""},{""id"":""o2"",""label"":""Standard kit""}]"
2567,orbisk-trail-camera-nano,Orbisk Trail Camera Nano,Orbisk,Cameras,SK-2567-OR,"The Orbisk Trail Camera Nano. A dependable cameras pick with a clean, no-nonsense design and the everyday features you actually use.","{""warranty"":""1 year warranty, extendable to 2 on registration"",""inTheBox"":""Trail Camera, Rechargeable battery, Neck strap"",""countryOfOrigin"":""Thailand"",""returns"":""15-day replacement, unopened"",""support"":""Email only, 48-hour response"",""weightGrams"":855,""material"":""Magnesium alloy"",""colour"":""Slate Grey"",""modelYear"":2025}",Kit,"[{""id"":""o1"",""label"":""Body only""},{""id"":""o2"",""label"":""Standard kit""},{""id"":""o3"",""label"":""Creator kit""},{""id"":""o4"",""label"":""Pro kit""}]"
2568,junova-gimbal-nano,Junova Gimbal Nano,Junova,Cameras,SK-2568-JU,"The Junova Gimbal Nano. A dependable cameras pick with a clean, no-nonsense design and the everyday features you actually use.","{""warranty"":""1 year manufacturer warranty"",""inTheBox"":""Gimbal, Lens cap, Quick-start guide"",""countryOfOrigin"":""Vietnam"",""returns"":""10-day replacement, original packaging"",""support"":""Email, chat and phone, 9am–9pm IST"",""weightGrams"":1053,""material"":""Glass-fibre composite"",""colour"":""Slate Grey"",""modelYear"":2024}",Kit,"[{""id"":""o1"",""label"":""Body only""},{""id"":""o2"",""label"":""Standard kit""},{""id"":""o3"",""label"":""Creator kit""}]"
2569,halvard-tablet-nano,Halvard Tablet Nano,Halvard,Tablets,SK-2569-HA,"The Halvard Tablet Nano. A dependable tablets pick with a clean, no-nonsense design and the everyday features you actually use.","{""warranty"":""1 year warranty, extendable to 2 on registration"",""inTheBox"":""Tablet, USB-C cable, SIM tool"",""countryOfOrigin"":""Czechia"",""returns"":""10-day replacement, original packaging"",""support"":""Email and chat, 9am–7pm IST"",""weightGrams"":671,""material"":""Recycled aluminium"",""colour"":""Matte Black"",""modelYear"":2023}",Storage,"[{""id"":""o1"",""label"":""64 GB""},{""id"":""o2"",""label"":""128 GB""},{""id"":""o3"",""label"":""256 GB""}]"
2570,redwick-e-reader-nano,Redwick E-Reader Nano,Redwick,Tablets,SK-2570-RE,"The Redwick E-Reader Nano. A dependable tablets pick with a clean, no-nonsense design and the everyday features you actually use.","{""warranty"":""3 years limited warranty"",""inTheBox"":""E-Reader, Quick-start guide, 20W adapter, USB-C cable"",""countryOfOrigin"":""India"",""returns"":""7-day return or replacement"",""support"":""24×7 chat support"",""weightGrams"":628,""material"":""Anodised aluminium"",""colour"":""Slate Grey"",""modelYear"":2024}",Storage,"[{""id"":""o1"",""label"":""64 GB""},{""id"":""o2"",""label"":""128 GB""},{""id"":""o3"",""label"":""256 GB""},{""id"":""o4"",""label"":""512 GB""}]"
2571,mosella-drawing-tablet-nano,Mosella Drawing Tablet Nano,Mosella,Tablets,SK-2571-MO,"The Mosella Drawing Tablet Nano. A dependable tablets pick with a clean, no-nonsense design and the everyday features you actually use.","{""warranty"":""2 years manufacturer warranty"",""inTheBox"":""Drawing Tablet, 20W adapter, Stylus"",""countryOfOrigin"":""Taiwan"",""returns"":""30-day return, original packaging"",""support"":""Email and chat, 9am–7pm IST"",""weightGrams"":689,""material"":""Polycarbonate with glass front"",""colour"":""Oxblood"",""modelYear"":2022}",Storage,"[{""id"":""o1"",""label"":""64 GB""},{""id"":""o2"",""label"":""128 GB""},{""id"":""o3"",""label"":""256 GB""}]"
2572,tundrel-kids-tablet-nano,Tundrel Kids Tablet Nano,Tundrel,Tablets,SK-2572-TU,"The Tundrel Kids Tablet Nano. A dependable tablets pick with a clean, no-nonsense design and the everyday features you actually use.","{""warranty"":""1 year warranty, extendable to 2 on registration"",""inTheBox"":""Kids Tablet, 20W adapter, Stylus"",""countryOfOrigin"":""Taiwan"",""returns"":""15-day replacement, unopened"",""support"":""In-app chat, 8am–8pm IST"",""weightGrams"":878,""material"":""Polycarbonate with glass front"",""colour"":""Graphite"",""modelYear"":2021}",Storage,"[{""id"":""o1"",""label"":""64 GB""},{""id"":""o2"",""label"":""128 GB""},{""id"":""o3"",""label"":""256 GB""},{""id"":""o4"",""label"":""512 GB""}]"
2573,lumeno-note-pad-nano,Lumeno Note Pad Nano,Lumeno,Tablets,SK-2573-LU,"The Lumeno Note Pad Nano. A dependable tablets pick with a clean, no-nonsense design and the everyday features you actually use.","{""warranty"":""6 months manufacturer warranty"",""inTheBox"":""Note Pad, USB-C cable, Quick-start guide, 20W adapter, Folio sleeve"",""countryOfOrigin"":""South Korea"",""returns"":""14-day return, restocking fee applies"",""support"":""Email, chat and phone, 9am–9pm IST"",""weightGrams"":378,""material"":""Recycled aluminium"",""colour"":""Oxblood"",""modelYear"":2021}",Storage,"[{""id"":""o1"",""label"":""64 GB""},{""id"":""o2"",""label"":""128 GB""}]"
2574,saffrix-slate-nano,Saffrix Slate Nano,Saffrix,Tablets,SK-2574-SA,"The Saffrix Slate Nano. A dependable tablets pick with a clean, no-nonsense design and the everyday features you actually use.","{""warranty"":""3 years limited warranty"",""inTheBox"":""Slate, Quick-start guide, 20W adapter"",""countryOfOrigin"":""Indonesia"",""returns"":""Replacement only, on verified defect"",""support"":""24×7 chat support"",""weightGrams"":691,""material"":""Magnesium alloy"",""colour"":""Sandstone"",""modelYear"":2021}",Storage,"[{""id"":""o1"",""label"":""64 GB""},{""id"":""o2"",""label"":""128 GB""},{""id"":""o3"",""label"":""256 GB""},{""id"":""o4"",""label"":""512 GB""}]"
2575,pinecrest-foldable-tablet-nano,Pinecrest Foldable Tablet Nano,Pinecrest,Tablets,SK-2575-PI,"The Pinecrest Foldable Tablet Nano. A dependable tablets pick with a clean, no-nonsense design and the everyday features you actually use.","{""warranty"":""1 year manufacturer warranty"",""inTheBox"":""Foldable Tablet, Quick-start guide, Folio sleeve, USB-C cable"",""countryOfOrigin"":""Portugal"",""returns"":""15-day replacement, unopened"",""support"":""Email only, 48-hour response"",""weightGrams"":623,""material"":""Polycarbonate with glass front"",""colour"":""Sandstone"",""modelYear"":2023}",Storage,"[{""id"":""o1"",""label"":""64 GB""},{""id"":""o2"",""label"":""128 GB""},{""id"":""o3"",""label"":""256 GB""}]"
2576,solvane-rugged-tablet-nano,Solvane Rugged Tablet Nano,Solvane,Tablets,SK-2576-SO,"The Solvane Rugged Tablet Nano. A dependable tablets pick with a clean, no-nonsense design and the everyday features you actually use.","{""warranty"":""2 years international warranty"",""inTheBox"":""Rugged Tablet, Quick-start guide, SIM tool"",""countryOfOrigin"":""Germany"",""returns"":""7-day return or replacement"",""support"":""Phone and email, 10am–6pm IST, Mon–Sat"",""weightGrams"":787,""material"":""Recycled aluminium"",""colour"":""Olive"",""modelYear"":2021}",Storage,"[{""id"":""o1"",""label"":""64 GB""},{""id"":""o2"",""label"":""128 GB""}]"
2577,quarrow-controller-nano,Quarrow Controller Nano,Quarrow,Gaming,SK-2577-QU,"The Quarrow Controller Nano. A dependable gaming pick with a clean, no-nonsense design and the everyday features you actually use.","{""warranty"":""18 months manufacturer warranty"",""inTheBox"":""Controller, Spare thumbsticks, Wireless dongle"",""countryOfOrigin"":""Mexico"",""returns"":""7-day return or replacement"",""support"":""Email, chat and phone, 9am–9pm IST"",""weightGrams"":5464,""material"":""Glass-filled nylon"",""colour"":""Midnight Navy"",""modelYear"":2024}",Edition,"[{""id"":""o1"",""label"":""Standard""},{""id"":""o2"",""label"":""Special Edition""}]"
2578,brightwell-handheld-console-nano,Brightwell Handheld Console Nano,Brightwell,Gaming,SK-2578-BR,"The Brightwell Handheld Console Nano. A dependable gaming pick with a clean, no-nonsense design and the everyday features you actually use.","{""warranty"":""2 years international warranty"",""inTheBox"":""Handheld Console, Wireless dongle, Carry case"",""countryOfOrigin"":""Portugal"",""returns"":""14-day return, restocking fee applies"",""support"":""Email and chat, 9am–7pm IST"",""weightGrams"":2071,""material"":""Aluminium and ABS"",""colour"":""Forest"",""modelYear"":2024}",Edition,"[{""id"":""o1"",""label"":""Standard""},{""id"":""o2"",""label"":""Special Edition""},{""id"":""o3"",""label"":""Pro Bundle""},{""id"":""o4"",""label"":""Collector Bundle""}]"
2579,tamarack-racing-wheel-nano,Tamarack Racing Wheel Nano,Tamarack,Gaming,SK-2579-TA,"The Tamarack Racing Wheel Nano. A dependable gaming pick with a clean, no-nonsense design and the everyday features you actually use.","{""warranty"":""1 year manufacturer warranty"",""inTheBox"":""Racing Wheel, Spare thumbsticks, Sticker sheet, Wireless dongle, Quick-start guide"",""countryOfOrigin"":""Germany"",""returns"":""14-day return, restocking fee applies"",""support"":""Email and chat, 9am–7pm IST"",""weightGrams"":3954,""material"":""ABS with soft-touch coating"",""colour"":""Pewter"",""modelYear"":2022}",Edition,"[{""id"":""o1"",""label"":""Standard""},{""id"":""o2"",""label"":""Special Edition""},{""id"":""o3"",""label"":""Pro Bundle""}]"
2580,veloria-arcade-stick-nano,Veloria Arcade Stick Nano,Veloria,Gaming,SK-2580-VE,"The Veloria Arcade Stick Nano. A dependable gaming pick with a clean, no-nonsense design and the everyday features you actually use.","{""warranty"":""6 months manufacturer warranty"",""inTheBox"":""Arcade Stick, Sticker sheet, Spare thumbsticks"",""countryOfOrigin"":""Indonesia"",""returns"":""Replacement only, on verified defect"",""support"":""Email only, 48-hour response"",""weightGrams"":1882,""material"":""Aluminium and ABS"",""colour"":""Graphite"",""modelYear"":2021}",Edition,"[{""id"":""o1"",""label"":""Standard""},{""id"":""o2"",""label"":""Special Edition""}]"
2581,orbisk-gaming-headset-nano,Orbisk Gaming Headset Nano,Orbisk,Gaming,SK-2581-OR,"The Orbisk Gaming Headset Nano. A dependable gaming pick with a clean, no-nonsense design and the everyday features you actually use.","{""warranty"":""2 years manufacturer warranty"",""inTheBox"":""Gaming Headset, Sticker sheet, Carry case"",""countryOfOrigin"":""Czechia"",""returns"":""30-day return, original packaging"",""support"":""Email only, 48-hour response"",""weightGrams"":416,""material"":""Glass-filled nylon"",""colour"":""Oxblood"",""modelYear"":2024}",Edition,"[{""id"":""o1"",""label"":""Standard""},{""id"":""o2"",""label"":""Special Edition""}]"
2582,junova-capture-card-nano,Junova Capture Card Nano,Junova,Gaming,SK-2582-JU,"The Junova Capture Card Nano. A dependable gaming pick with a clean, no-nonsense design and the everyday features you actually use.","{""warranty"":""1 year warranty, extendable to 2 on registration"",""inTheBox"":""Capture Card, USB-C cable, Spare thumbsticks, Wireless dongle, Sticker sheet"",""countryOfOrigin"":""South Korea"",""returns"":""Replacement only, on verified defect"",""support"":""Phone and email, 10am–6pm IST, Mon–Sat"",""weightGrams"":4351,""material"":""ABS with soft-touch coating"",""colour"":""Olive"",""modelYear"":2023}",Edition,"[{""id"":""o1"",""label"":""Standard""},{""id"":""o2"",""label"":""Special Edition""},{""id"":""o3"",""label"":""Pro Bundle""},{""id"":""o4"",""label"":""Collector Bundle""}]"
2583,halvard-flight-stick-nano,Halvard Flight Stick Nano,Halvard,Gaming,SK-2583-HA,"The Halvard Flight Stick Nano. A dependable gaming pick with a clean, no-nonsense design and the everyday features you actually use.","{""warranty"":""1 year manufacturer warranty"",""inTheBox"":""Flight Stick, Sticker sheet, USB-C cable"",""countryOfOrigin"":""Germany"",""returns"":""Replacement only, on verified defect"",""support"":""Phone support, 9am–6pm IST, weekdays only"",""weightGrams"":1708,""material"":""ABS with soft-touch coating"",""colour"":""Graphite"",""modelYear"":2024}",Edition,"[{""id"":""o1"",""label"":""Standard""},{""id"":""o2"",""label"":""Special Edition""},{""id"":""o3"",""label"":""Pro Bundle""},{""id"":""o4"",""label"":""Collector Bundle""}]"
2584,redwick-vr-headset-nano,Redwick VR Headset Nano,Redwick,Gaming,SK-2584-RE,"The Redwick VR Headset Nano. A dependable gaming pick with a clean, no-nonsense design and the everyday features you actually use.","{""warranty"":""18 months manufacturer warranty"",""inTheBox"":""VR Headset, Wireless dongle, Spare thumbsticks, Sticker sheet"",""countryOfOrigin"":""China"",""returns"":""15-day replacement, unopened"",""support"":""Email only, 48-hour response"",""weightGrams"":2133,""material"":""Recycled polycarbonate"",""colour"":""Olive"",""modelYear"":2021}",Edition,"[{""id"":""o1"",""label"":""Standard""},{""id"":""o2"",""label"":""Special Edition""}]"
2585,mosella-dumbbell-set-nano,Mosella Dumbbell Set Nano,Mosella,Fitness,SK-2585-MO,"The Mosella Dumbbell Set Nano. A dependable fitness pick with a clean, no-nonsense design and the everyday features you actually use.","{""warranty"":""2 years manufacturer warranty"",""inTheBox"":""Dumbbell Set, Storage bag, Anchor strap"",""countryOfOrigin"":""Germany"",""returns"":""10-day replacement, original packaging"",""support"":""Email, chat and phone, 9am–9pm IST"",""weightGrams"":35676,""material"":""EVA foam"",""colour"":""Olive"",""modelYear"":2023}",Level,"[{""id"":""o1"",""label"":""Starter""},{""id"":""o2"",""label"":""Regular""},{""id"":""o3"",""label"":""Advanced""}]"
2586,tundrel-yoga-mat-nano,Tundrel Yoga Mat Nano,Tundrel,Fitness,SK-2586-TU,"The Tundrel Yoga Mat Nano. A dependable fitness pick with a clean, no-nonsense design and the everyday features you actually use.","{""warranty"":""1 year manufacturer warranty"",""inTheBox"":""Yoga Mat, Assembly tools, Exercise chart"",""countryOfOrigin"":""India"",""returns"":""10-day replacement, original packaging"",""support"":""Email, chat and phone, 9am–9pm IST"",""weightGrams"":29669,""material"":""TPE foam"",""colour"":""Midnight Navy"",""modelYear"":2023}",Level,"[{""id"":""o1"",""label"":""Starter""},{""id"":""o2"",""label"":""Regular""},{""id"":""o3"",""label"":""Advanced""},{""id"":""o4"",""label"":""Elite""}]"
2587,lumeno-rowing-machine-nano,Lumeno Rowing Machine Nano,Lumeno,Fitness,SK-2587-LU,"The Lumeno Rowing Machine Nano. A dependable fitness pick with a clean, no-nonsense design and the everyday features you actually use.","{""warranty"":""3 years limited warranty"",""inTheBox"":""Rowing Machine, Grip pads, Assembly tools, Care card, Anchor strap"",""countryOfOrigin"":""Czechia"",""returns"":""7-day return or replacement"",""support"":""Email, chat and phone, 9am–9pm IST"",""weightGrams"":25637,""material"":""TPE foam"",""colour"":""Sandstone"",""modelYear"":2024}",Level,"[{""id"":""o1"",""label"":""Starter""},{""id"":""o2"",""label"":""Regular""},{""id"":""o3"",""label"":""Advanced""}]"
2588,saffrix-resistance-bands-nano,Saffrix Resistance Bands Nano,Saffrix,Fitness,SK-2588-SA,"The Saffrix Resistance Bands Nano. A dependable fitness pick with a clean, no-nonsense design and the everyday features you actually use.","{""warranty"":""5 years limited warranty"",""inTheBox"":""Resistance Bands, Anchor strap, Grip pads"",""countryOfOrigin"":""Vietnam"",""returns"":""10-day replacement, original packaging"",""support"":""Email only, 48-hour response"",""weightGrams"":44039,""material"":""Cast iron"",""colour"":""Bone White"",""modelYear"":2022}",Level,"[{""id"":""o1"",""label"":""Starter""},{""id"":""o2"",""label"":""Regular""}]"
2589,pinecrest-kettlebell-nano,Pinecrest Kettlebell Nano,Pinecrest,Fitness,SK-2589-PI,"The Pinecrest Kettlebell Nano. A dependable fitness pick with a clean, no-nonsense design and the everyday features you actually use.","{""warranty"":""1 year warranty, extendable to 2 on registration"",""inTheBox"":""Kettlebell, Care card, Storage bag"",""countryOfOrigin"":""Thailand"",""returns"":""15-day replacement, unopened"",""support"":""Email and chat, 9am–7pm IST"",""weightGrams"":14583,""material"":""Natural rubber"",""colour"":""Sandstone"",""modelYear"":2023}",Level,"[{""id"":""o1"",""label"":""Starter""},{""id"":""o2"",""label"":""Regular""},{""id"":""o3"",""label"":""Advanced""},{""id"":""o4"",""label"":""Elite""}]"
2590,solvane-spin-bike-nano,Solvane Spin Bike Nano,Solvane,Fitness,SK-2590-SO,"The Solvane Spin Bike Nano. A dependable fitness pick with a clean, no-nonsense design and the everyday features you actually use.","{""warranty"":""6 months manufacturer warranty"",""inTheBox"":""Spin Bike, Care card, Storage bag, Assembly tools, Grip pads"",""countryOfOrigin"":""Taiwan"",""returns"":""30-day return, original packaging"",""support"":""Email, chat and phone, 9am–9pm IST"",""weightGrams"":27828,""material"":""Cast iron"",""colour"":""Ice Blue"",""modelYear"":2022}",Level,"[{""id"":""o1"",""label"":""Starter""},{""id"":""o2"",""label"":""Regular""},{""id"":""o3"",""label"":""Advanced""},{""id"":""o4"",""label"":""Elite""}]"
2591,quarrow-foam-roller-nano,Quarrow Foam Roller Nano,Quarrow,Fitness,SK-2591-QU,"The Quarrow Foam Roller Nano. A dependable fitness pick with a clean, no-nonsense design and the everyday features you actually use.","{""warranty"":""3 years limited warranty"",""inTheBox"":""Foam Roller, Anchor strap, Care card"",""countryOfOrigin"":""Germany"",""returns"":""14-day return, restocking fee applies"",""support"":""Email and chat, 9am–7pm IST"",""weightGrams"":25893,""material"":""TPE foam"",""colour"":""Ice Blue"",""modelYear"":2023}",Level,"[{""id"":""o1"",""label"":""Starter""},{""id"":""o2"",""label"":""Regular""}]"
2592,brightwell-pull-up-bar-nano,Brightwell Pull-up Bar Nano,Brightwell,Fitness,SK-2592-BR,"The Brightwell Pull-up Bar Nano. A dependable fitness pick with a clean, no-nonsense design and the everyday features you actually use.","{""warranty"":""5 years limited warranty"",""inTheBox"":""Pull-up Bar, Care card, Storage bag"",""countryOfOrigin"":""Portugal"",""returns"":""7-day return or replacement"",""support"":""Phone and email, 10am–6pm IST, Mon–Sat"",""weightGrams"":24715,""material"":""Natural rubber"",""colour"":""Oxblood"",""modelYear"":2021}",Level,"[{""id"":""o1"",""label"":""Starter""},{""id"":""o2"",""label"":""Regular""}]"
2593,tamarack-tent-nano,Tamarack Tent Nano,Tamarack,Outdoor,SK-2593-TA,"The Tamarack Tent Nano. A dependable outdoor pick with a clean, no-nonsense design and the everyday features you actually use.","{""warranty"":""3 years limited warranty"",""inTheBox"":""Tent, Pegs, Guy lines"",""countryOfOrigin"":""South Korea"",""returns"":""15-day replacement, unopened"",""support"":""Phone support, 9am–6pm IST, weekdays only"",""weightGrams"":1675,""material"":""Ripstop nylon"",""colour"":""Olive"",""modelYear"":2021}",Capacity,"[{""id"":""o1"",""label"":""Solo""},{""id"":""o2"",""label"":""Duo""},{""id"":""o3"",""label"":""Family""},{""id"":""o4"",""label"":""Group""}]"
2594,veloria-sleeping-bag-nano,Veloria Sleeping Bag Nano,Veloria,Outdoor,SK-2594-VE,"The Veloria Sleeping Bag Nano. A dependable outdoor pick with a clean, no-nonsense design and the everyday features you actually use.","{""warranty"":""18 months manufacturer warranty"",""inTheBox"":""Sleeping Bag, Guy lines, Pegs, Care card, Carabiner"",""countryOfOrigin"":""Germany"",""returns"":""7-day return or replacement"",""support"":""24×7 chat support"",""weightGrams"":4534,""material"":""Recycled PET weave"",""colour"":""Sandstone"",""modelYear"":2022}",Capacity,"[{""id"":""o1"",""label"":""Solo""},{""id"":""o2"",""label"":""Duo""},{""id"":""o3"",""label"":""Family""}]"
2595,orbisk-camp-stove-nano,Orbisk Camp Stove Nano,Orbisk,Outdoor,SK-2595-OR,"The Orbisk Camp Stove Nano. A dependable outdoor pick with a clean, no-nonsense design and the everyday features you actually use.","{""warranty"":""1 year manufacturer warranty"",""inTheBox"":""Camp Stove, Care card, Guy lines, Pegs, Repair kit"",""countryOfOrigin"":""Mexico"",""returns"":""30-day return, original packaging"",""support"":""Phone support, 9am–6pm IST, weekdays only"",""weightGrams"":4088,""material"":""Aluminium alloy"",""colour"":""Midnight Navy"",""modelYear"":2022}",Capacity,"[{""id"":""o1"",""label"":""Solo""},{""id"":""o2"",""label"":""Duo""}]"
2596,junova-trekking-poles-nano,Junova Trekking Poles Nano,Junova,Outdoor,SK-2596-JU,"The Junova Trekking Poles Nano. A dependable outdoor pick with a clean, no-nonsense design and the everyday features you actually use.","{""warranty"":""18 months manufacturer warranty"",""inTheBox"":""Trekking Poles, Guy lines, Stuff sack, Care card"",""countryOfOrigin"":""China"",""returns"":""10-day replacement, original packaging"",""support"":""Email and chat, 9am–7pm IST"",""weightGrams"":3149,""material"":""Recycled PET weave"",""colour"":""Matte Black"",""modelYear"":2024}",Capacity,"[{""id"":""o1"",""label"":""Solo""},{""id"":""o2"",""label"":""Duo""},{""id"":""o3"",""label"":""Family""},{""id"":""o4"",""label"":""Group""}]"
2597,halvard-headlamp-nano,Halvard Headlamp Nano,Halvard,Outdoor,SK-2597-HA,"The Halvard Headlamp Nano. A dependable outdoor pick with a clean, no-nonsense design and the everyday features you actually use.","{""warranty"":""1 year manufacturer warranty"",""inTheBox"":""Headlamp, Guy lines, Stuff sack, Carabiner"",""countryOfOrigin"":""China"",""returns"":""7-day replacement, unopened"",""support"":""Phone support, 9am–6pm IST, weekdays only"",""weightGrams"":590,""material"":""Ripstop nylon"",""colour"":""Pewter"",""modelYear"":2021}",Capacity,"[{""id"":""o1"",""label"":""Solo""},{""id"":""o2"",""label"":""Duo""},{""id"":""o3"",""label"":""Family""},{""id"":""o4"",""label"":""Group""}]"
2598,redwick-cooler-box-nano,Redwick Cooler Box Nano,Redwick,Outdoor,SK-2598-RE,"The Redwick Cooler Box Nano. A dependable outdoor pick with a clean, no-nonsense design and the everyday features you actually use.","{""warranty"":""6 months manufacturer warranty"",""inTheBox"":""Cooler Box, Pegs, Stuff sack, Guy lines"",""countryOfOrigin"":""Indonesia"",""returns"":""14-day return, restocking fee applies"",""support"":""Email and chat, 9am–7pm IST"",""weightGrams"":2001,""material"":""Aluminium alloy"",""colour"":""Sandstone"",""modelYear"":2025}",Capacity,"[{""id"":""o1"",""label"":""Solo""},{""id"":""o2"",""label"":""Duo""},{""id"":""o3"",""label"":""Family""}]"
2599,mosella-hammock-nano,Mosella Hammock Nano,Mosella,Outdoor,SK-2599-MO,"The Mosella Hammock Nano. A dependable outdoor pick with a clean, no-nonsense design and the everyday features you actually use.","{""warranty"":""18 months manufacturer warranty"",""inTheBox"":""Hammock, Carabiner, Pegs, Guy lines, Care card"",""countryOfOrigin"":""Thailand"",""returns"":""10-day replacement, original packaging"",""support"":""In-app chat, 8am–8pm IST"",""weightGrams"":761,""material"":""Aluminium alloy"",""colour"":""Ice Blue"",""modelYear"":2023}",Capacity,"[{""id"":""o1"",""label"":""Solo""},{""id"":""o2"",""label"":""Duo""},{""id"":""o3"",""label"":""Family""}]"
2600,tundrel-camp-chair-nano,Tundrel Camp Chair Nano,Tundrel,Outdoor,SK-2600-TU,"The Tundrel Camp Chair Nano. A dependable outdoor pick with a clean, no-nonsense design and the everyday features you actually use.","{""warranty"":""2 years international warranty"",""inTheBox"":""Camp Chair, Pegs, Care card, Guy lines"",""countryOfOrigin"":""Vietnam"",""returns"":""15-day replacement, unopened"",""support"":""Phone support, 9am–6pm IST, weekdays only"",""weightGrams"":2770,""material"":""Ripstop nylon"",""colour"":""Oxblood"",""modelYear"":2022}",Capacity,"[{""id"":""o1"",""label"":""Solo""},{""id"":""o2"",""label"":""Duo""}]"
2601,lumeno-desk-chair-nano,Lumeno Desk Chair Nano,Lumeno,Office,SK-2601-LU,"The Lumeno Desk Chair Nano. A dependable office pick with a clean, no-nonsense design and the everyday features you actually use.","{""warranty"":""6 months manufacturer warranty"",""inTheBox"":""Desk Chair, Cable tray, Assembly guide, Floor protectors"",""countryOfOrigin"":""Thailand"",""returns"":""14-day return, restocking fee applies"",""support"":""Email and chat, 9am–7pm IST"",""weightGrams"":19454,""material"":""Powder-coated steel"",""colour"":""Bone White"",""modelYear"":2025}",Finish,"[{""id"":""o1"",""label"":""Oak""},{""id"":""o2"",""label"":""Walnut""},{""id"":""o3"",""label"":""Charcoal""},{""id"":""o4"",""label"":""White Ash""}]"
2602,saffrix-standing-desk-nano,Saffrix Standing Desk Nano,Saffrix,Office,SK-2602-SA,"The Saffrix Standing Desk Nano. A dependable office pick with a clean, no-nonsense design and the everyday features you actually use.","{""warranty"":""2 years international warranty"",""inTheBox"":""Standing Desk, Cable tray, Assembly guide, Hardware pack"",""countryOfOrigin"":""Mexico"",""returns"":""14-day return, restocking fee applies"",""support"":""In-app chat, 8am–8pm IST"",""weightGrams"":3667,""material"":""Solid beech"",""colour"":""Clay"",""modelYear"":2023}",Finish,"[{""id"":""o1"",""label"":""Oak""},{""id"":""o2"",""label"":""Walnut""},{""id"":""o3"",""label"":""Charcoal""}]"
2603,pinecrest-monitor-arm-nano,Pinecrest Monitor Arm Nano,Pinecrest,Office,SK-2603-PI,"The Pinecrest Monitor Arm Nano. A dependable office pick with a clean, no-nonsense design and the everyday features you actually use.","{""warranty"":""6 months manufacturer warranty"",""inTheBox"":""Monitor Arm, Cable tray, Assembly guide, Floor protectors"",""countryOfOrigin"":""Mexico"",""returns"":""10-day replacement, original packaging"",""support"":""Email only, 48-hour response"",""weightGrams"":7250,""material"":""Mesh and aluminium"",""colour"":""Sandstone"",""modelYear"":2021}",Finish,"[{""id"":""o1"",""label"":""Oak""},{""id"":""o2"",""label"":""Walnut""},{""id"":""o3"",""label"":""Charcoal""}]"
2604,solvane-desk-lamp-nano,Solvane Desk Lamp Nano,Solvane,Office,SK-2604-SO,"The Solvane Desk Lamp Nano. A dependable office pick with a clean, no-nonsense design and the everyday features you actually use.","{""warranty"":""2 years manufacturer warranty"",""inTheBox"":""Desk Lamp, Wall anchor, Hardware pack"",""countryOfOrigin"":""Germany"",""returns"":""14-day return, restocking fee applies"",""support"":""Email only, 48-hour response"",""weightGrams"":3325,""material"":""Solid beech"",""colour"":""Graphite"",""modelYear"":2022}",Finish,"[{""id"":""o1"",""label"":""Oak""},{""id"":""o2"",""label"":""Walnut""},{""id"":""o3"",""label"":""Charcoal""},{""id"":""o4"",""label"":""White Ash""}]"
2605,quarrow-filing-cabinet-nano,Quarrow Filing Cabinet Nano,Quarrow,Office,SK-2605-QU,"The Quarrow Filing Cabinet Nano. A dependable office pick with a clean, no-nonsense design and the everyday features you actually use.","{""warranty"":""6 months manufacturer warranty"",""inTheBox"":""Filing Cabinet, Wall anchor, Hardware pack, Cable tray, Floor protectors"",""countryOfOrigin"":""India"",""returns"":""10-day replacement, original packaging"",""support"":""Email only, 48-hour response"",""weightGrams"":2485,""material"":""Bamboo composite"",""colour"":""Clay"",""modelYear"":2024}",Finish,"[{""id"":""o1"",""label"":""Oak""},{""id"":""o2"",""label"":""Walnut""}]"
2606,brightwell-footrest-nano,Brightwell Footrest Nano,Brightwell,Office,SK-2606-BR,"The Brightwell Footrest Nano. A dependable office pick with a clean, no-nonsense design and the everyday features you actually use.","{""warranty"":""6 months manufacturer warranty"",""inTheBox"":""Footrest, Hardware pack, Assembly tools, Cable tray"",""countryOfOrigin"":""Taiwan"",""returns"":""7-day replacement, unopened"",""support"":""24×7 chat support"",""weightGrams"":22942,""material"":""Powder-coated steel"",""colour"":""Pewter"",""modelYear"":2022}",Finish,"[{""id"":""o1"",""label"":""Oak""},{""id"":""o2"",""label"":""Walnut""},{""id"":""o3"",""label"":""Charcoal""},{""id"":""o4"",""label"":""White Ash""}]"
2607,tamarack-bookshelf-nano,Tamarack Bookshelf Nano,Tamarack,Office,SK-2607-TA,"The Tamarack Bookshelf Nano. A dependable office pick with a clean, no-nonsense design and the everyday features you actually use.","{""warranty"":""1 year manufacturer warranty"",""inTheBox"":""Bookshelf, Assembly tools, Hardware pack"",""countryOfOrigin"":""South Korea"",""returns"":""Replacement only, on verified defect"",""support"":""24×7 chat support"",""weightGrams"":13033,""material"":""Mesh and aluminium"",""colour"":""Midnight Navy"",""modelYear"":2022}",Finish,"[{""id"":""o1"",""label"":""Oak""},{""id"":""o2"",""label"":""Walnut""},{""id"":""o3"",""label"":""Charcoal""},{""id"":""o4"",""label"":""White Ash""}]"
2608,veloria-desk-organiser-nano,Veloria Desk Organiser Nano,Veloria,Office,SK-2608-VE,"The Veloria Desk Organiser Nano. A dependable office pick with a clean, no-nonsense design and the everyday features you actually use.","{""warranty"":""18 months manufacturer warranty"",""inTheBox"":""Desk Organiser, Cable tray, Assembly guide"",""countryOfOrigin"":""Czechia"",""returns"":""14-day return, restocking fee applies"",""support"":""Email, chat and phone, 9am–9pm IST"",""weightGrams"":21064,""material"":""Mesh and aluminium"",""colour"":""Sandstone"",""modelYear"":2021}",Finish,"[{""id"":""o1"",""label"":""Oak""},{""id"":""o2"",""label"":""Walnut""},{""id"":""o3"",""label"":""Charcoal""}]"
2609,orbisk-floor-lamp-nano,Orbisk Floor Lamp Nano,Orbisk,Lighting,SK-2609-OR,"The Orbisk Floor Lamp Nano. A dependable lighting pick with a clean, no-nonsense design and the everyday features you actually use.","{""warranty"":""6 months manufacturer warranty"",""inTheBox"":""Floor Lamp, Mounting kit, Power adapter, Setup guide, Remote control"",""countryOfOrigin"":""Taiwan"",""returns"":""Replacement only, on verified defect"",""support"":""In-app chat, 8am–8pm IST"",""weightGrams"":1251,""material"":""Borosilicate glass"",""colour"":""Olive"",""modelYear"":2025}",Tone,"[{""id"":""o1"",""label"":""Warm white""},{""id"":""o2"",""label"":""Neutral white""},{""id"":""o3"",""label"":""Tunable white""},{""id"":""o4"",""label"":""Full colour""}]"
2610,junova-led-strip-nano,Junova LED Strip Nano,Junova,Lighting,SK-2610-JU,"The Junova LED Strip Nano. A dependable lighting pick with a clean, no-nonsense design and the everyday features you actually use.","{""warranty"":""2 years manufacturer warranty"",""inTheBox"":""LED Strip, Adhesive clips, Spare diffuser"",""countryOfOrigin"":""Czechia"",""returns"":""15-day replacement, unopened"",""support"":""Phone support, 9am–6pm IST, weekdays only"",""weightGrams"":833,""material"":""Powder-coated steel"",""colour"":""Sandstone"",""modelYear"":2025}",Tone,"[{""id"":""o1"",""label"":""Warm white""},{""id"":""o2"",""label"":""Neutral white""},{""id"":""o3"",""label"":""Tunable white""}]"
2611,halvard-pendant-light-nano,Halvard Pendant Light Nano,Halvard,Lighting,SK-2611-HA,"The Halvard Pendant Light Nano. A dependable lighting pick with a clean, no-nonsense design and the everyday features you actually use.","{""warranty"":""3 years limited warranty"",""inTheBox"":""Pendant Light, Power adapter, Spare diffuser, Remote control"",""countryOfOrigin"":""Indonesia"",""returns"":""10-day replacement, original packaging"",""support"":""Email, chat and phone, 9am–9pm IST"",""weightGrams"":2464,""material"":""Borosilicate glass"",""colour"":""Forest"",""modelYear"":2025}",Tone,"[{""id"":""o1"",""label"":""Warm white""},{""id"":""o2"",""label"":""Neutral white""}]"
2612,redwick-smart-panel-nano,Redwick Smart Panel Nano,Redwick,Lighting,SK-2612-RE,"The Redwick Smart Panel Nano. A dependable lighting pick with a clean, no-nonsense design and the everyday features you actually use.","{""warranty"":""1 year warranty, extendable to 2 on registration"",""inTheBox"":""Smart Panel, Power adapter, Adhesive clips, Remote control, Mounting kit"",""countryOfOrigin"":""Taiwan"",""returns"":""30-day return, original packaging"",""support"":""Phone and email, 10am–6pm IST, Mon–Sat"",""weightGrams"":1660,""material"":""Anodised aluminium"",""colour"":""Pewter"",""modelYear"":2023}",Tone,"[{""id"":""o1"",""label"":""Warm white""},{""id"":""o2"",""label"":""Neutral white""}]"
2613,mosella-reading-light-nano,Mosella Reading Light Nano,Mosella,Lighting,SK-2613-MO,"The Mosella Reading Light Nano. A dependable lighting pick with a clean, no-nonsense design and the everyday features you actually use.","{""warranty"":""1 year warranty, extendable to 2 on registration"",""inTheBox"":""Reading Light, Adhesive clips, Setup guide, Power adapter"",""countryOfOrigin"":""Taiwan"",""returns"":""15-day replacement, unopened"",""support"":""Email, chat and phone, 9am–9pm IST"",""weightGrams"":5875,""material"":""Silicone diffuser"",""colour"":""Pewter"",""modelYear"":2022}",Tone,"[{""id"":""o1"",""label"":""Warm white""},{""id"":""o2"",""label"":""Neutral white""}]"
2614,tundrel-lantern-nano,Tundrel Lantern Nano,Tundrel,Lighting,SK-2614-TU,"The Tundrel Lantern Nano. A dependable lighting pick with a clean, no-nonsense design and the everyday features you actually use.","{""warranty"":""6 months manufacturer warranty"",""inTheBox"":""Lantern, Setup guide, Mounting kit, Adhesive clips, Spare diffuser"",""countryOfOrigin"":""Indonesia"",""returns"":""7-day replacement, unopened"",""support"":""Phone and email, 10am–6pm IST, Mon–Sat"",""weightGrams"":3596,""material"":""Silicone diffuser"",""colour"":""Pewter"",""modelYear"":2022}",Tone,"[{""id"":""o1"",""label"":""Warm white""},{""id"":""o2"",""label"":""Neutral white""}]"
2615,lumeno-wall-sconce-nano,Lumeno Wall Sconce Nano,Lumeno,Lighting,SK-2615-LU,"The Lumeno Wall Sconce Nano. A dependable lighting pick with a clean, no-nonsense design and the everyday features you actually use.","{""warranty"":""2 years manufacturer warranty"",""inTheBox"":""Wall Sconce, Remote control, Power adapter"",""countryOfOrigin"":""Portugal"",""returns"":""Replacement only, on verified defect"",""support"":""Email only, 48-hour response"",""weightGrams"":4915,""material"":""Silicone diffuser"",""colour"":""Slate Grey"",""modelYear"":2024}",Tone,"[{""id"":""o1"",""label"":""Warm white""},{""id"":""o2"",""label"":""Neutral white""},{""id"":""o3"",""label"":""Tunable white""}]"
2616,saffrix-light-bar-nano,Saffrix Light Bar Nano,Saffrix,Lighting,SK-2616-SA,"The Saffrix Light Bar Nano. A dependable lighting pick with a clean, no-nonsense design and the everyday features you actually use.","{""warranty"":""2 years manufacturer warranty"",""inTheBox"":""Light Bar, Remote control, Spare diffuser, Power adapter"",""countryOfOrigin"":""Portugal"",""returns"":""10-day replacement, original packaging"",""support"":""Email only, 48-hour response"",""weightGrams"":2307,""material"":""Borosilicate glass"",""colour"":""Forest"",""modelYear"":2022}",Tone,"[{""id"":""o1"",""label"":""Warm white""},{""id"":""o2"",""label"":""Neutral white""},{""id"":""o3"",""label"":""Tunable white""},{""id"":""o4"",""label"":""Full colour""}]"
2617,pinecrest-hair-dryer-nano,Pinecrest Hair Dryer Nano,Pinecrest,Personal Care,SK-2617-PI,"The Pinecrest Hair Dryer Nano. A dependable personal care pick with a clean, no-nonsense design and the everyday features you actually use.","{""warranty"":""1 year manufacturer warranty"",""inTheBox"":""Hair Dryer, Spare head, Charging stand, Care guide"",""countryOfOrigin"":""Portugal"",""returns"":""10-day replacement, original packaging"",""support"":""24×7 chat support"",""weightGrams"":876,""material"":""Ceramic and ABS"",""colour"":""Olive"",""modelYear"":2025}",Set,"[{""id"":""o1"",""label"":""Single""},{""id"":""o2"",""label"":""Duo pack""},{""id"":""o3"",""label"":""Travel set""}]"
2618,solvane-beard-trimmer-nano,Solvane Beard Trimmer Nano,Solvane,Personal Care,SK-2618-SO,"The Solvane Beard Trimmer Nano. A dependable personal care pick with a clean, no-nonsense design and the everyday features you actually use.","{""warranty"":""2 years international warranty"",""inTheBox"":""Beard Trimmer, Guide combs, Cleaning brush, Charging stand"",""countryOfOrigin"":""Germany"",""returns"":""7-day return or replacement"",""support"":""Phone support, 9am–6pm IST, weekdays only"",""weightGrams"":587,""material"":""Stainless steel"",""colour"":""Forest"",""modelYear"":2024}",Set,"[{""id"":""o1"",""label"":""Single""},{""id"":""o2"",""label"":""Duo pack""},{""id"":""o3"",""label"":""Travel set""},{""id"":""o4"",""label"":""Gift set""}]"
2619,quarrow-electric-toothbrush-nano,Quarrow Electric Toothbrush Nano,Quarrow,Personal Care,SK-2619-QU,"The Quarrow Electric Toothbrush Nano. A dependable personal care pick with a clean, no-nonsense design and the everyday features you actually use.","{""warranty"":""1 year warranty, extendable to 2 on registration"",""inTheBox"":""Electric Toothbrush, Cleaning brush, Charging stand, Spare head"",""countryOfOrigin"":""Taiwan"",""returns"":""14-day return, restocking fee applies"",""support"":""Email and chat, 9am–7pm IST"",""weightGrams"":371,""material"":""Recycled polycarbonate"",""colour"":""Matte Black"",""modelYear"":2025}",Set,"[{""id"":""o1"",""label"":""Single""},{""id"":""o2"",""label"":""Duo pack""}]"
2620,brightwell-hair-straightener-nano,Brightwell Hair Straightener Nano,Brightwell,Personal Care,SK-2620-BR,"The Brightwell Hair Straightener Nano. A dependable personal care pick with a clean, no-nonsense design and the everyday features you actually use.","{""warranty"":""18 months manufacturer warranty"",""inTheBox"":""Hair Straightener, Charging stand, Travel pouch"",""countryOfOrigin"":""Vietnam"",""returns"":""10-day replacement, original packaging"",""support"":""Email only, 48-hour response"",""weightGrams"":170,""material"":""ABS with soft-touch coating"",""colour"":""Slate Grey"",""modelYear"":2025}",Set,"[{""id"":""o1"",""label"":""Single""},{""id"":""o2"",""label"":""Duo pack""}]"
2621,tamarack-massager-nano,Tamarack Massager Nano,Tamarack,Personal Care,SK-2621-TA,"The Tamarack Massager Nano. A dependable personal care pick with a clean, no-nonsense design and the everyday features you actually use.","{""warranty"":""3 years limited warranty"",""inTheBox"":""Massager, Guide combs, Charging stand"",""countryOfOrigin"":""Taiwan"",""returns"":""Replacement only, on verified defect"",""support"":""Email only, 48-hour response"",""weightGrams"":157,""material"":""Ceramic and ABS"",""colour"":""Ice Blue"",""modelYear"":2021}",Set,"[{""id"":""o1"",""label"":""Single""},{""id"":""o2"",""label"":""Duo pack""}]"
2622,veloria-shaver-nano,Veloria Shaver Nano,Veloria,Personal Care,SK-2622-VE,"The Veloria Shaver Nano. A dependable personal care pick with a clean, no-nonsense design and the everyday features you actually use.","{""warranty"":""1 year warranty, extendable to 2 on registration"",""inTheBox"":""Shaver, Charging stand, Spare head, Cleaning brush"",""countryOfOrigin"":""Mexico"",""returns"":""Replacement only, on verified defect"",""support"":""In-app chat, 8am–8pm IST"",""weightGrams"":801,""material"":""Ceramic and ABS"",""colour"":""Ice Blue"",""modelYear"":2021}",Set,"[{""id"":""o1"",""label"":""Single""},{""id"":""o2"",""label"":""Duo pack""},{""id"":""o3"",""label"":""Travel set""},{""id"":""o4"",""label"":""Gift set""}]"
2623,orbisk-grooming-kit-nano,Orbisk Grooming Kit Nano,Orbisk,Personal Care,SK-2623-OR,"The Orbisk Grooming Kit Nano. A dependable personal care pick with a clean, no-nonsense design and the everyday features you actually use.","{""warranty"":""2 years manufacturer warranty"",""inTheBox"":""Grooming Kit, Travel pouch, Cleaning brush"",""countryOfOrigin"":""Thailand"",""returns"":""7-day replacement, unopened"",""support"":""Phone and email, 10am–6pm IST, Mon–Sat"",""weightGrams"":360,""material"":""Recycled polycarbonate"",""colour"":""Olive"",""modelYear"":2023}",Set,"[{""id"":""o1"",""label"":""Single""},{""id"":""o2"",""label"":""Duo pack""}]"
2624,junova-epilator-nano,Junova Epilator Nano,Junova,Personal Care,SK-2624-JU,"The Junova Epilator Nano. A dependable personal care pick with a clean, no-nonsense design and the everyday features you actually use.","{""warranty"":""5 years limited warranty"",""inTheBox"":""Epilator, Guide combs, Travel pouch"",""countryOfOrigin"":""China"",""returns"":""Replacement only, on verified defect"",""support"":""In-app chat, 8am–8pm IST"",""weightGrams"":715,""material"":""ABS with soft-touch coating"",""colour"":""Midnight Navy"",""modelYear"":2025}",Set,"[{""id"":""o1"",""label"":""Single""},{""id"":""o2"",""label"":""Duo pack""},{""id"":""o3"",""label"":""Travel set""}]"
2625,halvard-digital-piano-nano,Halvard Digital Piano Nano,Halvard,Instruments,SK-2625-HA,"The Halvard Digital Piano Nano. A dependable instruments pick with a clean, no-nonsense design and the everyday features you actually use.","{""warranty"":""2 years international warranty"",""inTheBox"":""Digital Piano, Quick-start guide, Polishing cloth, Gig bag, Tuner"",""countryOfOrigin"":""China"",""returns"":""15-day replacement, unopened"",""support"":""Phone and email, 10am–6pm IST, Mon–Sat"",""weightGrams"":2254,""material"":""Spruce and mahogany"",""colour"":""Matte Black"",""modelYear"":2021}",Bundle,"[{""id"":""o1"",""label"":""Instrument only""},{""id"":""o2"",""label"":""Starter bundle""},{""id"":""o3"",""label"":""Studio bundle""},{""id"":""o4"",""label"":""Stage bundle""}]"
2626,redwick-ukulele-nano,Redwick Ukulele Nano,Redwick,Instruments,SK-2626-RE,"The Redwick Ukulele Nano. A dependable instruments pick with a clean, no-nonsense design and the everyday features you actually use.","{""warranty"":""5 years limited warranty"",""inTheBox"":""Ukulele, Power adapter, Gig bag, Quick-start guide, Tuner"",""countryOfOrigin"":""Czechia"",""returns"":""15-day replacement, unopened"",""support"":""Phone and email, 10am–6pm IST, Mon–Sat"",""weightGrams"":8662,""material"":""Spruce and mahogany"",""colour"":""Midnight Navy"",""modelYear"":2023}",Bundle,"[{""id"":""o1"",""label"":""Instrument only""},{""id"":""o2"",""label"":""Starter bundle""},{""id"":""o3"",""label"":""Studio bundle""},{""id"":""o4"",""label"":""Stage bundle""}]"
2627,mosella-acoustic-guitar-nano,Mosella Acoustic Guitar Nano,Mosella,Instruments,SK-2627-MO,"The Mosella Acoustic Guitar Nano. A dependable instruments pick with a clean, no-nonsense design and the everyday features you actually use.","{""warranty"":""6 months manufacturer warranty"",""inTheBox"":""Acoustic Guitar, Gig bag, Power adapter, Tuner"",""countryOfOrigin"":""Portugal"",""returns"":""10-day replacement, original packaging"",""support"":""24×7 chat support"",""weightGrams"":15823,""material"":""Rosewood"",""colour"":""Ice Blue"",""modelYear"":2022}",Bundle,"[{""id"":""o1"",""label"":""Instrument only""},{""id"":""o2"",""label"":""Starter bundle""},{""id"":""o3"",""label"":""Studio bundle""}]"
2628,tundrel-electronic-drum-kit-nano,Tundrel Electronic Drum Kit Nano,Tundrel,Instruments,SK-2628-TU,"The Tundrel Electronic Drum Kit Nano. A dependable instruments pick with a clean, no-nonsense design and the everyday features you actually use.","{""warranty"":""5 years limited warranty"",""inTheBox"":""Electronic Drum Kit, Spare strings, Power adapter"",""countryOfOrigin"":""Portugal"",""returns"":""Replacement only, on verified defect"",""support"":""Phone and email, 10am–6pm IST, Mon–Sat"",""weightGrams"":16480,""material"":""Rosewood"",""colour"":""Pewter"",""modelYear"":2024}",Bundle,"[{""id"":""o1"",""label"":""Instrument only""},{""id"":""o2"",""label"":""Starter bundle""},{""id"":""o3"",""label"":""Studio bundle""}]"
2629,lumeno-midi-keyboard-nano,Lumeno MIDI Keyboard Nano,Lumeno,Instruments,SK-2629-LU,"The Lumeno MIDI Keyboard Nano. A dependable instruments pick with a clean, no-nonsense design and the everyday features you actually use.","{""warranty"":""1 year manufacturer warranty"",""inTheBox"":""MIDI Keyboard, Gig bag, Spare strings, Power adapter, Quick-start guide"",""countryOfOrigin"":""Vietnam"",""returns"":""Replacement only, on verified defect"",""support"":""Email, chat and phone, 9am–9pm IST"",""weightGrams"":8647,""material"":""ABS with steel frame"",""colour"":""Oxblood"",""modelYear"":2024}",Bundle,"[{""id"":""o1"",""label"":""Instrument only""},{""id"":""o2"",""label"":""Starter bundle""},{""id"":""o3"",""label"":""Studio bundle""}]"
2630,saffrix-violin-nano,Saffrix Violin Nano,Saffrix,Instruments,SK-2630-SA,"The Saffrix Violin Nano. A dependable instruments pick with a clean, no-nonsense design and the everyday features you actually use.","{""warranty"":""3 years limited warranty"",""inTheBox"":""Violin, Polishing cloth, Spare strings, Gig bag, Power adapter"",""countryOfOrigin"":""China"",""returns"":""7-day return or replacement"",""support"":""Phone and email, 10am–6pm IST, Mon–Sat"",""weightGrams"":1998,""material"":""ABS with steel frame"",""colour"":""Matte Black"",""modelYear"":2024}",Bundle,"[{""id"":""o1"",""label"":""Instrument only""},{""id"":""o2"",""label"":""Starter bundle""},{""id"":""o3"",""label"":""Studio bundle""}]"
2631,pinecrest-cajon-nano,Pinecrest Cajon Nano,Pinecrest,Instruments,SK-2631-PI,"The Pinecrest Cajon Nano. A dependable instruments pick with a clean, no-nonsense design and the everyday features you actually use.","{""warranty"":""6 months manufacturer warranty"",""inTheBox"":""Cajon, Polishing cloth, Quick-start guide, Spare strings"",""countryOfOrigin"":""India"",""returns"":""10-day replacement, original packaging"",""support"":""Phone and email, 10am–6pm IST, Mon–Sat"",""weightGrams"":19172,""material"":""Birch plywood"",""colour"":""Matte Black"",""modelYear"":2024}",Bundle,"[{""id"":""o1"",""label"":""Instrument only""},{""id"":""o2"",""label"":""Starter bundle""}]"
2632,solvane-synthesizer-nano,Solvane Synthesizer Nano,Solvane,Instruments,SK-2632-SO,"The Solvane Synthesizer Nano. A dependable instruments pick with a clean, no-nonsense design and the everyday features you actually use.","{""warranty"":""5 years limited warranty"",""inTheBox"":""Synthesizer, Tuner, Power adapter, Polishing cloth, Spare strings"",""countryOfOrigin"":""Mexico"",""returns"":""Replacement only, on verified defect"",""support"":""Email only, 48-hour response"",""weightGrams"":15210,""material"":""Birch plywood"",""colour"":""Graphite"",""modelYear"":2025}",Bundle,"[{""id"":""o1"",""label"":""Instrument only""},{""id"":""o2"",""label"":""Starter bundle""},{""id"":""o3"",""label"":""Studio bundle""}]"
2633,quarrow-wi-fi-router-nano,Quarrow Wi-Fi Router Nano,Quarrow,Networking,SK-2633-QU,"The Quarrow Wi-Fi Router Nano. A dependable networking pick with a clean, no-nonsense design and the everyday features you actually use.","{""warranty"":""6 months manufacturer warranty"",""inTheBox"":""Wi-Fi Router, Warranty card, Power adapter"",""countryOfOrigin"":""Germany"",""returns"":""10-day replacement, original packaging"",""support"":""Email only, 48-hour response"",""weightGrams"":1573,""material"":""Flame-retardant polycarbonate"",""colour"":""Olive"",""modelYear"":2021}",Pack,"[{""id"":""o1"",""label"":""1-pack""},{""id"":""o2"",""label"":""2-pack""},{""id"":""o3"",""label"":""3-pack""}]"
2634,brightwell-mesh-system-nano,Brightwell Mesh System Nano,Brightwell,Networking,SK-2634-BR,"The Brightwell Mesh System Nano. A dependable networking pick with a clean, no-nonsense design and the everyday features you actually use.","{""warranty"":""1 year warranty, extendable to 2 on registration"",""inTheBox"":""Mesh System, Ethernet cable, Wall-mount kit, Setup guide"",""countryOfOrigin"":""Taiwan"",""returns"":""14-day return, restocking fee applies"",""support"":""Email and chat, 9am–7pm IST"",""weightGrams"":1004,""material"":""Recycled polycarbonate"",""colour"":""Bone White"",""modelYear"":2024}",Pack,"[{""id"":""o1"",""label"":""1-pack""},{""id"":""o2"",""label"":""2-pack""}]"
2635,tamarack-network-switch-nano,Tamarack Network Switch Nano,Tamarack,Networking,SK-2635-TA,"The Tamarack Network Switch Nano. A dependable networking pick with a clean, no-nonsense design and the everyday features you actually use.","{""warranty"":""2 years international warranty"",""inTheBox"":""Network Switch, Setup guide, Power adapter"",""countryOfOrigin"":""South Korea"",""returns"":""10-day replacement, original packaging"",""support"":""Email only, 48-hour response"",""weightGrams"":1906,""material"":""Recycled polycarbonate"",""colour"":""Matte Black"",""modelYear"":2022}",Pack,"[{""id"":""o1"",""label"":""1-pack""},{""id"":""o2"",""label"":""2-pack""},{""id"":""o3"",""label"":""3-pack""},{""id"":""o4"",""label"":""4-pack""}]"
2636,veloria-range-extender-nano,Veloria Range Extender Nano,Veloria,Networking,SK-2636-VE,"The Veloria Range Extender Nano. A dependable networking pick with a clean, no-nonsense design and the everyday features you actually use.","{""warranty"":""2 years manufacturer warranty"",""inTheBox"":""Range Extender, Ethernet cable, Warranty card, Power adapter, Wall-mount kit"",""countryOfOrigin"":""Taiwan"",""returns"":""10-day replacement, original packaging"",""support"":""Phone and email, 10am–6pm IST, Mon–Sat"",""weightGrams"":852,""material"":""Anodised aluminium"",""colour"":""Slate Grey"",""modelYear"":2024}",Pack,"[{""id"":""o1"",""label"":""1-pack""},{""id"":""o2"",""label"":""2-pack""}]"
2637,orbisk-powerline-adapter-nano,Orbisk Powerline Adapter Nano,Orbisk,Networking,SK-2637-OR,"The Orbisk Powerline Adapter Nano. A dependable networking pick with a clean, no-nonsense design and the everyday features you actually use.","{""warranty"":""3 years limited warranty"",""inTheBox"":""Powerline Adapter, Wall-mount kit, Ethernet cable"",""countryOfOrigin"":""Malaysia"",""returns"":""Replacement only, on verified defect"",""support"":""24×7 chat support"",""weightGrams"":1600,""material"":""Powder-coated steel"",""colour"":""Forest"",""modelYear"":2023}",Pack,"[{""id"":""o1"",""label"":""1-pack""},{""id"":""o2"",""label"":""2-pack""},{""id"":""o3"",""label"":""3-pack""},{""id"":""o4"",""label"":""4-pack""}]"
2638,junova-travel-router-nano,Junova Travel Router Nano,Junova,Networking,SK-2638-JU,"The Junova Travel Router Nano. A dependable networking pick with a clean, no-nonsense design and the everyday features you actually use.","{""warranty"":""6 months manufacturer warranty"",""inTheBox"":""Travel Router, Warranty card, Wall-mount kit, Power adapter"",""countryOfOrigin"":""Malaysia"",""returns"":""30-day return, original packaging"",""support"":""Email, chat and phone, 9am–9pm IST"",""weightGrams"":2054,""material"":""Powder-coated steel"",""colour"":""Slate Grey"",""modelYear"":2022}",Pack,"[{""id"":""o1"",""label"":""1-pack""},{""id"":""o2"",""label"":""2-pack""}]"
2639,halvard-nas-enclosure-nano,Halvard NAS Enclosure Nano,Halvard,Networking,SK-2639-HA,"The Halvard NAS Enclosure Nano. A dependable networking pick with a clean, no-nonsense design and the everyday features you actually use.","{""warranty"":""2 years international warranty"",""inTheBox"":""NAS Enclosure, Ethernet cable, Warranty card, Setup guide, Wall-mount kit"",""countryOfOrigin"":""China"",""returns"":""7-day return or replacement"",""support"":""Email and chat, 9am–7pm IST"",""weightGrams"":1257,""material"":""Flame-retardant polycarbonate"",""colour"":""Clay"",""modelYear"":2024}",Pack,"[{""id"":""o1"",""label"":""1-pack""},{""id"":""o2"",""label"":""2-pack""},{""id"":""o3"",""label"":""3-pack""},{""id"":""o4"",""label"":""4-pack""}]"
2640,redwick-5g-hotspot-nano,Redwick 5G Hotspot Nano,Redwick,Networking,SK-2640-RE,"The Redwick 5G Hotspot Nano. A dependable networking pick with a clean, no-nonsense design and the everyday features you actually use.","{""warranty"":""3 years limited warranty"",""inTheBox"":""5G Hotspot, Setup guide, Ethernet cable, Power adapter, Warranty card"",""countryOfOrigin"":""Portugal"",""returns"":""15-day replacement, unopened"",""support"":""In-app chat, 8am–8pm IST"",""weightGrams"":1726,""material"":""Recycled polycarbonate"",""colour"":""Slate Grey"",""modelYear"":2023}",Pack,"[{""id"":""o1"",""label"":""1-pack""},{""id"":""o2"",""label"":""2-pack""}]"
2641,mosella-mirrorless-camera-duo,Mosella Mirrorless Camera Duo,Mosella,Cameras,SK-2641-MO,"The Mosella Mirrorless Camera Duo. A dependable cameras pick with a clean, no-nonsense design and the everyday features you actually use.","{""warranty"":""1 year warranty, extendable to 2 on registration"",""inTheBox"":""Mirrorless Camera, Mounting adapter, Neck strap, Microfibre cloth, Rechargeable battery"",""countryOfOrigin"":""Malaysia"",""returns"":""10-day replacement, original packaging"",""support"":""Email and chat, 9am–7pm IST"",""weightGrams"":813,""material"":""Magnesium alloy"",""colour"":""Sandstone"",""modelYear"":2021}",Kit,"[{""id"":""o1"",""label"":""Body only""},{""id"":""o2"",""label"":""Standard kit""}]"
2642,tundrel-action-camera-duo,Tundrel Action Camera Duo,Tundrel,Cameras,SK-2642-TU,"The Tundrel Action Camera Duo. A dependable cameras pick with a clean, no-nonsense design and the everyday features you actually use.","{""warranty"":""1 year manufacturer warranty"",""inTheBox"":""Action Camera, Neck strap, USB-C cable, Rechargeable battery, Microfibre cloth"",""countryOfOrigin"":""Portugal"",""returns"":""14-day return, restocking fee applies"",""support"":""Email only, 48-hour response"",""weightGrams"":981,""material"":""Magnesium alloy"",""colour"":""Clay"",""modelYear"":2024}",Kit,"[{""id"":""o1"",""label"":""Body only""},{""id"":""o2"",""label"":""Standard kit""},{""id"":""o3"",""label"":""Creator kit""},{""id"":""o4"",""label"":""Pro kit""}]"
2643,lumeno-instant-camera-duo,Lumeno Instant Camera Duo,Lumeno,Cameras,SK-2643-LU,"The Lumeno Instant Camera Duo. A dependable cameras pick with a clean, no-nonsense design and the everyday features you actually use.","{""warranty"":""5 years limited warranty"",""inTheBox"":""Instant Camera, Lens cap, Mounting adapter, Neck strap, USB-C cable"",""countryOfOrigin"":""Indonesia"",""returns"":""30-day return, original packaging"",""support"":""Email and chat, 9am–7pm IST"",""weightGrams"":1130,""material"":""Magnesium alloy"",""colour"":""Midnight Navy"",""modelYear"":2022}",Kit,"[{""id"":""o1"",""label"":""Body only""},{""id"":""o2"",""label"":""Standard kit""},{""id"":""o3"",""label"":""Creator kit""},{""id"":""o4"",""label"":""Pro kit""}]"
2644,saffrix-vlog-camera-duo,Saffrix Vlog Camera Duo,Saffrix,Cameras,SK-2644-SA,"The Saffrix Vlog Camera Duo. A dependable cameras pick with a clean, no-nonsense design and the everyday features you actually use.","{""warranty"":""2 years manufacturer warranty"",""inTheBox"":""Vlog Camera, Mounting adapter, Microfibre cloth, Neck strap, Quick-start guide"",""countryOfOrigin"":""Indonesia"",""returns"":""15-day replacement, unopened"",""support"":""Email, chat and phone, 9am–9pm IST"",""weightGrams"":1181,""material"":""Anodised aluminium"",""colour"":""Matte Black"",""modelYear"":2023}",Kit,"[{""id"":""o1"",""label"":""Body only""},{""id"":""o2"",""label"":""Standard kit""},{""id"":""o3"",""label"":""Creator kit""},{""id"":""o4"",""label"":""Pro kit""}]"
2645,pinecrest-film-scanner-duo,Pinecrest Film Scanner Duo,Pinecrest,Cameras,SK-2645-PI,"The Pinecrest Film Scanner Duo. A dependable cameras pick with a clean, no-nonsense design and the everyday features you actually use.","{""warranty"":""2 years international warranty"",""inTheBox"":""Film Scanner, Quick-start guide, Neck strap"",""countryOfOrigin"":""Thailand"",""returns"":""10-day replacement, original packaging"",""support"":""In-app chat, 8am–8pm IST"",""weightGrams"":953,""material"":""Magnesium alloy"",""colour"":""Matte Black"",""modelYear"":2022}",Kit,"[{""id"":""o1"",""label"":""Body only""},{""id"":""o2"",""label"":""Standard kit""},{""id"":""o3"",""label"":""Creator kit""},{""id"":""o4"",""label"":""Pro kit""}]"
2646,solvane-dash-cam-duo,Solvane Dash Cam Duo,Solvane,Cameras,SK-2646-SO,"The Solvane Dash Cam Duo. A dependable cameras pick with a clean, no-nonsense design and the everyday features you actually use.","{""warranty"":""1 year manufacturer warranty"",""inTheBox"":""Dash Cam, Quick-start guide, Rechargeable battery, Mounting adapter"",""countryOfOrigin"":""Czechia"",""returns"":""30-day return, original packaging"",""support"":""Email and chat, 9am–7pm IST"",""weightGrams"":562,""material"":""Polycarbonate with rubber grip"",""colour"":""Midnight Navy"",""modelYear"":2024}",Kit,"[{""id"":""o1"",""label"":""Body only""},{""id"":""o2"",""label"":""Standard kit""},{""id"":""o3"",""label"":""Creator kit""},{""id"":""o4"",""label"":""Pro kit""}]"
2647,quarrow-trail-camera-duo,Quarrow Trail Camera Duo,Quarrow,Cameras,SK-2647-QU,"The Quarrow Trail Camera Duo. A dependable cameras pick with a clean, no-nonsense design and the everyday features you actually use.","{""warranty"":""2 years international warranty"",""inTheBox"":""Trail Camera, Quick-start guide, Lens cap, Neck strap"",""countryOfOrigin"":""Thailand"",""returns"":""Replacement only, on verified defect"",""support"":""Email, chat and phone, 9am–9pm IST"",""weightGrams"":673,""material"":""Glass-fibre composite"",""colour"":""Bone White"",""modelYear"":2025}",Kit,"[{""id"":""o1"",""label"":""Body only""},{""id"":""o2"",""label"":""Standard kit""},{""id"":""o3"",""label"":""Creator kit""},{""id"":""o4"",""label"":""Pro kit""}]"
2648,brightwell-gimbal-duo,Brightwell Gimbal Duo,Brightwell,Cameras,SK-2648-BR,"The Brightwell Gimbal Duo. A dependable cameras pick with a clean, no-nonsense design and the everyday features you actually use.","{""warranty"":""3 years limited warranty"",""inTheBox"":""Gimbal, Microfibre cloth, Quick-start guide, Mounting adapter, Neck strap"",""countryOfOrigin"":""Malaysia"",""returns"":""14-day return, restocking fee applies"",""support"":""Email and chat, 9am–7pm IST"",""weightGrams"":841,""material"":""Glass-fibre composite"",""colour"":""Bone White"",""modelYear"":2024}",Kit,"[{""id"":""o1"",""label"":""Body only""},{""id"":""o2"",""label"":""Standard kit""},{""id"":""o3"",""label"":""Creator kit""},{""id"":""o4"",""label"":""Pro kit""}]"
2649,tamarack-tablet-duo,Tamarack Tablet Duo,Tamarack,Tablets,SK-2649-TA,"The Tamarack Tablet Duo. A dependable tablets pick with a clean, no-nonsense design and the everyday features you actually use.","{""warranty"":""5 years limited warranty"",""inTheBox"":""Tablet, Quick-start guide, Stylus, USB-C cable"",""countryOfOrigin"":""Czechia"",""returns"":""7-day return or replacement"",""support"":""24×7 chat support"",""weightGrams"":816,""material"":""Magnesium alloy"",""colour"":""Forest"",""modelYear"":2023}",Storage,"[{""id"":""o1"",""label"":""64 GB""},{""id"":""o2"",""label"":""128 GB""},{""id"":""o3"",""label"":""256 GB""},{""id"":""o4"",""label"":""512 GB""}]"
2650,veloria-e-reader-duo,Veloria E-Reader Duo,Veloria,Tablets,SK-2650-VE,"The Veloria E-Reader Duo. A dependable tablets pick with a clean, no-nonsense design and the everyday features you actually use.","{""warranty"":""3 years limited warranty"",""inTheBox"":""E-Reader, SIM tool, Folio sleeve, 20W adapter, Quick-start guide"",""countryOfOrigin"":""South Korea"",""returns"":""15-day replacement, unopened"",""support"":""Email, chat and phone, 9am–9pm IST"",""weightGrams"":703,""material"":""Polycarbonate with glass front"",""colour"":""Pewter"",""modelYear"":2024}",Storage,"[{""id"":""o1"",""label"":""64 GB""},{""id"":""o2"",""label"":""128 GB""},{""id"":""o3"",""label"":""256 GB""}]"
2651,orbisk-drawing-tablet-duo,Orbisk Drawing Tablet Duo,Orbisk,Tablets,SK-2651-OR,"The Orbisk Drawing Tablet Duo. A dependable tablets pick with a clean, no-nonsense design and the everyday features you actually use.","{""warranty"":""2 years international warranty"",""inTheBox"":""Drawing Tablet, Folio sleeve, 20W adapter"",""countryOfOrigin"":""Thailand"",""returns"":""14-day return, restocking fee applies"",""support"":""Email and chat, 9am–7pm IST"",""weightGrams"":605,""material"":""Anodised aluminium"",""colour"":""Sandstone"",""modelYear"":2024}",Storage,"[{""id"":""o1"",""label"":""64 GB""},{""id"":""o2"",""label"":""128 GB""}]"
2652,junova-kids-tablet-duo,Junova Kids Tablet Duo,Junova,Tablets,SK-2652-JU,"The Junova Kids Tablet Duo. A dependable tablets pick with a clean, no-nonsense design and the everyday features you actually use.","{""warranty"":""18 months manufacturer warranty"",""inTheBox"":""Kids Tablet, 20W adapter, Quick-start guide"",""countryOfOrigin"":""Indonesia"",""returns"":""30-day return, original packaging"",""support"":""24×7 chat support"",""weightGrams"":820,""material"":""Recycled aluminium"",""colour"":""Ice Blue"",""modelYear"":2021}",Storage,"[{""id"":""o1"",""label"":""64 GB""},{""id"":""o2"",""label"":""128 GB""},{""id"":""o3"",""label"":""256 GB""}]"
2653,halvard-note-pad-duo,Halvard Note Pad Duo,Halvard,Tablets,SK-2653-HA,"The Halvard Note Pad Duo. A dependable tablets pick with a clean, no-nonsense design and the everyday features you actually use.","{""warranty"":""3 years limited warranty"",""inTheBox"":""Note Pad, SIM tool, Stylus"",""countryOfOrigin"":""Czechia"",""returns"":""7-day return or replacement"",""support"":""Email only, 48-hour response"",""weightGrams"":350,""material"":""Anodised aluminium"",""colour"":""Clay"",""modelYear"":2022}",Storage,"[{""id"":""o1"",""label"":""64 GB""},{""id"":""o2"",""label"":""128 GB""}]"
2654,redwick-slate-duo,Redwick Slate Duo,Redwick,Tablets,SK-2654-RE,"The Redwick Slate Duo. A dependable tablets pick with a clean, no-nonsense design and the everyday features you actually use.","{""warranty"":""5 years limited warranty"",""inTheBox"":""Slate, 20W adapter, Quick-start guide, USB-C cable"",""countryOfOrigin"":""Czechia"",""returns"":""14-day return, restocking fee applies"",""support"":""Email and chat, 9am–7pm IST"",""weightGrams"":541,""material"":""Anodised aluminium"",""colour"":""Olive"",""modelYear"":2024}",Storage,"[{""id"":""o1"",""label"":""64 GB""},{""id"":""o2"",""label"":""128 GB""}]"
2655,mosella-foldable-tablet-duo,Mosella Foldable Tablet Duo,Mosella,Tablets,SK-2655-MO,"The Mosella Foldable Tablet Duo. A dependable tablets pick with a clean, no-nonsense design and the everyday features you actually use.","{""warranty"":""2 years manufacturer warranty"",""inTheBox"":""Foldable Tablet, Quick-start guide, 20W adapter"",""countryOfOrigin"":""Czechia"",""returns"":""7-day return or replacement"",""support"":""Email only, 48-hour response"",""weightGrams"":383,""material"":""Magnesium alloy"",""colour"":""Midnight Navy"",""modelYear"":2023}",Storage,"[{""id"":""o1"",""label"":""64 GB""},{""id"":""o2"",""label"":""128 GB""},{""id"":""o3"",""label"":""256 GB""},{""id"":""o4"",""label"":""512 GB""}]"
2656,tundrel-rugged-tablet-duo,Tundrel Rugged Tablet Duo,Tundrel,Tablets,SK-2656-TU,"The Tundrel Rugged Tablet Duo. A dependable tablets pick with a clean, no-nonsense design and the everyday features you actually use.","{""warranty"":""3 years limited warranty"",""inTheBox"":""Rugged Tablet, USB-C cable, 20W adapter, Stylus"",""countryOfOrigin"":""Mexico"",""returns"":""7-day return or replacement"",""support"":""Email only, 48-hour response"",""weightGrams"":724,""material"":""Recycled aluminium"",""colour"":""Oxblood"",""modelYear"":2021}",Storage,"[{""id"":""o1"",""label"":""64 GB""},{""id"":""o2"",""label"":""128 GB""},{""id"":""o3"",""label"":""256 GB""}]"
2657,lumeno-controller-duo,Lumeno Controller Duo,Lumeno,Gaming,SK-2657-LU,"The Lumeno Controller Duo. A dependable gaming pick with a clean, no-nonsense design and the everyday features you actually use.","{""warranty"":""2 years manufacturer warranty"",""inTheBox"":""Controller, Spare thumbsticks, Carry case, USB-C cable"",""countryOfOrigin"":""Mexico"",""returns"":""7-day return or replacement"",""support"":""Phone and email, 10am–6pm IST, Mon–Sat"",""weightGrams"":4981,""material"":""ABS with soft-touch coating"",""colour"":""Matte Black"",""modelYear"":2021}",Edition,"[{""id"":""o1"",""label"":""Standard""},{""id"":""o2"",""label"":""Special Edition""},{""id"":""o3"",""label"":""Pro Bundle""}]"
2658,saffrix-handheld-console-duo,Saffrix Handheld Console Duo,Saffrix,Gaming,SK-2658-SA,"The Saffrix Handheld Console Duo. A dependable gaming pick with a clean, no-nonsense design and the everyday features you actually use.","{""warranty"":""2 years manufacturer warranty"",""inTheBox"":""Handheld Console, Wireless dongle, Carry case, Sticker sheet, USB-C cable"",""countryOfOrigin"":""India"",""returns"":""7-day return or replacement"",""support"":""Email, chat and phone, 9am–9pm IST"",""weightGrams"":1620,""material"":""Aluminium and ABS"",""colour"":""Slate Grey"",""modelYear"":2021}",Edition,"[{""id"":""o1"",""label"":""Standard""},{""id"":""o2"",""label"":""Special Edition""},{""id"":""o3"",""label"":""Pro Bundle""}]"
2659,pinecrest-racing-wheel-duo,Pinecrest Racing Wheel Duo,Pinecrest,Gaming,SK-2659-PI,"The Pinecrest Racing Wheel Duo. A dependable gaming pick with a clean, no-nonsense design and the everyday features you actually use.","{""warranty"":""2 years manufacturer warranty"",""inTheBox"":""Racing Wheel, USB-C cable, Wireless dongle"",""countryOfOrigin"":""Indonesia"",""returns"":""15-day replacement, unopened"",""support"":""Phone and email, 10am–6pm IST, Mon–Sat"",""weightGrams"":4197,""material"":""Recycled polycarbonate"",""colour"":""Ice Blue"",""modelYear"":2025}",Edition,"[{""id"":""o1"",""label"":""Standard""},{""id"":""o2"",""label"":""Special Edition""},{""id"":""o3"",""label"":""Pro Bundle""}]"
2660,solvane-arcade-stick-duo,Solvane Arcade Stick Duo,Solvane,Gaming,SK-2660-SO,"The Solvane Arcade Stick Duo. A dependable gaming pick with a clean, no-nonsense design and the everyday features you actually use.","{""warranty"":""1 year warranty, extendable to 2 on registration"",""inTheBox"":""Arcade Stick, Quick-start guide, Carry case, Spare thumbsticks, Wireless dongle"",""countryOfOrigin"":""Malaysia"",""returns"":""Replacement only, on verified defect"",""support"":""Phone support, 9am–6pm IST, weekdays only"",""weightGrams"":3149,""material"":""Aluminium and ABS"",""colour"":""Midnight Navy"",""modelYear"":2022}",Edition,"[{""id"":""o1"",""label"":""Standard""},{""id"":""o2"",""label"":""Special Edition""}]"
2661,quarrow-gaming-headset-duo,Quarrow Gaming Headset Duo,Quarrow,Gaming,SK-2661-QU,"The Quarrow Gaming Headset Duo. A dependable gaming pick with a clean, no-nonsense design and the everyday features you actually use.","{""warranty"":""18 months manufacturer warranty"",""inTheBox"":""Gaming Headset, Wireless dongle, Quick-start guide"",""countryOfOrigin"":""Portugal"",""returns"":""7-day return or replacement"",""support"":""Phone and email, 10am–6pm IST, Mon–Sat"",""weightGrams"":6424,""material"":""Aluminium and ABS"",""colour"":""Slate Grey"",""modelYear"":2021}",Edition,"[{""id"":""o1"",""label"":""Standard""},{""id"":""o2"",""label"":""Special Edition""},{""id"":""o3"",""label"":""Pro Bundle""},{""id"":""o4"",""label"":""Collector Bundle""}]"
2662,brightwell-capture-card-duo,Brightwell Capture Card Duo,Brightwell,Gaming,SK-2662-BR,"The Brightwell Capture Card Duo. A dependable gaming pick with a clean, no-nonsense design and the everyday features you actually use.","{""warranty"":""1 year manufacturer warranty"",""inTheBox"":""Capture Card, Sticker sheet, Quick-start guide, Wireless dongle"",""countryOfOrigin"":""South Korea"",""returns"":""30-day return, original packaging"",""support"":""Email, chat and phone, 9am–9pm IST"",""weightGrams"":2985,""material"":""ABS with soft-touch coating"",""colour"":""Bone White"",""modelYear"":2021}",Edition,"[{""id"":""o1"",""label"":""Standard""},{""id"":""o2"",""label"":""Special Edition""},{""id"":""o3"",""label"":""Pro Bundle""}]"
2663,tamarack-flight-stick-duo,Tamarack Flight Stick Duo,Tamarack,Gaming,SK-2663-TA,"The Tamarack Flight Stick Duo. A dependable gaming pick with a clean, no-nonsense design and the everyday features you actually use.","{""warranty"":""18 months manufacturer warranty"",""inTheBox"":""Flight Stick, Spare thumbsticks, Sticker sheet, Carry case"",""countryOfOrigin"":""Portugal"",""returns"":""15-day replacement, unopened"",""support"":""Phone support, 9am–6pm IST, weekdays only"",""weightGrams"":5860,""material"":""Glass-filled nylon"",""colour"":""Ice Blue"",""modelYear"":2021}",Edition,"[{""id"":""o1"",""label"":""Standard""},{""id"":""o2"",""label"":""Special Edition""},{""id"":""o3"",""label"":""Pro Bundle""}]"
2664,veloria-vr-headset-duo,Veloria VR Headset Duo,Veloria,Gaming,SK-2664-VE,"The Veloria VR Headset Duo. A dependable gaming pick with a clean, no-nonsense design and the everyday features you actually use.","{""warranty"":""2 years manufacturer warranty"",""inTheBox"":""VR Headset, Wireless dongle, Quick-start guide, USB-C cable, Sticker sheet"",""countryOfOrigin"":""Indonesia"",""returns"":""7-day return or replacement"",""support"":""In-app chat, 8am–8pm IST"",""weightGrams"":5794,""material"":""Aluminium and ABS"",""colour"":""Oxblood"",""modelYear"":2021}",Edition,"[{""id"":""o1"",""label"":""Standard""},{""id"":""o2"",""label"":""Special Edition""},{""id"":""o3"",""label"":""Pro Bundle""}]"
2665,orbisk-dumbbell-set-duo,Orbisk Dumbbell Set Duo,Orbisk,Fitness,SK-2665-OR,"The Orbisk Dumbbell Set Duo. A dependable fitness pick with a clean, no-nonsense design and the everyday features you actually use.","{""warranty"":""6 months manufacturer warranty"",""inTheBox"":""Dumbbell Set, Exercise chart, Storage bag, Care card, Grip pads"",""countryOfOrigin"":""China"",""returns"":""7-day replacement, unopened"",""support"":""Email only, 48-hour response"",""weightGrams"":38030,""material"":""EVA foam"",""colour"":""Olive"",""modelYear"":2025}",Level,"[{""id"":""o1"",""label"":""Starter""},{""id"":""o2"",""label"":""Regular""}]"
2666,junova-yoga-mat-duo,Junova Yoga Mat Duo,Junova,Fitness,SK-2666-JU,"The Junova Yoga Mat Duo. A dependable fitness pick with a clean, no-nonsense design and the everyday features you actually use.","{""warranty"":""3 years limited warranty"",""inTheBox"":""Yoga Mat, Anchor strap, Exercise chart"",""countryOfOrigin"":""Vietnam"",""returns"":""7-day return or replacement"",""support"":""Phone and email, 10am–6pm IST, Mon–Sat"",""weightGrams"":31500,""material"":""Natural rubber"",""colour"":""Pewter"",""modelYear"":2024}",Level,"[{""id"":""o1"",""label"":""Starter""},{""id"":""o2"",""label"":""Regular""},{""id"":""o3"",""label"":""Advanced""},{""id"":""o4"",""label"":""Elite""}]"
2667,halvard-rowing-machine-duo,Halvard Rowing Machine Duo,Halvard,Fitness,SK-2667-HA,"The Halvard Rowing Machine Duo. A dependable fitness pick with a clean, no-nonsense design and the everyday features you actually use.","{""warranty"":""1 year warranty, extendable to 2 on registration"",""inTheBox"":""Rowing Machine, Care card, Anchor strap, Storage bag, Grip pads"",""countryOfOrigin"":""Czechia"",""returns"":""Replacement only, on verified defect"",""support"":""Email, chat and phone, 9am–9pm IST"",""weightGrams"":32523,""material"":""Natural rubber"",""colour"":""Midnight Navy"",""modelYear"":2025}",Level,"[{""id"":""o1"",""label"":""Starter""},{""id"":""o2"",""label"":""Regular""},{""id"":""o3"",""label"":""Advanced""},{""id"":""o4"",""label"":""Elite""}]"
2668,redwick-resistance-bands-duo,Redwick Resistance Bands Duo,Redwick,Fitness,SK-2668-RE,"The Redwick Resistance Bands Duo. A dependable fitness pick with a clean, no-nonsense design and the everyday features you actually use.","{""warranty"":""5 years limited warranty"",""inTheBox"":""Resistance Bands, Storage bag, Assembly tools"",""countryOfOrigin"":""Indonesia"",""returns"":""15-day replacement, unopened"",""support"":""24×7 chat support"",""weightGrams"":14437,""material"":""Cast iron"",""colour"":""Ice Blue"",""modelYear"":2022}",Level,"[{""id"":""o1"",""label"":""Starter""},{""id"":""o2"",""label"":""Regular""}]"
2669,mosella-kettlebell-duo,Mosella Kettlebell Duo,Mosella,Fitness,SK-2669-MO,"The Mosella Kettlebell Duo. A dependable fitness pick with a clean, no-nonsense design and the everyday features you actually use.","{""warranty"":""1 year warranty, extendable to 2 on registration"",""inTheBox"":""Kettlebell, Storage bag, Care card, Grip pads"",""countryOfOrigin"":""Malaysia"",""returns"":""14-day return, restocking fee applies"",""support"":""Email only, 48-hour response"",""weightGrams"":1860,""material"":""Powder-coated steel"",""colour"":""Bone White"",""modelYear"":2022}",Level,"[{""id"":""o1"",""label"":""Starter""},{""id"":""o2"",""label"":""Regular""},{""id"":""o3"",""label"":""Advanced""},{""id"":""o4"",""label"":""Elite""}]"
2670,tundrel-spin-bike-duo,Tundrel Spin Bike Duo,Tundrel,Fitness,SK-2670-TU,"The Tundrel Spin Bike Duo. A dependable fitness pick with a clean, no-nonsense design and the everyday features you actually use.","{""warranty"":""5 years limited warranty"",""inTheBox"":""Spin Bike, Storage bag, Care card, Exercise chart, Assembly tools"",""countryOfOrigin"":""Czechia"",""returns"":""Replacement only, on verified defect"",""support"":""24×7 chat support"",""weightGrams"":11216,""material"":""EVA foam"",""colour"":""Bone White"",""modelYear"":2022}",Level,"[{""id"":""o1"",""label"":""Starter""},{""id"":""o2"",""label"":""Regular""},{""id"":""o3"",""label"":""Advanced""}]"
2671,lumeno-foam-roller-duo,Lumeno Foam Roller Duo,Lumeno,Fitness,SK-2671-LU,"The Lumeno Foam Roller Duo. A dependable fitness pick with a clean, no-nonsense design and the everyday features you actually use.","{""warranty"":""1 year warranty, extendable to 2 on registration"",""inTheBox"":""Foam Roller, Anchor strap, Assembly tools"",""countryOfOrigin"":""Malaysia"",""returns"":""30-day return, original packaging"",""support"":""Email, chat and phone, 9am–9pm IST"",""weightGrams"":15843,""material"":""Cast iron"",""colour"":""Ice Blue"",""modelYear"":2024}",Level,"[{""id"":""o1"",""label"":""Starter""},{""id"":""o2"",""label"":""Regular""},{""id"":""o3"",""label"":""Advanced""},{""id"":""o4"",""label"":""Elite""}]"
2672,saffrix-pull-up-bar-duo,Saffrix Pull-up Bar Duo,Saffrix,Fitness,SK-2672-SA,"The Saffrix Pull-up Bar Duo. A dependable fitness pick with a clean, no-nonsense design and the everyday features you actually use.","{""warranty"":""1 year warranty, extendable to 2 on registration"",""inTheBox"":""Pull-up Bar, Exercise chart, Care card"",""countryOfOrigin"":""Thailand"",""returns"":""15-day replacement, unopened"",""support"":""Email and chat, 9am–7pm IST"",""weightGrams"":27093,""material"":""Powder-coated steel"",""colour"":""Clay"",""modelYear"":2023}",Level,"[{""id"":""o1"",""label"":""Starter""},{""id"":""o2"",""label"":""Regular""},{""id"":""o3"",""label"":""Advanced""},{""id"":""o4"",""label"":""Elite""}]"
2673,pinecrest-tent-duo,Pinecrest Tent Duo,Pinecrest,Outdoor,SK-2673-PI,"The Pinecrest Tent Duo. A dependable outdoor pick with a clean, no-nonsense design and the everyday features you actually use.","{""warranty"":""2 years manufacturer warranty"",""inTheBox"":""Tent, Repair kit, Care card, Guy lines, Stuff sack"",""countryOfOrigin"":""Vietnam"",""returns"":""Replacement only, on verified defect"",""support"":""Email, chat and phone, 9am–9pm IST"",""weightGrams"":1066,""material"":""Aluminium alloy"",""colour"":""Graphite"",""modelYear"":2023}",Capacity,"[{""id"":""o1"",""label"":""Solo""},{""id"":""o2"",""label"":""Duo""},{""id"":""o3"",""label"":""Family""}]"
2674,solvane-sleeping-bag-duo,Solvane Sleeping Bag Duo,Solvane,Outdoor,SK-2674-SO,"The Solvane Sleeping Bag Duo. A dependable outdoor pick with a clean, no-nonsense design and the everyday features you actually use.","{""warranty"":""18 months manufacturer warranty"",""inTheBox"":""Sleeping Bag, Carabiner, Care card, Stuff sack"",""countryOfOrigin"":""Germany"",""returns"":""30-day return, original packaging"",""support"":""Phone and email, 10am–6pm IST, Mon–Sat"",""weightGrams"":3171,""material"":""Ripstop nylon"",""colour"":""Forest"",""modelYear"":2025}",Capacity,"[{""id"":""o1"",""label"":""Solo""},{""id"":""o2"",""label"":""Duo""},{""id"":""o3"",""label"":""Family""},{""id"":""o4"",""label"":""Group""}]"
2675,quarrow-camp-stove-duo,Quarrow Camp Stove Duo,Quarrow,Outdoor,SK-2675-QU,"The Quarrow Camp Stove Duo. A dependable outdoor pick with a clean, no-nonsense design and the everyday features you actually use.","{""warranty"":""5 years limited warranty"",""inTheBox"":""Camp Stove, Guy lines, Care card, Stuff sack, Repair kit"",""countryOfOrigin"":""Portugal"",""returns"":""15-day replacement, unopened"",""support"":""Email, chat and phone, 9am–9pm IST"",""weightGrams"":2427,""material"":""Stainless steel"",""colour"":""Clay"",""modelYear"":2023}",Capacity,"[{""id"":""o1"",""label"":""Solo""},{""id"":""o2"",""label"":""Duo""}]"
2676,brightwell-trekking-poles-duo,Brightwell Trekking Poles Duo,Brightwell,Outdoor,SK-2676-BR,"The Brightwell Trekking Poles Duo. A dependable outdoor pick with a clean, no-nonsense design and the everyday features you actually use.","{""warranty"":""3 years limited warranty"",""inTheBox"":""Trekking Poles, Stuff sack, Guy lines, Carabiner"",""countryOfOrigin"":""Taiwan"",""returns"":""15-day replacement, unopened"",""support"":""Email only, 48-hour response"",""weightGrams"":1068,""material"":""Stainless steel"",""colour"":""Ice Blue"",""modelYear"":2024}",Capacity,"[{""id"":""o1"",""label"":""Solo""},{""id"":""o2"",""label"":""Duo""},{""id"":""o3"",""label"":""Family""},{""id"":""o4"",""label"":""Group""}]"
2677,tamarack-headlamp-duo,Tamarack Headlamp Duo,Tamarack,Outdoor,SK-2677-TA,"The Tamarack Headlamp Duo. A dependable outdoor pick with a clean, no-nonsense design and the everyday features you actually use.","{""warranty"":""2 years manufacturer warranty"",""inTheBox"":""Headlamp, Carabiner, Care card, Repair kit, Stuff sack"",""countryOfOrigin"":""Portugal"",""returns"":""14-day return, restocking fee applies"",""support"":""Email only, 48-hour response"",""weightGrams"":2146,""material"":""Stainless steel"",""colour"":""Graphite"",""modelYear"":2025}",Capacity,"[{""id"":""o1"",""label"":""Solo""},{""id"":""o2"",""label"":""Duo""},{""id"":""o3"",""label"":""Family""}]"
2678,veloria-cooler-box-duo,Veloria Cooler Box Duo,Veloria,Outdoor,SK-2678-VE,"The Veloria Cooler Box Duo. A dependable outdoor pick with a clean, no-nonsense design and the everyday features you actually use.","{""warranty"":""1 year manufacturer warranty"",""inTheBox"":""Cooler Box, Pegs, Guy lines, Repair kit, Stuff sack"",""countryOfOrigin"":""India"",""returns"":""7-day replacement, unopened"",""support"":""Phone support, 9am–6pm IST, weekdays only"",""weightGrams"":1189,""material"":""Ripstop polyester"",""colour"":""Graphite"",""modelYear"":2023}",Capacity,"[{""id"":""o1"",""label"":""Solo""},{""id"":""o2"",""label"":""Duo""},{""id"":""o3"",""label"":""Family""},{""id"":""o4"",""label"":""Group""}]"
2679,orbisk-hammock-duo,Orbisk Hammock Duo,Orbisk,Outdoor,SK-2679-OR,"The Orbisk Hammock Duo. A dependable outdoor pick with a clean, no-nonsense design and the everyday features you actually use.","{""warranty"":""2 years manufacturer warranty"",""inTheBox"":""Hammock, Carabiner, Repair kit, Pegs, Care card"",""countryOfOrigin"":""Vietnam"",""returns"":""Replacement only, on verified defect"",""support"":""Email, chat and phone, 9am–9pm IST"",""weightGrams"":1342,""material"":""Stainless steel"",""colour"":""Slate Grey"",""modelYear"":2024}",Capacity,"[{""id"":""o1"",""label"":""Solo""},{""id"":""o2"",""label"":""Duo""},{""id"":""o3"",""label"":""Family""},{""id"":""o4"",""label"":""Group""}]"
2680,junova-camp-chair-duo,Junova Camp Chair Duo,Junova,Outdoor,SK-2680-JU,"The Junova Camp Chair Duo. A dependable outdoor pick with a clean, no-nonsense design and the everyday features you actually use.","{""warranty"":""1 year manufacturer warranty"",""inTheBox"":""Camp Chair, Carabiner, Care card, Stuff sack"",""countryOfOrigin"":""Portugal"",""returns"":""14-day return, restocking fee applies"",""support"":""Phone and email, 10am–6pm IST, Mon–Sat"",""weightGrams"":1215,""material"":""Ripstop polyester"",""colour"":""Pewter"",""modelYear"":2022}",Capacity,"[{""id"":""o1"",""label"":""Solo""},{""id"":""o2"",""label"":""Duo""},{""id"":""o3"",""label"":""Family""},{""id"":""o4"",""label"":""Group""}]"
2681,halvard-desk-chair-duo,Halvard Desk Chair Duo,Halvard,Office,SK-2681-HA,"The Halvard Desk Chair Duo. A dependable office pick with a clean, no-nonsense design and the everyday features you actually use.","{""warranty"":""6 months manufacturer warranty"",""inTheBox"":""Desk Chair, Floor protectors, Assembly tools, Cable tray"",""countryOfOrigin"":""Mexico"",""returns"":""14-day return, restocking fee applies"",""support"":""Phone and email, 10am–6pm IST, Mon–Sat"",""weightGrams"":11947,""material"":""Solid beech"",""colour"":""Midnight Navy"",""modelYear"":2023}",Finish,"[{""id"":""o1"",""label"":""Oak""},{""id"":""o2"",""label"":""Walnut""},{""id"":""o3"",""label"":""Charcoal""}]"
2682,redwick-standing-desk-duo,Redwick Standing Desk Duo,Redwick,Office,SK-2682-RE,"The Redwick Standing Desk Duo. A dependable office pick with a clean, no-nonsense design and the everyday features you actually use.","{""warranty"":""3 years limited warranty"",""inTheBox"":""Standing Desk, Floor protectors, Assembly guide, Hardware pack"",""countryOfOrigin"":""Malaysia"",""returns"":""30-day return, original packaging"",""support"":""In-app chat, 8am–8pm IST"",""weightGrams"":11350,""material"":""Mesh and aluminium"",""colour"":""Bone White"",""modelYear"":2023}",Finish,"[{""id"":""o1"",""label"":""Oak""},{""id"":""o2"",""label"":""Walnut""}]"
2683,mosella-monitor-arm-duo,Mosella Monitor Arm Duo,Mosella,Office,SK-2683-MO,"The Mosella Monitor Arm Duo. A dependable office pick with a clean, no-nonsense design and the everyday features you actually use.","{""warranty"":""18 months manufacturer warranty"",""inTheBox"":""Monitor Arm, Floor protectors, Assembly tools, Assembly guide, Cable tray"",""countryOfOrigin"":""Thailand"",""returns"":""30-day return, original packaging"",""support"":""Email, chat and phone, 9am–9pm IST"",""weightGrams"":15337,""material"":""Engineered oak"",""colour"":""Clay"",""modelYear"":2024}",Finish,"[{""id"":""o1"",""label"":""Oak""},{""id"":""o2"",""label"":""Walnut""},{""id"":""o3"",""label"":""Charcoal""}]"
2684,tundrel-desk-lamp-duo,Tundrel Desk Lamp Duo,Tundrel,Office,SK-2684-TU,"The Tundrel Desk Lamp Duo. A dependable office pick with a clean, no-nonsense design and the everyday features you actually use.","{""warranty"":""18 months manufacturer warranty"",""inTheBox"":""Desk Lamp, Hardware pack, Assembly guide"",""countryOfOrigin"":""Vietnam"",""returns"":""10-day replacement, original packaging"",""support"":""Email only, 48-hour response"",""weightGrams"":8616,""material"":""Solid beech"",""colour"":""Olive"",""modelYear"":2025}",Finish,"[{""id"":""o1"",""label"":""Oak""},{""id"":""o2"",""label"":""Walnut""},{""id"":""o3"",""label"":""Charcoal""},{""id"":""o4"",""label"":""White Ash""}]"
2685,lumeno-filing-cabinet-duo,Lumeno Filing Cabinet Duo,Lumeno,Office,SK-2685-LU,"The Lumeno Filing Cabinet Duo. A dependable office pick with a clean, no-nonsense design and the everyday features you actually use.","{""warranty"":""2 years international warranty"",""inTheBox"":""Filing Cabinet, Cable tray, Wall anchor, Assembly guide"",""countryOfOrigin"":""Mexico"",""returns"":""15-day replacement, unopened"",""support"":""In-app chat, 8am–8pm IST"",""weightGrams"":10269,""material"":""Solid beech"",""colour"":""Midnight Navy"",""modelYear"":2023}",Finish,"[{""id"":""o1"",""label"":""Oak""},{""id"":""o2"",""label"":""Walnut""}]"
2686,saffrix-footrest-duo,Saffrix Footrest Duo,Saffrix,Office,SK-2686-SA,"The Saffrix Footrest Duo. A dependable office pick with a clean, no-nonsense design and the everyday features you actually use.","{""warranty"":""2 years manufacturer warranty"",""inTheBox"":""Footrest, Floor protectors, Assembly guide"",""countryOfOrigin"":""Mexico"",""returns"":""30-day return, original packaging"",""support"":""Phone and email, 10am–6pm IST, Mon–Sat"",""weightGrams"":13048,""material"":""Mesh and aluminium"",""colour"":""Olive"",""modelYear"":2023}",Finish,"[{""id"":""o1"",""label"":""Oak""},{""id"":""o2"",""label"":""Walnut""},{""id"":""o3"",""label"":""Charcoal""}]"
2687,pinecrest-bookshelf-duo,Pinecrest Bookshelf Duo,Pinecrest,Office,SK-2687-PI,"The Pinecrest Bookshelf Duo. A dependable office pick with a clean, no-nonsense design and the everyday features you actually use.","{""warranty"":""6 months manufacturer warranty"",""inTheBox"":""Bookshelf, Assembly tools, Floor protectors, Assembly guide, Wall anchor"",""countryOfOrigin"":""India"",""returns"":""30-day return, original packaging"",""support"":""Phone and email, 10am–6pm IST, Mon–Sat"",""weightGrams"":19946,""material"":""Solid beech"",""colour"":""Olive"",""modelYear"":2025}",Finish,"[{""id"":""o1"",""label"":""Oak""},{""id"":""o2"",""label"":""Walnut""},{""id"":""o3"",""label"":""Charcoal""},{""id"":""o4"",""label"":""White Ash""}]"
2688,solvane-desk-organiser-duo,Solvane Desk Organiser Duo,Solvane,Office,SK-2688-SO,"The Solvane Desk Organiser Duo. A dependable office pick with a clean, no-nonsense design and the everyday features you actually use.","{""warranty"":""6 months manufacturer warranty"",""inTheBox"":""Desk Organiser, Cable tray, Hardware pack, Assembly guide, Floor protectors"",""countryOfOrigin"":""Czechia"",""returns"":""7-day replacement, unopened"",""support"":""Email only, 48-hour response"",""weightGrams"":30716,""material"":""Powder-coated steel"",""colour"":""Midnight Navy"",""modelYear"":2023}",Finish,"[{""id"":""o1"",""label"":""Oak""},{""id"":""o2"",""label"":""Walnut""},{""id"":""o3"",""label"":""Charcoal""},{""id"":""o4"",""label"":""White Ash""}]"
2689,quarrow-floor-lamp-duo,Quarrow Floor Lamp Duo,Quarrow,Lighting,SK-2689-QU,"The Quarrow Floor Lamp Duo. A dependable lighting pick with a clean, no-nonsense design and the everyday features you actually use.","{""warranty"":""6 months manufacturer warranty"",""inTheBox"":""Floor Lamp, Remote control, Setup guide"",""countryOfOrigin"":""Portugal"",""returns"":""7-day replacement, unopened"",""support"":""Email, chat and phone, 9am–9pm IST"",""weightGrams"":4757,""material"":""Borosilicate glass"",""colour"":""Clay"",""modelYear"":2021}",Tone,"[{""id"":""o1"",""label"":""Warm white""},{""id"":""o2"",""label"":""Neutral white""}]"
2690,brightwell-led-strip-duo,Brightwell LED Strip Duo,Brightwell,Lighting,SK-2690-BR,"The Brightwell LED Strip Duo. A dependable lighting pick with a clean, no-nonsense design and the everyday features you actually use.","{""warranty"":""3 years limited warranty"",""inTheBox"":""LED Strip, Power adapter, Setup guide"",""countryOfOrigin"":""Thailand"",""returns"":""15-day replacement, unopened"",""support"":""Phone support, 9am–6pm IST, weekdays only"",""weightGrams"":2458,""material"":""Anodised aluminium"",""colour"":""Forest"",""modelYear"":2024}",Tone,"[{""id"":""o1"",""label"":""Warm white""},{""id"":""o2"",""label"":""Neutral white""},{""id"":""o3"",""label"":""Tunable white""},{""id"":""o4"",""label"":""Full colour""}]"
2691,tamarack-pendant-light-duo,Tamarack Pendant Light Duo,Tamarack,Lighting,SK-2691-TA,"The Tamarack Pendant Light Duo. A dependable lighting pick with a clean, no-nonsense design and the everyday features you actually use.","{""warranty"":""6 months manufacturer warranty"",""inTheBox"":""Pendant Light, Adhesive clips, Setup guide, Power adapter"",""countryOfOrigin"":""Portugal"",""returns"":""Replacement only, on verified defect"",""support"":""24×7 chat support"",""weightGrams"":2926,""material"":""Silicone diffuser"",""colour"":""Bone White"",""modelYear"":2025}",Tone,"[{""id"":""o1"",""label"":""Warm white""},{""id"":""o2"",""label"":""Neutral white""},{""id"":""o3"",""label"":""Tunable white""},{""id"":""o4"",""label"":""Full colour""}]"
2692,veloria-smart-panel-duo,Veloria Smart Panel Duo,Veloria,Lighting,SK-2692-VE,"The Veloria Smart Panel Duo. A dependable lighting pick with a clean, no-nonsense design and the everyday features you actually use.","{""warranty"":""1 year warranty, extendable to 2 on registration"",""inTheBox"":""Smart Panel, Mounting kit, Setup guide, Spare diffuser"",""countryOfOrigin"":""South Korea"",""returns"":""10-day replacement, original packaging"",""support"":""24×7 chat support"",""weightGrams"":1166,""material"":""Silicone diffuser"",""colour"":""Matte Black"",""modelYear"":2024}",Tone,"[{""id"":""o1"",""label"":""Warm white""},{""id"":""o2"",""label"":""Neutral white""},{""id"":""o3"",""label"":""Tunable white""},{""id"":""o4"",""label"":""Full colour""}]"
2693,orbisk-reading-light-duo,Orbisk Reading Light Duo,Orbisk,Lighting,SK-2693-OR,"The Orbisk Reading Light Duo. A dependable lighting pick with a clean, no-nonsense design and the everyday features you actually use.","{""warranty"":""1 year manufacturer warranty"",""inTheBox"":""Reading Light, Setup guide, Power adapter"",""countryOfOrigin"":""Indonesia"",""returns"":""15-day replacement, unopened"",""support"":""Phone support, 9am–6pm IST, weekdays only"",""weightGrams"":2157,""material"":""Borosilicate glass"",""colour"":""Midnight Navy"",""modelYear"":2021}",Tone,"[{""id"":""o1"",""label"":""Warm white""},{""id"":""o2"",""label"":""Neutral white""}]"
2694,junova-lantern-duo,Junova Lantern Duo,Junova,Lighting,SK-2694-JU,"The Junova Lantern Duo. A dependable lighting pick with a clean, no-nonsense design and the everyday features you actually use.","{""warranty"":""3 years limited warranty"",""inTheBox"":""Lantern, Adhesive clips, Setup guide, Power adapter"",""countryOfOrigin"":""Indonesia"",""returns"":""15-day replacement, unopened"",""support"":""Email and chat, 9am–7pm IST"",""weightGrams"":691,""material"":""Silicone diffuser"",""colour"":""Slate Grey"",""modelYear"":2023}",Tone,"[{""id"":""o1"",""label"":""Warm white""},{""id"":""o2"",""label"":""Neutral white""},{""id"":""o3"",""label"":""Tunable white""}]"
2695,halvard-wall-sconce-duo,Halvard Wall Sconce Duo,Halvard,Lighting,SK-2695-HA,"The Halvard Wall Sconce Duo. A dependable lighting pick with a clean, no-nonsense design and the everyday features you actually use.","{""warranty"":""1 year manufacturer warranty"",""inTheBox"":""Wall Sconce, Spare diffuser, Mounting kit"",""countryOfOrigin"":""Mexico"",""returns"":""10-day replacement, original packaging"",""support"":""Email and chat, 9am–7pm IST"",""weightGrams"":5543,""material"":""Powder-coated steel"",""colour"":""Clay"",""modelYear"":2023}",Tone,"[{""id"":""o1"",""label"":""Warm white""},{""id"":""o2"",""label"":""Neutral white""}]"
2696,redwick-light-bar-duo,Redwick Light Bar Duo,Redwick,Lighting,SK-2696-RE,"The Redwick Light Bar Duo. A dependable lighting pick with a clean, no-nonsense design and the everyday features you actually use.","{""warranty"":""6 months manufacturer warranty"",""inTheBox"":""Light Bar, Remote control, Adhesive clips, Power adapter"",""countryOfOrigin"":""China"",""returns"":""30-day return, original packaging"",""support"":""Email only, 48-hour response"",""weightGrams"":204,""material"":""Anodised aluminium"",""colour"":""Matte Black"",""modelYear"":2025}",Tone,"[{""id"":""o1"",""label"":""Warm white""},{""id"":""o2"",""label"":""Neutral white""},{""id"":""o3"",""label"":""Tunable white""},{""id"":""o4"",""label"":""Full colour""}]"
2697,mosella-hair-dryer-duo,Mosella Hair Dryer Duo,Mosella,Personal Care,SK-2697-MO,"The Mosella Hair Dryer Duo. A dependable personal care pick with a clean, no-nonsense design and the everyday features you actually use.","{""warranty"":""3 years limited warranty"",""inTheBox"":""Hair Dryer, Spare head, Travel pouch, Guide combs"",""countryOfOrigin"":""Malaysia"",""returns"":""Replacement only, on verified defect"",""support"":""Email only, 48-hour response"",""weightGrams"":129,""material"":""Stainless steel"",""colour"":""Ice Blue"",""modelYear"":2024}",Set,"[{""id"":""o1"",""label"":""Single""},{""id"":""o2"",""label"":""Duo pack""},{""id"":""o3"",""label"":""Travel set""}]"
2698,tundrel-beard-trimmer-duo,Tundrel Beard Trimmer Duo,Tundrel,Personal Care,SK-2698-TU,"The Tundrel Beard Trimmer Duo. A dependable personal care pick with a clean, no-nonsense design and the everyday features you actually use.","{""warranty"":""1 year warranty, extendable to 2 on registration"",""inTheBox"":""Beard Trimmer, Care guide, Cleaning brush, Charging stand"",""countryOfOrigin"":""Germany"",""returns"":""Replacement only, on verified defect"",""support"":""Email and chat, 9am–7pm IST"",""weightGrams"":280,""material"":""ABS with soft-touch coating"",""colour"":""Sandstone"",""modelYear"":2021}",Set,"[{""id"":""o1"",""label"":""Single""},{""id"":""o2"",""label"":""Duo pack""},{""id"":""o3"",""label"":""Travel set""}]"
2699,lumeno-electric-toothbrush-duo,Lumeno Electric Toothbrush Duo,Lumeno,Personal Care,SK-2699-LU,"The Lumeno Electric Toothbrush Duo. A dependable personal care pick with a clean, no-nonsense design and the everyday features you actually use.","{""warranty"":""3 years limited warranty"",""inTheBox"":""Electric Toothbrush, Travel pouch, Spare head, Guide combs"",""countryOfOrigin"":""Mexico"",""returns"":""7-day return or replacement"",""support"":""24×7 chat support"",""weightGrams"":202,""material"":""Recycled polycarbonate"",""colour"":""Oxblood"",""modelYear"":2023}",Set,"[{""id"":""o1"",""label"":""Single""},{""id"":""o2"",""label"":""Duo pack""},{""id"":""o3"",""label"":""Travel set""},{""id"":""o4"",""label"":""Gift set""}]"
2700,saffrix-hair-straightener-duo,Saffrix Hair Straightener Duo,Saffrix,Personal Care,SK-2700-SA,"The Saffrix Hair Straightener Duo. A dependable personal care pick with a clean, no-nonsense design and the everyday features you actually use.","{""warranty"":""5 years limited warranty"",""inTheBox"":""Hair Straightener, Guide combs, Spare head, Cleaning brush"",""countryOfOrigin"":""Malaysia"",""returns"":""30-day return, original packaging"",""support"":""24×7 chat support"",""weightGrams"":397,""material"":""ABS with soft-touch coating"",""colour"":""Midnight Navy"",""modelYear"":2021}",Set,"[{""id"":""o1"",""label"":""Single""},{""id"":""o2"",""label"":""Duo pack""}]"
2701,pinecrest-massager-duo,Pinecrest Massager Duo,Pinecrest,Personal Care,SK-2701-PI,"The Pinecrest Massager Duo. A dependable personal care pick with a clean, no-nonsense design and the everyday features you actually use.","{""warranty"":""1 year manufacturer warranty"",""inTheBox"":""Massager, Charging stand, Care guide"",""countryOfOrigin"":""Malaysia"",""returns"":""14-day return, restocking fee applies"",""support"":""24×7 chat support"",""weightGrams"":132,""material"":""Recycled polycarbonate"",""colour"":""Midnight Navy"",""modelYear"":2025}",Set,"[{""id"":""o1"",""label"":""Single""},{""id"":""o2"",""label"":""Duo pack""},{""id"":""o3"",""label"":""Travel set""},{""id"":""o4"",""label"":""Gift set""}]"
2702,solvane-shaver-duo,Solvane Shaver Duo,Solvane,Personal Care,SK-2702-SO,"The Solvane Shaver Duo. A dependable personal care pick with a clean, no-nonsense design and the everyday features you actually use.","{""warranty"":""2 years international warranty"",""inTheBox"":""Shaver, Guide combs, Care guide, Spare head"",""countryOfOrigin"":""Portugal"",""returns"":""14-day return, restocking fee applies"",""support"":""Email only, 48-hour response"",""weightGrams"":612,""material"":""Ceramic and ABS"",""colour"":""Forest"",""modelYear"":2024}",Set,"[{""id"":""o1"",""label"":""Single""},{""id"":""o2"",""label"":""Duo pack""},{""id"":""o3"",""label"":""Travel set""}]"
2703,quarrow-grooming-kit-duo,Quarrow Grooming Kit Duo,Quarrow,Personal Care,SK-2703-QU,"The Quarrow Grooming Kit Duo. A dependable personal care pick with a clean, no-nonsense design and the everyday features you actually use.","{""warranty"":""18 months manufacturer warranty"",""inTheBox"":""Grooming Kit, Travel pouch, Charging stand"",""countryOfOrigin"":""Portugal"",""returns"":""14-day return, restocking fee applies"",""support"":""Phone support, 9am–6pm IST, weekdays only"",""weightGrams"":380,""material"":""Ceramic and ABS"",""colour"":""Slate Grey"",""modelYear"":2022}",Set,"[{""id"":""o1"",""label"":""Single""},{""id"":""o2"",""label"":""Duo pack""}]"
2704,brightwell-epilator-duo,Brightwell Epilator Duo,Brightwell,Personal Care,SK-2704-BR,"The Brightwell Epilator Duo. A dependable personal care pick with a clean, no-nonsense design and the everyday features you actually use.","{""warranty"":""5 years limited warranty"",""inTheBox"":""Epilator, Care guide, Guide combs, Travel pouch, Charging stand"",""countryOfOrigin"":""South Korea"",""returns"":""10-day replacement, original packaging"",""support"":""Phone and email, 10am–6pm IST, Mon–Sat"",""weightGrams"":501,""material"":""Recycled polycarbonate"",""colour"":""Sandstone"",""modelYear"":2021}",Set,"[{""id"":""o1"",""label"":""Single""},{""id"":""o2"",""label"":""Duo pack""}]"
2705,tamarack-digital-piano-duo,Tamarack Digital Piano Duo,Tamarack,Instruments,SK-2705-TA,"The Tamarack Digital Piano Duo. A dependable instruments pick with a clean, no-nonsense design and the everyday features you actually use.","{""warranty"":""3 years limited warranty"",""inTheBox"":""Digital Piano, Quick-start guide, Power adapter, Gig bag"",""countryOfOrigin"":""South Korea"",""returns"":""15-day replacement, unopened"",""support"":""Email, chat and phone, 9am–9pm IST"",""weightGrams"":12770,""material"":""Spruce and mahogany"",""colour"":""Clay"",""modelYear"":2025}",Bundle,"[{""id"":""o1"",""label"":""Instrument only""},{""id"":""o2"",""label"":""Starter bundle""},{""id"":""o3"",""label"":""Studio bundle""},{""id"":""o4"",""label"":""Stage bundle""}]"
2706,veloria-ukulele-duo,Veloria Ukulele Duo,Veloria,Instruments,SK-2706-VE,"The Veloria Ukulele Duo. A dependable instruments pick with a clean, no-nonsense design and the everyday features you actually use.","{""warranty"":""1 year warranty, extendable to 2 on registration"",""inTheBox"":""Ukulele, Tuner, Gig bag, Quick-start guide, Polishing cloth"",""countryOfOrigin"":""Thailand"",""returns"":""7-day return or replacement"",""support"":""Phone and email, 10am–6pm IST, Mon–Sat"",""weightGrams"":13555,""material"":""ABS with steel frame"",""colour"":""Clay"",""modelYear"":2022}",Bundle,"[{""id"":""o1"",""label"":""Instrument only""},{""id"":""o2"",""label"":""Starter bundle""}]"
2707,orbisk-acoustic-guitar-duo,Orbisk Acoustic Guitar Duo,Orbisk,Instruments,SK-2707-OR,"The Orbisk Acoustic Guitar Duo. A dependable instruments pick with a clean, no-nonsense design and the everyday features you actually use.","{""warranty"":""1 year manufacturer warranty"",""inTheBox"":""Acoustic Guitar, Quick-start guide, Tuner, Power adapter"",""countryOfOrigin"":""South Korea"",""returns"":""10-day replacement, original packaging"",""support"":""Email and chat, 9am–7pm IST"",""weightGrams"":18371,""material"":""Maple"",""colour"":""Forest"",""modelYear"":2024}",Bundle,"[{""id"":""o1"",""label"":""Instrument only""},{""id"":""o2"",""label"":""Starter bundle""},{""id"":""o3"",""label"":""Studio bundle""},{""id"":""o4"",""label"":""Stage bundle""}]"
2708,junova-electronic-drum-kit-duo,Junova Electronic Drum Kit Duo,Junova,Instruments,SK-2708-JU,"The Junova Electronic Drum Kit Duo. A dependable instruments pick with a clean, no-nonsense design and the everyday features you actually use.","{""warranty"":""2 years international warranty"",""inTheBox"":""Electronic Drum Kit, Spare strings, Gig bag, Quick-start guide"",""countryOfOrigin"":""Czechia"",""returns"":""15-day replacement, unopened"",""support"":""24×7 chat support"",""weightGrams"":19211,""material"":""Rosewood"",""colour"":""Oxblood"",""modelYear"":2023}",Bundle,"[{""id"":""o1"",""label"":""Instrument only""},{""id"":""o2"",""label"":""Starter bundle""},{""id"":""o3"",""label"":""Studio bundle""},{""id"":""o4"",""label"":""Stage bundle""}]"
2709,halvard-midi-keyboard-duo,Halvard MIDI Keyboard Duo,Halvard,Instruments,SK-2709-HA,"The Halvard MIDI Keyboard Duo. A dependable instruments pick with a clean, no-nonsense design and the everyday features you actually use.","{""warranty"":""1 year warranty, extendable to 2 on registration"",""inTheBox"":""MIDI Keyboard, Quick-start guide, Tuner, Polishing cloth, Power adapter"",""countryOfOrigin"":""Mexico"",""returns"":""Replacement only, on verified defect"",""support"":""Email and chat, 9am–7pm IST"",""weightGrams"":13841,""material"":""Spruce and mahogany"",""colour"":""Pewter"",""modelYear"":2022}",Bundle,"[{""id"":""o1"",""label"":""Instrument only""},{""id"":""o2"",""label"":""Starter bundle""},{""id"":""o3"",""label"":""Studio bundle""}]"
2710,redwick-violin-duo,Redwick Violin Duo,Redwick,Instruments,SK-2710-RE,"The Redwick Violin Duo. A dependable instruments pick with a clean, no-nonsense design and the everyday features you actually use.","{""warranty"":""1 year warranty, extendable to 2 on registration"",""inTheBox"":""Violin, Gig bag, Polishing cloth"",""countryOfOrigin"":""China"",""returns"":""7-day return or replacement"",""support"":""Phone support, 9am–6pm IST, weekdays only"",""weightGrams"":9929,""material"":""Maple"",""colour"":""Oxblood"",""modelYear"":2024}",Bundle,"[{""id"":""o1"",""label"":""Instrument only""},{""id"":""o2"",""label"":""Starter bundle""},{""id"":""o3"",""label"":""Studio bundle""}]"
2711,mosella-cajon-duo,Mosella Cajon Duo,Mosella,Instruments,SK-2711-MO,"The Mosella Cajon Duo. A dependable instruments pick with a clean, no-nonsense design and the everyday features you actually use.","{""warranty"":""18 months manufacturer warranty"",""inTheBox"":""Cajon, Gig bag, Polishing cloth"",""countryOfOrigin"":""Vietnam"",""returns"":""7-day replacement, unopened"",""support"":""Email only, 48-hour response"",""weightGrams"":19572,""material"":""ABS with steel frame"",""colour"":""Midnight Navy"",""modelYear"":2025}",Bundle,"[{""id"":""o1"",""label"":""Instrument only""},{""id"":""o2"",""label"":""Starter bundle""}]"
2712,tundrel-synthesizer-duo,Tundrel Synthesizer Duo,Tundrel,Instruments,SK-2712-TU,"The Tundrel Synthesizer Duo. A dependable instruments pick with a clean, no-nonsense design and the everyday features you actually use.","{""warranty"":""3 years limited warranty"",""inTheBox"":""Synthesizer, Power adapter, Spare strings, Tuner"",""countryOfOrigin"":""Thailand"",""returns"":""10-day replacement, original packaging"",""support"":""Phone and email, 10am–6pm IST, Mon–Sat"",""weightGrams"":6106,""material"":""Spruce and mahogany"",""colour"":""Midnight Navy"",""modelYear"":2021}",Bundle,"[{""id"":""o1"",""label"":""Instrument only""},{""id"":""o2"",""label"":""Starter bundle""},{""id"":""o3"",""label"":""Studio bundle""}]"
2713,lumeno-wi-fi-router-duo,Lumeno Wi-Fi Router Duo,Lumeno,Networking,SK-2713-LU,"The Lumeno Wi-Fi Router Duo. A dependable networking pick with a clean, no-nonsense design and the everyday features you actually use.","{""warranty"":""3 years limited warranty"",""inTheBox"":""Wi-Fi Router, Power adapter, Wall-mount kit, Warranty card, Ethernet cable"",""countryOfOrigin"":""South Korea"",""returns"":""7-day replacement, unopened"",""support"":""Email only, 48-hour response"",""weightGrams"":481,""material"":""Powder-coated steel"",""colour"":""Pewter"",""modelYear"":2021}",Pack,"[{""id"":""o1"",""label"":""1-pack""},{""id"":""o2"",""label"":""2-pack""},{""id"":""o3"",""label"":""3-pack""}]"
2714,saffrix-mesh-system-duo,Saffrix Mesh System Duo,Saffrix,Networking,SK-2714-SA,"The Saffrix Mesh System Duo. A dependable networking pick with a clean, no-nonsense design and the everyday features you actually use.","{""warranty"":""2 years manufacturer warranty"",""inTheBox"":""Mesh System, Power adapter, Wall-mount kit, Setup guide, Warranty card"",""countryOfOrigin"":""South Korea"",""returns"":""Replacement only, on verified defect"",""support"":""Phone support, 9am–6pm IST, weekdays only"",""weightGrams"":380,""material"":""Powder-coated steel"",""colour"":""Midnight Navy"",""modelYear"":2022}",Pack,"[{""id"":""o1"",""label"":""1-pack""},{""id"":""o2"",""label"":""2-pack""},{""id"":""o3"",""label"":""3-pack""},{""id"":""o4"",""label"":""4-pack""}]"
2715,pinecrest-network-switch-duo,Pinecrest Network Switch Duo,Pinecrest,Networking,SK-2715-PI,"The Pinecrest Network Switch Duo. A dependable networking pick with a clean, no-nonsense design and the everyday features you actually use.","{""warranty"":""3 years limited warranty"",""inTheBox"":""Network Switch, Power adapter, Warranty card, Ethernet cable"",""countryOfOrigin"":""Thailand"",""returns"":""10-day replacement, original packaging"",""support"":""Email only, 48-hour response"",""weightGrams"":220,""material"":""Anodised aluminium"",""colour"":""Matte Black"",""modelYear"":2021}",Pack,"[{""id"":""o1"",""label"":""1-pack""},{""id"":""o2"",""label"":""2-pack""},{""id"":""o3"",""label"":""3-pack""},{""id"":""o4"",""label"":""4-pack""}]"
2716,solvane-range-extender-duo,Solvane Range Extender Duo,Solvane,Networking,SK-2716-SO,"The Solvane Range Extender Duo. A dependable networking pick with a clean, no-nonsense design and the everyday features you actually use.","{""warranty"":""3 years limited warranty"",""inTheBox"":""Range Extender, Warranty card, Wall-mount kit, Power adapter, Ethernet cable"",""countryOfOrigin"":""Germany"",""returns"":""10-day replacement, original packaging"",""support"":""Phone support, 9am–6pm IST, weekdays only"",""weightGrams"":1566,""material"":""Recycled polycarbonate"",""colour"":""Oxblood"",""modelYear"":2021}",Pack,"[{""id"":""o1"",""label"":""1-pack""},{""id"":""o2"",""label"":""2-pack""}]"
2717,quarrow-powerline-adapter-duo,Quarrow Powerline Adapter Duo,Quarrow,Networking,SK-2717-QU,"The Quarrow Powerline Adapter Duo. A dependable networking pick with a clean, no-nonsense design and the everyday features you actually use.","{""warranty"":""18 months manufacturer warranty"",""inTheBox"":""Powerline Adapter, Power adapter, Setup guide"",""countryOfOrigin"":""South Korea"",""returns"":""10-day replacement, original packaging"",""support"":""Email only, 48-hour response"",""weightGrams"":642,""material"":""Powder-coated steel"",""colour"":""Bone White"",""modelYear"":2024}",Pack,"[{""id"":""o1"",""label"":""1-pack""},{""id"":""o2"",""label"":""2-pack""},{""id"":""o3"",""label"":""3-pack""}]"
2718,brightwell-travel-router-duo,Brightwell Travel Router Duo,Brightwell,Networking,SK-2718-BR,"The Brightwell Travel Router Duo. A dependable networking pick with a clean, no-nonsense design and the everyday features you actually use.","{""warranty"":""1 year warranty, extendable to 2 on registration"",""inTheBox"":""Travel Router, Power adapter, Ethernet cable, Warranty card, Setup guide"",""countryOfOrigin"":""Vietnam"",""returns"":""Replacement only, on verified defect"",""support"":""In-app chat, 8am–8pm IST"",""weightGrams"":1455,""material"":""Powder-coated steel"",""colour"":""Slate Grey"",""modelYear"":2024}",Pack,"[{""id"":""o1"",""label"":""1-pack""},{""id"":""o2"",""label"":""2-pack""},{""id"":""o3"",""label"":""3-pack""}]"
2719,tamarack-nas-enclosure-duo,Tamarack NAS Enclosure Duo,Tamarack,Networking,SK-2719-TA,"The Tamarack NAS Enclosure Duo. A dependable networking pick with a clean, no-nonsense design and the everyday features you actually use.","{""warranty"":""2 years international warranty"",""inTheBox"":""NAS Enclosure, Setup guide, Warranty card, Power adapter"",""countryOfOrigin"":""Portugal"",""returns"":""30-day return, original packaging"",""support"":""Email and chat, 9am–7pm IST"",""weightGrams"":2036,""material"":""Powder-coated steel"",""colour"":""Slate Grey"",""modelYear"":2023}",Pack,"[{""id"":""o1"",""label"":""1-pack""},{""id"":""o2"",""label"":""2-pack""},{""id"":""o3"",""label"":""3-pack""},{""id"":""o4"",""label"":""4-pack""}]"
2720,veloria-5g-hotspot-duo,Veloria 5G Hotspot Duo,Veloria,Networking,SK-2720-VE,"The Veloria 5G Hotspot Duo. A dependable networking pick with a clean, no-nonsense design and the everyday features you actually use.","{""warranty"":""6 months manufacturer warranty"",""inTheBox"":""5G Hotspot, Setup guide, Wall-mount kit, Power adapter, Ethernet cable"",""countryOfOrigin"":""India"",""returns"":""7-day replacement, unopened"",""support"":""In-app chat, 8am–8pm IST"",""weightGrams"":1479,""material"":""Recycled polycarbonate"",""colour"":""Oxblood"",""modelYear"":2023}",Pack,"[{""id"":""o1"",""label"":""1-pack""},{""id"":""o2"",""label"":""2-pack""}]"
2721,orbisk-mirrorless-camera-aero,Orbisk Mirrorless Camera Aero,Orbisk,Cameras,SK-2721-OR,"The Orbisk Mirrorless Camera Aero. A dependable cameras pick with a clean, no-nonsense design and the everyday features you actually use.","{""warranty"":""2 years international warranty"",""inTheBox"":""Mirrorless Camera, Microfibre cloth, Mounting adapter, Neck strap"",""countryOfOrigin"":""Vietnam"",""returns"":""15-day replacement, unopened"",""support"":""Phone support, 9am–6pm IST, weekdays only"",""weightGrams"":1082,""material"":""Glass-fibre composite"",""colour"":""Clay"",""modelYear"":2023}",Kit,"[{""id"":""o1"",""label"":""Body only""},{""id"":""o2"",""label"":""Standard kit""}]"
2722,junova-action-camera-aero,Junova Action Camera Aero,Junova,Cameras,SK-2722-JU,"The Junova Action Camera Aero. A dependable cameras pick with a clean, no-nonsense design and the everyday features you actually use.","{""warranty"":""2 years manufacturer warranty"",""inTheBox"":""Action Camera, Lens cap, Quick-start guide"",""countryOfOrigin"":""India"",""returns"":""15-day replacement, unopened"",""support"":""24×7 chat support"",""weightGrams"":673,""material"":""Polycarbonate with rubber grip"",""colour"":""Sandstone"",""modelYear"":2025}",Kit,"[{""id"":""o1"",""label"":""Body only""},{""id"":""o2"",""label"":""Standard kit""}]"
2723,halvard-instant-camera-aero,Halvard Instant Camera Aero,Halvard,Cameras,SK-2723-HA,"The Halvard Instant Camera Aero. A dependable cameras pick with a clean, no-nonsense design and the everyday features you actually use.","{""warranty"":""1 year warranty, extendable to 2 on registration"",""inTheBox"":""Instant Camera, USB-C cable, Microfibre cloth"",""countryOfOrigin"":""Vietnam"",""returns"":""30-day return, original packaging"",""support"":""Email only, 48-hour response"",""weightGrams"":139,""material"":""Glass-fibre composite"",""colour"":""Ice Blue"",""modelYear"":2023}",Kit,"[{""id"":""o1"",""label"":""Body only""},{""id"":""o2"",""label"":""Standard kit""},{""id"":""o3"",""label"":""Creator kit""},{""id"":""o4"",""label"":""Pro kit""}]"
2724,redwick-vlog-camera-aero,Redwick Vlog Camera Aero,Redwick,Cameras,SK-2724-RE,"The Redwick Vlog Camera Aero. A dependable cameras pick with a clean, no-nonsense design and the everyday features you actually use.","{""warranty"":""18 months manufacturer warranty"",""inTheBox"":""Vlog Camera, Quick-start guide, Mounting adapter, Neck strap, Microfibre cloth"",""countryOfOrigin"":""Vietnam"",""returns"":""10-day replacement, original packaging"",""support"":""Phone and email, 10am–6pm IST, Mon–Sat"",""weightGrams"":651,""material"":""Polycarbonate with rubber grip"",""colour"":""Oxblood"",""modelYear"":2023}",Kit,"[{""id"":""o1"",""label"":""Body only""},{""id"":""o2"",""label"":""Standard kit""},{""id"":""o3"",""label"":""Creator kit""},{""id"":""o4"",""label"":""Pro kit""}]"
2725,mosella-film-scanner-aero,Mosella Film Scanner Aero,Mosella,Cameras,SK-2725-MO,"The Mosella Film Scanner Aero. A dependable cameras pick with a clean, no-nonsense design and the everyday features you actually use.","{""warranty"":""1 year manufacturer warranty"",""inTheBox"":""Film Scanner, Rechargeable battery, Lens cap"",""countryOfOrigin"":""China"",""returns"":""14-day return, restocking fee applies"",""support"":""Email only, 48-hour response"",""weightGrams"":940,""material"":""Magnesium alloy"",""colour"":""Oxblood"",""modelYear"":2022}",Kit,"[{""id"":""o1"",""label"":""Body only""},{""id"":""o2"",""label"":""Standard kit""},{""id"":""o3"",""label"":""Creator kit""}]"
2726,tundrel-dash-cam-aero,Tundrel Dash Cam Aero,Tundrel,Cameras,SK-2726-TU,"The Tundrel Dash Cam Aero. A dependable cameras pick with a clean, no-nonsense design and the everyday features you actually use.","{""warranty"":""2 years manufacturer warranty"",""inTheBox"":""Dash Cam, Mounting adapter, Rechargeable battery, Quick-start guide, Microfibre cloth"",""countryOfOrigin"":""China"",""returns"":""7-day return or replacement"",""support"":""24×7 chat support"",""weightGrams"":393,""material"":""Anodised aluminium"",""colour"":""Olive"",""modelYear"":2021}",Kit,"[{""id"":""o1"",""label"":""Body only""},{""id"":""o2"",""label"":""Standard kit""}]"
2727,lumeno-trail-camera-aero,Lumeno Trail Camera Aero,Lumeno,Cameras,SK-2727-LU,"The Lumeno Trail Camera Aero. A dependable cameras pick with a clean, no-nonsense design and the everyday features you actually use.","{""warranty"":""5 years limited warranty"",""inTheBox"":""Trail Camera, Lens cap, Rechargeable battery"",""countryOfOrigin"":""Portugal"",""returns"":""7-day return or replacement"",""support"":""Email and chat, 9am–7pm IST"",""weightGrams"":844,""material"":""Magnesium alloy"",""colour"":""Bone White"",""modelYear"":2023}",Kit,"[{""id"":""o1"",""label"":""Body only""},{""id"":""o2"",""label"":""Standard kit""},{""id"":""o3"",""label"":""Creator kit""}]"
2728,saffrix-gimbal-aero,Saffrix Gimbal Aero,Saffrix,Cameras,SK-2728-SA,"The Saffrix Gimbal Aero. A dependable cameras pick with a clean, no-nonsense design and the everyday features you actually use.","{""warranty"":""6 months manufacturer warranty"",""inTheBox"":""Gimbal, Mounting adapter, Rechargeable battery"",""countryOfOrigin"":""Czechia"",""returns"":""14-day return, restocking fee applies"",""support"":""Email and chat, 9am–7pm IST"",""weightGrams"":758,""material"":""Glass-fibre composite"",""colour"":""Oxblood"",""modelYear"":2025}",Kit,"[{""id"":""o1"",""label"":""Body only""},{""id"":""o2"",""label"":""Standard kit""},{""id"":""o3"",""label"":""Creator kit""},{""id"":""o4"",""label"":""Pro kit""}]"
2729,pinecrest-tablet-aero,Pinecrest Tablet Aero,Pinecrest,Tablets,SK-2729-PI,"The Pinecrest Tablet Aero. A dependable tablets pick with a clean, no-nonsense design and the everyday features you actually use.","{""warranty"":""18 months manufacturer warranty"",""inTheBox"":""Tablet, Quick-start guide, Folio sleeve"",""countryOfOrigin"":""South Korea"",""returns"":""15-day replacement, unopened"",""support"":""Phone and email, 10am–6pm IST, Mon–Sat"",""weightGrams"":542,""material"":""Anodised aluminium"",""colour"":""Ice Blue"",""modelYear"":2021}",Storage,"[{""id"":""o1"",""label"":""64 GB""},{""id"":""o2"",""label"":""128 GB""}]"
2730,solvane-e-reader-aero,Solvane E-Reader Aero,Solvane,Tablets,SK-2730-SO,"The Solvane E-Reader Aero. A dependable tablets pick with a clean, no-nonsense design and the everyday features you actually use.","{""warranty"":""5 years limited warranty"",""inTheBox"":""E-Reader, Stylus, 20W adapter, Quick-start guide"",""countryOfOrigin"":""Indonesia"",""returns"":""15-day replacement, unopened"",""support"":""Email, chat and phone, 9am–9pm IST"",""weightGrams"":754,""material"":""Magnesium alloy"",""colour"":""Pewter"",""modelYear"":2024}",Storage,"[{""id"":""o1"",""label"":""64 GB""},{""id"":""o2"",""label"":""128 GB""},{""id"":""o3"",""label"":""256 GB""},{""id"":""o4"",""label"":""512 GB""}]"
2731,quarrow-drawing-tablet-aero,Quarrow Drawing Tablet Aero,Quarrow,Tablets,SK-2731-QU,"The Quarrow Drawing Tablet Aero. A dependable tablets pick with a clean, no-nonsense design and the everyday features you actually use.","{""warranty"":""2 years manufacturer warranty"",""inTheBox"":""Drawing Tablet, Folio sleeve, Stylus, USB-C cable"",""countryOfOrigin"":""Mexico"",""returns"":""14-day return, restocking fee applies"",""support"":""Phone and email, 10am–6pm IST, Mon–Sat"",""weightGrams"":303,""material"":""Magnesium alloy"",""colour"":""Sandstone"",""modelYear"":2021}",Storage,"[{""id"":""o1"",""label"":""64 GB""},{""id"":""o2"",""label"":""128 GB""}]"
2732,brightwell-kids-tablet-aero,Brightwell Kids Tablet Aero,Brightwell,Tablets,SK-2732-BR,"The Brightwell Kids Tablet Aero. A dependable tablets pick with a clean, no-nonsense design and the everyday features you actually use.","{""warranty"":""1 year manufacturer warranty"",""inTheBox"":""Kids Tablet, Folio sleeve, 20W adapter, SIM tool"",""countryOfOrigin"":""Portugal"",""returns"":""15-day replacement, unopened"",""support"":""Email only, 48-hour response"",""weightGrams"":510,""material"":""Magnesium alloy"",""colour"":""Slate Grey"",""modelYear"":2023}",Storage,"[{""id"":""o1"",""label"":""64 GB""},{""id"":""o2"",""label"":""128 GB""},{""id"":""o3"",""label"":""256 GB""},{""id"":""o4"",""label"":""512 GB""}]"
2733,tamarack-note-pad-aero,Tamarack Note Pad Aero,Tamarack,Tablets,SK-2733-TA,"The Tamarack Note Pad Aero. A dependable tablets pick with a clean, no-nonsense design and the everyday features you actually use.","{""warranty"":""5 years limited warranty"",""inTheBox"":""Note Pad, Stylus, USB-C cable, SIM tool"",""countryOfOrigin"":""Germany"",""returns"":""7-day replacement, unopened"",""support"":""Phone and email, 10am–6pm IST, Mon–Sat"",""weightGrams"":769,""material"":""Recycled aluminium"",""colour"":""Bone White"",""modelYear"":2024}",Storage,"[{""id"":""o1"",""label"":""64 GB""},{""id"":""o2"",""label"":""128 GB""}]"
2734,veloria-slate-aero,Veloria Slate Aero,Veloria,Tablets,SK-2734-VE,"The Veloria Slate Aero. A dependable tablets pick with a clean, no-nonsense design and the everyday features you actually use.","{""warranty"":""3 years limited warranty"",""inTheBox"":""Slate, Stylus, Folio sleeve, USB-C cable"",""countryOfOrigin"":""Vietnam"",""returns"":""7-day return or replacement"",""support"":""24×7 chat support"",""weightGrams"":805,""material"":""Anodised aluminium"",""colour"":""Bone White"",""modelYear"":2025}",Storage,"[{""id"":""o1"",""label"":""64 GB""},{""id"":""o2"",""label"":""128 GB""}]"
2735,orbisk-foldable-tablet-aero,Orbisk Foldable Tablet Aero,Orbisk,Tablets,SK-2735-OR,"The Orbisk Foldable Tablet Aero. A dependable tablets pick with a clean, no-nonsense design and the everyday features you actually use.","{""warranty"":""6 months manufacturer warranty"",""inTheBox"":""Foldable Tablet, Stylus, 20W adapter"",""countryOfOrigin"":""Malaysia"",""returns"":""30-day return, original packaging"",""support"":""Email only, 48-hour response"",""weightGrams"":332,""material"":""Anodised aluminium"",""colour"":""Slate Grey"",""modelYear"":2021}",Storage,"[{""id"":""o1"",""label"":""64 GB""},{""id"":""o2"",""label"":""128 GB""}]"
2736,junova-rugged-tablet-aero,Junova Rugged Tablet Aero,Junova,Tablets,SK-2736-JU,"The Junova Rugged Tablet Aero. A dependable tablets pick with a clean, no-nonsense design and the everyday features you actually use.","{""warranty"":""6 months manufacturer warranty"",""inTheBox"":""Rugged Tablet, 20W adapter, Stylus"",""countryOfOrigin"":""South Korea"",""returns"":""7-day return or replacement"",""support"":""Phone support, 9am–6pm IST, weekdays only"",""weightGrams"":579,""material"":""Polycarbonate with glass front"",""colour"":""Oxblood"",""modelYear"":2025}",Storage,"[{""id"":""o1"",""label"":""64 GB""},{""id"":""o2"",""label"":""128 GB""},{""id"":""o3"",""label"":""256 GB""}]"
2737,halvard-controller-aero,Halvard Controller Aero,Halvard,Gaming,SK-2737-HA,"The Halvard Controller Aero. A dependable gaming pick with a clean, no-nonsense design and the everyday features you actually use.","{""warranty"":""2 years international warranty"",""inTheBox"":""Controller, Quick-start guide, Wireless dongle"",""countryOfOrigin"":""Indonesia"",""returns"":""Replacement only, on verified defect"",""support"":""24×7 chat support"",""weightGrams"":2891,""material"":""Aluminium and ABS"",""colour"":""Sandstone"",""modelYear"":2025}",Edition,"[{""id"":""o1"",""label"":""Standard""},{""id"":""o2"",""label"":""Special Edition""},{""id"":""o3"",""label"":""Pro Bundle""},{""id"":""o4"",""label"":""Collector Bundle""}]"
2738,redwick-handheld-console-aero,Redwick Handheld Console Aero,Redwick,Gaming,SK-2738-RE,"The Redwick Handheld Console Aero. A dependable gaming pick with a clean, no-nonsense design and the everyday features you actually use.","{""warranty"":""1 year manufacturer warranty"",""inTheBox"":""Handheld Console, Spare thumbsticks, Wireless dongle"",""countryOfOrigin"":""Mexico"",""returns"":""Replacement only, on verified defect"",""support"":""Phone support, 9am–6pm IST, weekdays only"",""weightGrams"":1425,""material"":""ABS with soft-touch coating"",""colour"":""Sandstone"",""modelYear"":2023}",Edition,"[{""id"":""o1"",""label"":""Standard""},{""id"":""o2"",""label"":""Special Edition""}]"
2739,mosella-racing-wheel-aero,Mosella Racing Wheel Aero,Mosella,Gaming,SK-2739-MO,"The Mosella Racing Wheel Aero. A dependable gaming pick with a clean, no-nonsense design and the everyday features you actually use.","{""warranty"":""2 years international warranty"",""inTheBox"":""Racing Wheel, Sticker sheet, Wireless dongle, Spare thumbsticks, USB-C cable"",""countryOfOrigin"":""Taiwan"",""returns"":""30-day return, original packaging"",""support"":""24×7 chat support"",""weightGrams"":4468,""material"":""Aluminium and ABS"",""colour"":""Slate Grey"",""modelYear"":2024}",Edition,"[{""id"":""o1"",""label"":""Standard""},{""id"":""o2"",""label"":""Special Edition""},{""id"":""o3"",""label"":""Pro Bundle""},{""id"":""o4"",""label"":""Collector Bundle""}]"
2740,tundrel-arcade-stick-aero,Tundrel Arcade Stick Aero,Tundrel,Gaming,SK-2740-TU,"The Tundrel Arcade Stick Aero. A dependable gaming pick with a clean, no-nonsense design and the everyday features you actually use.","{""warranty"":""1 year warranty, extendable to 2 on registration"",""inTheBox"":""Arcade Stick, Spare thumbsticks, USB-C cable, Sticker sheet, Wireless dongle"",""countryOfOrigin"":""Malaysia"",""returns"":""Replacement only, on verified defect"",""support"":""Email, chat and phone, 9am–9pm IST"",""weightGrams"":437,""material"":""Aluminium and ABS"",""colour"":""Oxblood"",""modelYear"":2023}",Edition,"[{""id"":""o1"",""label"":""Standard""},{""id"":""o2"",""label"":""Special Edition""},{""id"":""o3"",""label"":""Pro Bundle""}]"
2741,lumeno-gaming-headset-aero,Lumeno Gaming Headset Aero,Lumeno,Gaming,SK-2741-LU,"The Lumeno Gaming Headset Aero. A dependable gaming pick with a clean, no-nonsense design and the everyday features you actually use.","{""warranty"":""1 year manufacturer warranty"",""inTheBox"":""Gaming Headset, Spare thumbsticks, Carry case, Wireless dongle, Sticker sheet"",""countryOfOrigin"":""Mexico"",""returns"":""7-day return or replacement"",""support"":""Email only, 48-hour response"",""weightGrams"":934,""material"":""Aluminium and ABS"",""colour"":""Graphite"",""modelYear"":2021}",Edition,"[{""id"":""o1"",""label"":""Standard""},{""id"":""o2"",""label"":""Special Edition""},{""id"":""o3"",""label"":""Pro Bundle""}]"
2742,saffrix-capture-card-aero,Saffrix Capture Card Aero,Saffrix,Gaming,SK-2742-SA,"The Saffrix Capture Card Aero. A dependable gaming pick with a clean, no-nonsense design and the everyday features you actually use.","{""warranty"":""1 year warranty, extendable to 2 on registration"",""inTheBox"":""Capture Card, Carry case, Quick-start guide, USB-C cable, Sticker sheet"",""countryOfOrigin"":""Indonesia"",""returns"":""14-day return, restocking fee applies"",""support"":""24×7 chat support"",""weightGrams"":4408,""material"":""ABS with soft-touch coating"",""colour"":""Forest"",""modelYear"":2025}",Edition,"[{""id"":""o1"",""label"":""Standard""},{""id"":""o2"",""label"":""Special Edition""}]"
2743,pinecrest-flight-stick-aero,Pinecrest Flight Stick Aero,Pinecrest,Gaming,SK-2743-PI,"The Pinecrest Flight Stick Aero. A dependable gaming pick with a clean, no-nonsense design and the everyday features you actually use.","{""warranty"":""2 years manufacturer warranty"",""inTheBox"":""Flight Stick, Quick-start guide, Carry case"",""countryOfOrigin"":""Indonesia"",""returns"":""Replacement only, on verified defect"",""support"":""Email only, 48-hour response"",""weightGrams"":1943,""material"":""ABS with soft-touch coating"",""colour"":""Clay"",""modelYear"":2022}",Edition,"[{""id"":""o1"",""label"":""Standard""},{""id"":""o2"",""label"":""Special Edition""},{""id"":""o3"",""label"":""Pro Bundle""},{""id"":""o4"",""label"":""Collector Bundle""}]"
2744,solvane-vr-headset-aero,Solvane VR Headset Aero,Solvane,Gaming,SK-2744-SO,"The Solvane VR Headset Aero. A dependable gaming pick with a clean, no-nonsense design and the everyday features you actually use.","{""warranty"":""2 years manufacturer warranty"",""inTheBox"":""VR Headset, Carry case, USB-C cable, Spare thumbsticks"",""countryOfOrigin"":""Portugal"",""returns"":""Replacement only, on verified defect"",""support"":""Email and chat, 9am–7pm IST"",""weightGrams"":3827,""material"":""Aluminium and ABS"",""colour"":""Midnight Navy"",""modelYear"":2022}",Edition,"[{""id"":""o1"",""label"":""Standard""},{""id"":""o2"",""label"":""Special Edition""},{""id"":""o3"",""label"":""Pro Bundle""},{""id"":""o4"",""label"":""Collector Bundle""}]"
2745,quarrow-dumbbell-set-aero,Quarrow Dumbbell Set Aero,Quarrow,Fitness,SK-2745-QU,"The Quarrow Dumbbell Set Aero. A dependable fitness pick with a clean, no-nonsense design and the everyday features you actually use.","{""warranty"":""2 years manufacturer warranty"",""inTheBox"":""Dumbbell Set, Exercise chart, Assembly tools"",""countryOfOrigin"":""China"",""returns"":""15-day replacement, unopened"",""support"":""Phone and email, 10am–6pm IST, Mon–Sat"",""weightGrams"":17617,""material"":""TPE foam"",""colour"":""Olive"",""modelYear"":2024}",Level,"[{""id"":""o1"",""label"":""Starter""},{""id"":""o2"",""label"":""Regular""},{""id"":""o3"",""label"":""Advanced""}]"
2746,brightwell-yoga-mat-aero,Brightwell Yoga Mat Aero,Brightwell,Fitness,SK-2746-BR,"The Brightwell Yoga Mat Aero. A dependable fitness pick with a clean, no-nonsense design and the everyday features you actually use.","{""warranty"":""1 year warranty, extendable to 2 on registration"",""inTheBox"":""Yoga Mat, Anchor strap, Assembly tools, Care card"",""countryOfOrigin"":""China"",""returns"":""Replacement only, on verified defect"",""support"":""24×7 chat support"",""weightGrams"":372,""material"":""Natural rubber"",""colour"":""Bone White"",""modelYear"":2023}",Level,"[{""id"":""o1"",""label"":""Starter""},{""id"":""o2"",""label"":""Regular""},{""id"":""o3"",""label"":""Advanced""}]"
2747,tamarack-rowing-machine-aero,Tamarack Rowing Machine Aero,Tamarack,Fitness,SK-2747-TA,"The Tamarack Rowing Machine Aero. A dependable fitness pick with a clean, no-nonsense design and the everyday features you actually use.","{""warranty"":""6 months manufacturer warranty"",""inTheBox"":""Rowing Machine, Assembly tools, Anchor strap"",""countryOfOrigin"":""Indonesia"",""returns"":""14-day return, restocking fee applies"",""support"":""24×7 chat support"",""weightGrams"":13977,""material"":""EVA foam"",""colour"":""Ice Blue"",""modelYear"":2021}",Level,"[{""id"":""o1"",""label"":""Starter""},{""id"":""o2"",""label"":""Regular""}]"
2748,veloria-resistance-bands-aero,Veloria Resistance Bands Aero,Veloria,Fitness,SK-2748-VE,"The Veloria Resistance Bands Aero. A dependable fitness pick with a clean, no-nonsense design and the everyday features you actually use.","{""warranty"":""1 year warranty, extendable to 2 on registration"",""inTheBox"":""Resistance Bands, Grip pads, Care card, Assembly tools"",""countryOfOrigin"":""South Korea"",""returns"":""14-day return, restocking fee applies"",""support"":""In-app chat, 8am–8pm IST"",""weightGrams"":25186,""material"":""Natural rubber"",""colour"":""Forest"",""modelYear"":2025}",Level,"[{""id"":""o1"",""label"":""Starter""},{""id"":""o2"",""label"":""Regular""},{""id"":""o3"",""label"":""Advanced""},{""id"":""o4"",""label"":""Elite""}]"
2749,orbisk-kettlebell-aero,Orbisk Kettlebell Aero,Orbisk,Fitness,SK-2749-OR,"The Orbisk Kettlebell Aero. A dependable fitness pick with a clean, no-nonsense design and the everyday features you actually use.","{""warranty"":""18 months manufacturer warranty"",""inTheBox"":""Kettlebell, Anchor strap, Exercise chart, Assembly tools"",""countryOfOrigin"":""Czechia"",""returns"":""14-day return, restocking fee applies"",""support"":""Email and chat, 9am–7pm IST"",""weightGrams"":38528,""material"":""Powder-coated steel"",""colour"":""Ice Blue"",""modelYear"":2022}",Level,"[{""id"":""o1"",""label"":""Starter""},{""id"":""o2"",""label"":""Regular""},{""id"":""o3"",""label"":""Advanced""},{""id"":""o4"",""label"":""Elite""}]"
2750,junova-spin-bike-aero,Junova Spin Bike Aero,Junova,Fitness,SK-2750-JU,"The Junova Spin Bike Aero. A dependable fitness pick with a clean, no-nonsense design and the everyday features you actually use.","{""warranty"":""5 years limited warranty"",""inTheBox"":""Spin Bike, Grip pads, Exercise chart, Storage bag, Care card"",""countryOfOrigin"":""Indonesia"",""returns"":""Replacement only, on verified defect"",""support"":""Phone and email, 10am–6pm IST, Mon–Sat"",""weightGrams"":5935,""material"":""EVA foam"",""colour"":""Oxblood"",""modelYear"":2025}",Level,"[{""id"":""o1"",""label"":""Starter""},{""id"":""o2"",""label"":""Regular""}]"
2751,halvard-foam-roller-aero,Halvard Foam Roller Aero,Halvard,Fitness,SK-2751-HA,"The Halvard Foam Roller Aero. A dependable fitness pick with a clean, no-nonsense design and the everyday features you actually use.","{""warranty"":""2 years manufacturer warranty"",""inTheBox"":""Foam Roller, Exercise chart, Storage bag, Grip pads, Care card"",""countryOfOrigin"":""Vietnam"",""returns"":""7-day replacement, unopened"",""support"":""Email and chat, 9am–7pm IST"",""weightGrams"":37043,""material"":""Cast iron"",""colour"":""Forest"",""modelYear"":2024}",Level,"[{""id"":""o1"",""label"":""Starter""},{""id"":""o2"",""label"":""Regular""},{""id"":""o3"",""label"":""Advanced""},{""id"":""o4"",""label"":""Elite""}]"
2752,redwick-pull-up-bar-aero,Redwick Pull-up Bar Aero,Redwick,Fitness,SK-2752-RE,"The Redwick Pull-up Bar Aero. A dependable fitness pick with a clean, no-nonsense design and the everyday features you actually use.","{""warranty"":""18 months manufacturer warranty"",""inTheBox"":""Pull-up Bar, Storage bag, Grip pads, Exercise chart"",""countryOfOrigin"":""Germany"",""returns"":""10-day replacement, original packaging"",""support"":""Email, chat and phone, 9am–9pm IST"",""weightGrams"":3637,""material"":""Cast iron"",""colour"":""Graphite"",""modelYear"":2022}",Level,"[{""id"":""o1"",""label"":""Starter""},{""id"":""o2"",""label"":""Regular""}]"
2753,mosella-tent-aero,Mosella Tent Aero,Mosella,Outdoor,SK-2753-MO,"The Mosella Tent Aero. A dependable outdoor pick with a clean, no-nonsense design and the everyday features you actually use.","{""warranty"":""5 years limited warranty"",""inTheBox"":""Tent, Pegs, Repair kit, Carabiner"",""countryOfOrigin"":""Taiwan"",""returns"":""14-day return, restocking fee applies"",""support"":""Email only, 48-hour response"",""weightGrams"":1002,""material"":""Ripstop polyester"",""colour"":""Pewter"",""modelYear"":2023}",Capacity,"[{""id"":""o1"",""label"":""Solo""},{""id"":""o2"",""label"":""Duo""},{""id"":""o3"",""label"":""Family""}]"
2754,tundrel-sleeping-bag-aero,Tundrel Sleeping Bag Aero,Tundrel,Outdoor,SK-2754-TU,"The Tundrel Sleeping Bag Aero. A dependable outdoor pick with a clean, no-nonsense design and the everyday features you actually use.","{""warranty"":""5 years limited warranty"",""inTheBox"":""Sleeping Bag, Carabiner, Care card"",""countryOfOrigin"":""Vietnam"",""returns"":""30-day return, original packaging"",""support"":""Email, chat and phone, 9am–9pm IST"",""weightGrams"":4437,""material"":""Recycled PET weave"",""colour"":""Oxblood"",""modelYear"":2025}",Capacity,"[{""id"":""o1"",""label"":""Solo""},{""id"":""o2"",""label"":""Duo""}]"
2755,lumeno-camp-stove-aero,Lumeno Camp Stove Aero,Lumeno,Outdoor,SK-2755-LU,"The Lumeno Camp Stove Aero. A dependable outdoor pick with a clean, no-nonsense design and the everyday features you actually use.","{""warranty"":""18 months manufacturer warranty"",""inTheBox"":""Camp Stove, Carabiner, Care card"",""countryOfOrigin"":""Taiwan"",""returns"":""30-day return, original packaging"",""support"":""In-app chat, 8am–8pm IST"",""weightGrams"":1140,""material"":""Recycled PET weave"",""colour"":""Sandstone"",""modelYear"":2024}",Capacity,"[{""id"":""o1"",""label"":""Solo""},{""id"":""o2"",""label"":""Duo""},{""id"":""o3"",""label"":""Family""},{""id"":""o4"",""label"":""Group""}]"
2756,saffrix-trekking-poles-aero,Saffrix Trekking Poles Aero,Saffrix,Outdoor,SK-2756-SA,"The Saffrix Trekking Poles Aero. A dependable outdoor pick with a clean, no-nonsense design and the everyday features you actually use.","{""warranty"":""18 months manufacturer warranty"",""inTheBox"":""Trekking Poles, Carabiner, Guy lines, Pegs"",""countryOfOrigin"":""Czechia"",""returns"":""14-day return, restocking fee applies"",""support"":""In-app chat, 8am–8pm IST"",""weightGrams"":4310,""material"":""Ripstop nylon"",""colour"":""Slate Grey"",""modelYear"":2025}",Capacity,"[{""id"":""o1"",""label"":""Solo""},{""id"":""o2"",""label"":""Duo""},{""id"":""o3"",""label"":""Family""},{""id"":""o4"",""label"":""Group""}]"
2757,pinecrest-headlamp-aero,Pinecrest Headlamp Aero,Pinecrest,Outdoor,SK-2757-PI,"The Pinecrest Headlamp Aero. A dependable outdoor pick with a clean, no-nonsense design and the everyday features you actually use.","{""warranty"":""18 months manufacturer warranty"",""inTheBox"":""Headlamp, Pegs, Guy lines, Stuff sack, Carabiner"",""countryOfOrigin"":""South Korea"",""returns"":""14-day return, restocking fee applies"",""support"":""In-app chat, 8am–8pm IST"",""weightGrams"":3452,""material"":""Aluminium alloy"",""colour"":""Clay"",""modelYear"":2024}",Capacity,"[{""id"":""o1"",""label"":""Solo""},{""id"":""o2"",""label"":""Duo""},{""id"":""o3"",""label"":""Family""},{""id"":""o4"",""label"":""Group""}]"
2758,solvane-cooler-box-aero,Solvane Cooler Box Aero,Solvane,Outdoor,SK-2758-SO,"The Solvane Cooler Box Aero. A dependable outdoor pick with a clean, no-nonsense design and the everyday features you actually use.","{""warranty"":""2 years international warranty"",""inTheBox"":""Cooler Box, Pegs, Carabiner, Guy lines, Repair kit"",""countryOfOrigin"":""Czechia"",""returns"":""30-day return, original packaging"",""support"":""24×7 chat support"",""weightGrams"":4324,""material"":""Recycled PET weave"",""colour"":""Oxblood"",""modelYear"":2022}",Capacity,"[{""id"":""o1"",""label"":""Solo""},{""id"":""o2"",""label"":""Duo""},{""id"":""o3"",""label"":""Family""}]"
2759,quarrow-hammock-aero,Quarrow Hammock Aero,Quarrow,Outdoor,SK-2759-QU,"The Quarrow Hammock Aero. A dependable outdoor pick with a clean, no-nonsense design and the everyday features you actually use.","{""warranty"":""2 years international warranty"",""inTheBox"":""Hammock, Carabiner, Repair kit"",""countryOfOrigin"":""India"",""returns"":""15-day replacement, unopened"",""support"":""Email only, 48-hour response"",""weightGrams"":925,""material"":""Ripstop polyester"",""colour"":""Oxblood"",""modelYear"":2024}",Capacity,"[{""id"":""o1"",""label"":""Solo""},{""id"":""o2"",""label"":""Duo""}]"
2760,brightwell-camp-chair-aero,Brightwell Camp Chair Aero,Brightwell,Outdoor,SK-2760-BR,"The Brightwell Camp Chair Aero. A dependable outdoor pick with a clean, no-nonsense design and the everyday features you actually use.","{""warranty"":""3 years limited warranty"",""inTheBox"":""Camp Chair, Stuff sack, Care card"",""countryOfOrigin"":""Thailand"",""returns"":""7-day replacement, unopened"",""support"":""Email, chat and phone, 9am–9pm IST"",""weightGrams"":3121,""material"":""Stainless steel"",""colour"":""Clay"",""modelYear"":2021}",Capacity,"[{""id"":""o1"",""label"":""Solo""},{""id"":""o2"",""label"":""Duo""},{""id"":""o3"",""label"":""Family""}]"
2761,tamarack-desk-chair-aero,Tamarack Desk Chair Aero,Tamarack,Office,SK-2761-TA,"The Tamarack Desk Chair Aero. A dependable office pick with a clean, no-nonsense design and the everyday features you actually use.","{""warranty"":""1 year manufacturer warranty"",""inTheBox"":""Desk Chair, Wall anchor, Floor protectors"",""countryOfOrigin"":""Indonesia"",""returns"":""10-day replacement, original packaging"",""support"":""24×7 chat support"",""weightGrams"":3541,""material"":""Mesh and aluminium"",""colour"":""Olive"",""modelYear"":2023}",Finish,"[{""id"":""o1"",""label"":""Oak""},{""id"":""o2"",""label"":""Walnut""},{""id"":""o3"",""label"":""Charcoal""},{""id"":""o4"",""label"":""White Ash""}]"
2762,veloria-standing-desk-aero,Veloria Standing Desk Aero,Veloria,Office,SK-2762-VE,"The Veloria Standing Desk Aero. A dependable office pick with a clean, no-nonsense design and the everyday features you actually use.","{""warranty"":""2 years international warranty"",""inTheBox"":""Standing Desk, Assembly tools, Hardware pack, Assembly guide"",""countryOfOrigin"":""Czechia"",""returns"":""7-day return or replacement"",""support"":""Email only, 48-hour response"",""weightGrams"":14443,""material"":""Bamboo composite"",""colour"":""Slate Grey"",""modelYear"":2023}",Finish,"[{""id"":""o1"",""label"":""Oak""},{""id"":""o2"",""label"":""Walnut""},{""id"":""o3"",""label"":""Charcoal""}]"
2763,orbisk-monitor-arm-aero,Orbisk Monitor Arm Aero,Orbisk,Office,SK-2763-OR,"The Orbisk Monitor Arm Aero. A dependable office pick with a clean, no-nonsense design and the everyday features you actually use.","{""warranty"":""5 years limited warranty"",""inTheBox"":""Monitor Arm, Hardware pack, Wall anchor"",""countryOfOrigin"":""Taiwan"",""returns"":""14-day return, restocking fee applies"",""support"":""Email, chat and phone, 9am–9pm IST"",""weightGrams"":9318,""material"":""Solid beech"",""colour"":""Ice Blue"",""modelYear"":2021}",Finish,"[{""id"":""o1"",""label"":""Oak""},{""id"":""o2"",""label"":""Walnut""}]"
2764,junova-desk-lamp-aero,Junova Desk Lamp Aero,Junova,Office,SK-2764-JU,"The Junova Desk Lamp Aero. A dependable office pick with a clean, no-nonsense design and the everyday features you actually use.","{""warranty"":""2 years manufacturer warranty"",""inTheBox"":""Desk Lamp, Wall anchor, Hardware pack"",""countryOfOrigin"":""Vietnam"",""returns"":""Replacement only, on verified defect"",""support"":""Phone support, 9am–6pm IST, weekdays only"",""weightGrams"":25566,""material"":""Mesh and aluminium"",""colour"":""Bone White"",""modelYear"":2023}",Finish,"[{""id"":""o1"",""label"":""Oak""},{""id"":""o2"",""label"":""Walnut""}]"
2765,halvard-filing-cabinet-aero,Halvard Filing Cabinet Aero,Halvard,Office,SK-2765-HA,"The Halvard Filing Cabinet Aero. A dependable office pick with a clean, no-nonsense design and the everyday features you actually use.","{""warranty"":""1 year manufacturer warranty"",""inTheBox"":""Filing Cabinet, Assembly tools, Wall anchor, Assembly guide, Floor protectors"",""countryOfOrigin"":""India"",""returns"":""30-day return, original packaging"",""support"":""Phone and email, 10am–6pm IST, Mon–Sat"",""weightGrams"":27955,""material"":""Solid beech"",""colour"":""Ice Blue"",""modelYear"":2023}",Finish,"[{""id"":""o1"",""label"":""Oak""},{""id"":""o2"",""label"":""Walnut""}]"
2766,redwick-footrest-aero,Redwick Footrest Aero,Redwick,Office,SK-2766-RE,"The Redwick Footrest Aero. A dependable office pick with a clean, no-nonsense design and the everyday features you actually use.","{""warranty"":""2 years manufacturer warranty"",""inTheBox"":""Footrest, Hardware pack, Wall anchor, Cable tray, Assembly guide"",""countryOfOrigin"":""Indonesia"",""returns"":""15-day replacement, unopened"",""support"":""Phone and email, 10am–6pm IST, Mon–Sat"",""weightGrams"":2898,""material"":""Powder-coated steel"",""colour"":""Matte Black"",""modelYear"":2022}",Finish,"[{""id"":""o1"",""label"":""Oak""},{""id"":""o2"",""label"":""Walnut""},{""id"":""o3"",""label"":""Charcoal""},{""id"":""o4"",""label"":""White Ash""}]"
2767,mosella-bookshelf-aero,Mosella Bookshelf Aero,Mosella,Office,SK-2767-MO,"The Mosella Bookshelf Aero. A dependable office pick with a clean, no-nonsense design and the everyday features you actually use.","{""warranty"":""18 months manufacturer warranty"",""inTheBox"":""Bookshelf, Cable tray, Assembly tools, Wall anchor"",""countryOfOrigin"":""India"",""returns"":""7-day replacement, unopened"",""support"":""24×7 chat support"",""weightGrams"":20433,""material"":""Solid beech"",""colour"":""Pewter"",""modelYear"":2024}",Finish,"[{""id"":""o1"",""label"":""Oak""},{""id"":""o2"",""label"":""Walnut""}]"
2768,tundrel-desk-organiser-aero,Tundrel Desk Organiser Aero,Tundrel,Office,SK-2768-TU,"The Tundrel Desk Organiser Aero. A dependable office pick with a clean, no-nonsense design and the everyday features you actually use.","{""warranty"":""2 years international warranty"",""inTheBox"":""Desk Organiser, Cable tray, Wall anchor, Assembly guide, Hardware pack"",""countryOfOrigin"":""Indonesia"",""returns"":""7-day replacement, unopened"",""support"":""Email and chat, 9am–7pm IST"",""weightGrams"":8228,""material"":""Engineered oak"",""colour"":""Oxblood"",""modelYear"":2024}",Finish,"[{""id"":""o1"",""label"":""Oak""},{""id"":""o2"",""label"":""Walnut""},{""id"":""o3"",""label"":""Charcoal""},{""id"":""o4"",""label"":""White Ash""}]"
2769,lumeno-floor-lamp-aero,Lumeno Floor Lamp Aero,Lumeno,Lighting,SK-2769-LU,"The Lumeno Floor Lamp Aero. A dependable lighting pick with a clean, no-nonsense design and the everyday features you actually use.","{""warranty"":""18 months manufacturer warranty"",""inTheBox"":""Floor Lamp, Mounting kit, Remote control, Spare diffuser, Power adapter"",""countryOfOrigin"":""Thailand"",""returns"":""15-day replacement, unopened"",""support"":""In-app chat, 8am–8pm IST"",""weightGrams"":2643,""material"":""Silicone diffuser"",""colour"":""Olive"",""modelYear"":2024}",Tone,"[{""id"":""o1"",""label"":""Warm white""},{""id"":""o2"",""label"":""Neutral white""},{""id"":""o3"",""label"":""Tunable white""},{""id"":""o4"",""label"":""Full colour""}]"
2770,saffrix-led-strip-aero,Saffrix LED Strip Aero,Saffrix,Lighting,SK-2770-SA,"The Saffrix LED Strip Aero. A dependable lighting pick with a clean, no-nonsense design and the everyday features you actually use.","{""warranty"":""3 years limited warranty"",""inTheBox"":""LED Strip, Adhesive clips, Setup guide, Remote control"",""countryOfOrigin"":""Vietnam"",""returns"":""7-day replacement, unopened"",""support"":""Phone and email, 10am–6pm IST, Mon–Sat"",""weightGrams"":4103,""material"":""Silicone diffuser"",""colour"":""Ice Blue"",""modelYear"":2024}",Tone,"[{""id"":""o1"",""label"":""Warm white""},{""id"":""o2"",""label"":""Neutral white""},{""id"":""o3"",""label"":""Tunable white""}]"
2771,pinecrest-pendant-light-aero,Pinecrest Pendant Light Aero,Pinecrest,Lighting,SK-2771-PI,"The Pinecrest Pendant Light Aero. A dependable lighting pick with a clean, no-nonsense design and the everyday features you actually use.","{""warranty"":""5 years limited warranty"",""inTheBox"":""Pendant Light, Remote control, Adhesive clips"",""countryOfOrigin"":""Thailand"",""returns"":""15-day replacement, unopened"",""support"":""Phone and email, 10am–6pm IST, Mon–Sat"",""weightGrams"":6353,""material"":""Borosilicate glass"",""colour"":""Graphite"",""modelYear"":2023}",Tone,"[{""id"":""o1"",""label"":""Warm white""},{""id"":""o2"",""label"":""Neutral white""}]"
2772,solvane-smart-panel-aero,Solvane Smart Panel Aero,Solvane,Lighting,SK-2772-SO,"The Solvane Smart Panel Aero. A dependable lighting pick with a clean, no-nonsense design and the everyday features you actually use.","{""warranty"":""2 years manufacturer warranty"",""inTheBox"":""Smart Panel, Mounting kit, Spare diffuser, Setup guide"",""countryOfOrigin"":""Thailand"",""returns"":""10-day replacement, original packaging"",""support"":""In-app chat, 8am–8pm IST"",""weightGrams"":373,""material"":""Anodised aluminium"",""colour"":""Olive"",""modelYear"":2022}",Tone,"[{""id"":""o1"",""label"":""Warm white""},{""id"":""o2"",""label"":""Neutral white""},{""id"":""o3"",""label"":""Tunable white""}]"
2773,quarrow-reading-light-aero,Quarrow Reading Light Aero,Quarrow,Lighting,SK-2773-QU,"The Quarrow Reading Light Aero. A dependable lighting pick with a clean, no-nonsense design and the everyday features you actually use.","{""warranty"":""1 year warranty, extendable to 2 on registration"",""inTheBox"":""Reading Light, Remote control, Spare diffuser, Adhesive clips, Mounting kit"",""countryOfOrigin"":""Indonesia"",""returns"":""14-day return, restocking fee applies"",""support"":""24×7 chat support"",""weightGrams"":5689,""material"":""Silicone diffuser"",""colour"":""Clay"",""modelYear"":2024}",Tone,"[{""id"":""o1"",""label"":""Warm white""},{""id"":""o2"",""label"":""Neutral white""}]"
2774,brightwell-lantern-aero,Brightwell Lantern Aero,Brightwell,Lighting,SK-2774-BR,"The Brightwell Lantern Aero. A dependable lighting pick with a clean, no-nonsense design and the everyday features you actually use.","{""warranty"":""6 months manufacturer warranty"",""inTheBox"":""Lantern, Spare diffuser, Remote control"",""countryOfOrigin"":""Thailand"",""returns"":""15-day replacement, unopened"",""support"":""Phone and email, 10am–6pm IST, Mon–Sat"",""weightGrams"":1231,""material"":""Anodised aluminium"",""colour"":""Matte Black"",""modelYear"":2021}",Tone,"[{""id"":""o1"",""label"":""Warm white""},{""id"":""o2"",""label"":""Neutral white""}]"
2775,tamarack-wall-sconce-aero,Tamarack Wall Sconce Aero,Tamarack,Lighting,SK-2775-TA,"The Tamarack Wall Sconce Aero. A dependable lighting pick with a clean, no-nonsense design and the everyday features you actually use.","{""warranty"":""6 months manufacturer warranty"",""inTheBox"":""Wall Sconce, Remote control, Power adapter"",""countryOfOrigin"":""Czechia"",""returns"":""7-day return or replacement"",""support"":""Email only, 48-hour response"",""weightGrams"":6534,""material"":""Borosilicate glass"",""colour"":""Sandstone"",""modelYear"":2021}",Tone,"[{""id"":""o1"",""label"":""Warm white""},{""id"":""o2"",""label"":""Neutral white""}]"
2776,veloria-light-bar-aero,Veloria Light Bar Aero,Veloria,Lighting,SK-2776-VE,"The Veloria Light Bar Aero. A dependable lighting pick with a clean, no-nonsense design and the everyday features you actually use.","{""warranty"":""5 years limited warranty"",""inTheBox"":""Light Bar, Spare diffuser, Power adapter, Setup guide, Remote control"",""countryOfOrigin"":""Mexico"",""returns"":""Replacement only, on verified defect"",""support"":""24×7 chat support"",""weightGrams"":4861,""material"":""Borosilicate glass"",""colour"":""Bone White"",""modelYear"":2021}",Tone,"[{""id"":""o1"",""label"":""Warm white""},{""id"":""o2"",""label"":""Neutral white""},{""id"":""o3"",""label"":""Tunable white""},{""id"":""o4"",""label"":""Full colour""}]"
2777,orbisk-hair-dryer-aero,Orbisk Hair Dryer Aero,Orbisk,Personal Care,SK-2777-OR,"The Orbisk Hair Dryer Aero. A dependable personal care pick with a clean, no-nonsense design and the everyday features you actually use.","{""warranty"":""2 years international warranty"",""inTheBox"":""Hair Dryer, Spare head, Charging stand, Guide combs"",""countryOfOrigin"":""Portugal"",""returns"":""30-day return, original packaging"",""support"":""In-app chat, 8am–8pm IST"",""weightGrams"":898,""material"":""ABS with soft-touch coating"",""colour"":""Olive"",""modelYear"":2021}",Set,"[{""id"":""o1"",""label"":""Single""},{""id"":""o2"",""label"":""Duo pack""}]"
2778,junova-beard-trimmer-aero,Junova Beard Trimmer Aero,Junova,Personal Care,SK-2778-JU,"The Junova Beard Trimmer Aero. A dependable personal care pick with a clean, no-nonsense design and the everyday features you actually use.","{""warranty"":""2 years international warranty"",""inTheBox"":""Beard Trimmer, Care guide, Guide combs, Cleaning brush"",""countryOfOrigin"":""Taiwan"",""returns"":""14-day return, restocking fee applies"",""support"":""Email only, 48-hour response"",""weightGrams"":412,""material"":""Ceramic and ABS"",""colour"":""Forest"",""modelYear"":2021}",Set,"[{""id"":""o1"",""label"":""Single""},{""id"":""o2"",""label"":""Duo pack""},{""id"":""o3"",""label"":""Travel set""}]"
2779,halvard-electric-toothbrush-aero,Halvard Electric Toothbrush Aero,Halvard,Personal Care,SK-2779-HA,"The Halvard Electric Toothbrush Aero. A dependable personal care pick with a clean, no-nonsense design and the everyday features you actually use.","{""warranty"":""1 year warranty, extendable to 2 on registration"",""inTheBox"":""Electric Toothbrush, Cleaning brush, Travel pouch"",""countryOfOrigin"":""Taiwan"",""returns"":""7-day replacement, unopened"",""support"":""In-app chat, 8am–8pm IST"",""weightGrams"":375,""material"":""Ceramic and ABS"",""colour"":""Bone White"",""modelYear"":2023}",Set,"[{""id"":""o1"",""label"":""Single""},{""id"":""o2"",""label"":""Duo pack""},{""id"":""o3"",""label"":""Travel set""}]"
2780,redwick-hair-straightener-aero,Redwick Hair Straightener Aero,Redwick,Personal Care,SK-2780-RE,"The Redwick Hair Straightener Aero. A dependable personal care pick with a clean, no-nonsense design and the everyday features you actually use.","{""warranty"":""1 year warranty, extendable to 2 on registration"",""inTheBox"":""Hair Straightener, Travel pouch, Care guide, Spare head"",""countryOfOrigin"":""Germany"",""returns"":""14-day return, restocking fee applies"",""support"":""Phone support, 9am–6pm IST, weekdays only"",""weightGrams"":570,""material"":""Ceramic and ABS"",""colour"":""Midnight Navy"",""modelYear"":2021}",Set,"[{""id"":""o1"",""label"":""Single""},{""id"":""o2"",""label"":""Duo pack""},{""id"":""o3"",""label"":""Travel set""},{""id"":""o4"",""label"":""Gift set""}]"
2781,mosella-massager-aero,Mosella Massager Aero,Mosella,Personal Care,SK-2781-MO,"The Mosella Massager Aero. A dependable personal care pick with a clean, no-nonsense design and the everyday features you actually use.","{""warranty"":""6 months manufacturer warranty"",""inTheBox"":""Massager, Charging stand, Guide combs, Spare head, Care guide"",""countryOfOrigin"":""India"",""returns"":""14-day return, restocking fee applies"",""support"":""Email, chat and phone, 9am–9pm IST"",""weightGrams"":323,""material"":""Stainless steel"",""colour"":""Clay"",""modelYear"":2021}",Set,"[{""id"":""o1"",""label"":""Single""},{""id"":""o2"",""label"":""Duo pack""},{""id"":""o3"",""label"":""Travel set""}]"
2782,tundrel-shaver-aero,Tundrel Shaver Aero,Tundrel,Personal Care,SK-2782-TU,"The Tundrel Shaver Aero. A dependable personal care pick with a clean, no-nonsense design and the everyday features you actually use.","{""warranty"":""2 years manufacturer warranty"",""inTheBox"":""Shaver, Travel pouch, Care guide, Spare head, Guide combs"",""countryOfOrigin"":""Mexico"",""returns"":""14-day return, restocking fee applies"",""support"":""Email and chat, 9am–7pm IST"",""weightGrams"":234,""material"":""ABS with soft-touch coating"",""colour"":""Oxblood"",""modelYear"":2024}",Set,"[{""id"":""o1"",""label"":""Single""},{""id"":""o2"",""label"":""Duo pack""},{""id"":""o3"",""label"":""Travel set""},{""id"":""o4"",""label"":""Gift set""}]"
2783,lumeno-grooming-kit-aero,Lumeno Grooming Kit Aero,Lumeno,Personal Care,SK-2783-LU,"The Lumeno Grooming Kit Aero. A dependable personal care pick with a clean, no-nonsense design and the everyday features you actually use.","{""warranty"":""1 year warranty, extendable to 2 on registration"",""inTheBox"":""Grooming Kit, Travel pouch, Care guide, Spare head"",""countryOfOrigin"":""Indonesia"",""returns"":""7-day replacement, unopened"",""support"":""Phone and email, 10am–6pm IST, Mon–Sat"",""weightGrams"":265,""material"":""Stainless steel"",""colour"":""Olive"",""modelYear"":2021}",Set,"[{""id"":""o1"",""label"":""Single""},{""id"":""o2"",""label"":""Duo pack""},{""id"":""o3"",""label"":""Travel set""},{""id"":""o4"",""label"":""Gift set""}]"
2784,saffrix-epilator-aero,Saffrix Epilator Aero,Saffrix,Personal Care,SK-2784-SA,"The Saffrix Epilator Aero. A dependable personal care pick with a clean, no-nonsense design and the everyday features you actually use.","{""warranty"":""18 months manufacturer warranty"",""inTheBox"":""Epilator, Care guide, Charging stand"",""countryOfOrigin"":""Malaysia"",""returns"":""30-day return, original packaging"",""support"":""Email only, 48-hour response"",""weightGrams"":656,""material"":""Ceramic and ABS"",""colour"":""Graphite"",""modelYear"":2022}",Set,"[{""id"":""o1"",""label"":""Single""},{""id"":""o2"",""label"":""Duo pack""}]"
2785,pinecrest-digital-piano-aero,Pinecrest Digital Piano Aero,Pinecrest,Instruments,SK-2785-PI,"The Pinecrest Digital Piano Aero. A dependable instruments pick with a clean, no-nonsense design and the everyday features you actually use.","{""warranty"":""18 months manufacturer warranty"",""inTheBox"":""Digital Piano, Gig bag, Quick-start guide, Spare strings, Tuner"",""countryOfOrigin"":""Vietnam"",""returns"":""14-day return, restocking fee applies"",""support"":""Email and chat, 9am–7pm IST"",""weightGrams"":15501,""material"":""Spruce and mahogany"",""colour"":""Olive"",""modelYear"":2022}",Bundle,"[{""id"":""o1"",""label"":""Instrument only""},{""id"":""o2"",""label"":""Starter bundle""}]"
2786,solvane-ukulele-aero,Solvane Ukulele Aero,Solvane,Instruments,SK-2786-SO,"The Solvane Ukulele Aero. A dependable instruments pick with a clean, no-nonsense design and the everyday features you actually use.","{""warranty"":""2 years manufacturer warranty"",""inTheBox"":""Ukulele, Power adapter, Quick-start guide, Polishing cloth"",""countryOfOrigin"":""Portugal"",""returns"":""10-day replacement, original packaging"",""support"":""Email, chat and phone, 9am–9pm IST"",""weightGrams"":723,""material"":""Birch plywood"",""colour"":""Ice Blue"",""modelYear"":2025}",Bundle,"[{""id"":""o1"",""label"":""Instrument only""},{""id"":""o2"",""label"":""Starter bundle""},{""id"":""o3"",""label"":""Studio bundle""},{""id"":""o4"",""label"":""Stage bundle""}]"
2787,quarrow-acoustic-guitar-aero,Quarrow Acoustic Guitar Aero,Quarrow,Instruments,SK-2787-QU,"The Quarrow Acoustic Guitar Aero. A dependable instruments pick with a clean, no-nonsense design and the everyday features you actually use.","{""warranty"":""2 years international warranty"",""inTheBox"":""Acoustic Guitar, Spare strings, Tuner, Gig bag, Quick-start guide"",""countryOfOrigin"":""China"",""returns"":""15-day replacement, unopened"",""support"":""Phone support, 9am–6pm IST, weekdays only"",""weightGrams"":6856,""material"":""ABS with steel frame"",""colour"":""Graphite"",""modelYear"":2024}",Bundle,"[{""id"":""o1"",""label"":""Instrument only""},{""id"":""o2"",""label"":""Starter bundle""},{""id"":""o3"",""label"":""Studio bundle""}]"
2788,brightwell-electronic-drum-kit-aero,Brightwell Electronic Drum Kit Aero,Brightwell,Instruments,SK-2788-BR,"The Brightwell Electronic Drum Kit Aero. A dependable instruments pick with a clean, no-nonsense design and the everyday features you actually use.","{""warranty"":""1 year warranty, extendable to 2 on registration"",""inTheBox"":""Electronic Drum Kit, Tuner, Power adapter"",""countryOfOrigin"":""India"",""returns"":""Replacement only, on verified defect"",""support"":""24×7 chat support"",""weightGrams"":8705,""material"":""Maple"",""colour"":""Forest"",""modelYear"":2024}",Bundle,"[{""id"":""o1"",""label"":""Instrument only""},{""id"":""o2"",""label"":""Starter bundle""},{""id"":""o3"",""label"":""Studio bundle""},{""id"":""o4"",""label"":""Stage bundle""}]"
2789,tamarack-midi-keyboard-aero,Tamarack MIDI Keyboard Aero,Tamarack,Instruments,SK-2789-TA,"The Tamarack MIDI Keyboard Aero. A dependable instruments pick with a clean, no-nonsense design and the everyday features you actually use.","{""warranty"":""6 months manufacturer warranty"",""inTheBox"":""MIDI Keyboard, Quick-start guide, Polishing cloth"",""countryOfOrigin"":""Indonesia"",""returns"":""7-day return or replacement"",""support"":""Email only, 48-hour response"",""weightGrams"":7996,""material"":""Maple"",""colour"":""Oxblood"",""modelYear"":2025}",Bundle,"[{""id"":""o1"",""label"":""Instrument only""},{""id"":""o2"",""label"":""Starter bundle""},{""id"":""o3"",""label"":""Studio bundle""},{""id"":""o4"",""label"":""Stage bundle""}]"
2790,veloria-violin-aero,Veloria Violin Aero,Veloria,Instruments,SK-2790-VE,"The Veloria Violin Aero. A dependable instruments pick with a clean, no-nonsense design and the everyday features you actually use.","{""warranty"":""1 year manufacturer warranty"",""inTheBox"":""Violin, Spare strings, Gig bag"",""countryOfOrigin"":""Malaysia"",""returns"":""10-day replacement, original packaging"",""support"":""24×7 chat support"",""weightGrams"":13441,""material"":""Birch plywood"",""colour"":""Bone White"",""modelYear"":2021}",Bundle,"[{""id"":""o1"",""label"":""Instrument only""},{""id"":""o2"",""label"":""Starter bundle""},{""id"":""o3"",""label"":""Studio bundle""}]"
2791,orbisk-cajon-aero,Orbisk Cajon Aero,Orbisk,Instruments,SK-2791-OR,"The Orbisk Cajon Aero. A dependable instruments pick with a clean, no-nonsense design and the everyday features you actually use.","{""warranty"":""3 years limited warranty"",""inTheBox"":""Cajon, Quick-start guide, Spare strings, Power adapter, Polishing cloth"",""countryOfOrigin"":""Mexico"",""returns"":""7-day return or replacement"",""support"":""Phone and email, 10am–6pm IST, Mon–Sat"",""weightGrams"":18747,""material"":""Birch plywood"",""colour"":""Graphite"",""modelYear"":2024}",Bundle,"[{""id"":""o1"",""label"":""Instrument only""},{""id"":""o2"",""label"":""Starter bundle""},{""id"":""o3"",""label"":""Studio bundle""}]"
2792,junova-synthesizer-aero,Junova Synthesizer Aero,Junova,Instruments,SK-2792-JU,"The Junova Synthesizer Aero. A dependable instruments pick with a clean, no-nonsense design and the everyday features you actually use.","{""warranty"":""5 years limited warranty"",""inTheBox"":""Synthesizer, Power adapter, Polishing cloth, Quick-start guide"",""countryOfOrigin"":""Malaysia"",""returns"":""7-day replacement, unopened"",""support"":""Email only, 48-hour response"",""weightGrams"":5401,""material"":""Spruce and mahogany"",""colour"":""Slate Grey"",""modelYear"":2023}",Bundle,"[{""id"":""o1"",""label"":""Instrument only""},{""id"":""o2"",""label"":""Starter bundle""},{""id"":""o3"",""label"":""Studio bundle""}]"
2793,halvard-wi-fi-router-aero,Halvard Wi-Fi Router Aero,Halvard,Networking,SK-2793-HA,"The Halvard Wi-Fi Router Aero. A dependable networking pick with a clean, no-nonsense design and the everyday features you actually use.","{""warranty"":""1 year manufacturer warranty"",""inTheBox"":""Wi-Fi Router, Setup guide, Wall-mount kit, Warranty card, Power adapter"",""countryOfOrigin"":""Germany"",""returns"":""10-day replacement, original packaging"",""support"":""In-app chat, 8am–8pm IST"",""weightGrams"":1126,""material"":""Flame-retardant polycarbonate"",""colour"":""Midnight Navy"",""modelYear"":2021}",Pack,"[{""id"":""o1"",""label"":""1-pack""},{""id"":""o2"",""label"":""2-pack""},{""id"":""o3"",""label"":""3-pack""}]"
2794,redwick-mesh-system-aero,Redwick Mesh System Aero,Redwick,Networking,SK-2794-RE,"The Redwick Mesh System Aero. A dependable networking pick with a clean, no-nonsense design and the everyday features you actually use.","{""warranty"":""1 year manufacturer warranty"",""inTheBox"":""Mesh System, Warranty card, Setup guide, Power adapter"",""countryOfOrigin"":""Taiwan"",""returns"":""7-day replacement, unopened"",""support"":""Email and chat, 9am–7pm IST"",""weightGrams"":1659,""material"":""Anodised aluminium"",""colour"":""Sandstone"",""modelYear"":2023}",Pack,"[{""id"":""o1"",""label"":""1-pack""},{""id"":""o2"",""label"":""2-pack""},{""id"":""o3"",""label"":""3-pack""}]"
2795,mosella-network-switch-aero,Mosella Network Switch Aero,Mosella,Networking,SK-2795-MO,"The Mosella Network Switch Aero. A dependable networking pick with a clean, no-nonsense design and the everyday features you actually use.","{""warranty"":""1 year manufacturer warranty"",""inTheBox"":""Network Switch, Wall-mount kit, Setup guide, Ethernet cable"",""countryOfOrigin"":""Mexico"",""returns"":""30-day return, original packaging"",""support"":""Email, chat and phone, 9am–9pm IST"",""weightGrams"":1620,""material"":""Recycled polycarbonate"",""colour"":""Bone White"",""modelYear"":2021}",Pack,"[{""id"":""o1"",""label"":""1-pack""},{""id"":""o2"",""label"":""2-pack""},{""id"":""o3"",""label"":""3-pack""},{""id"":""o4"",""label"":""4-pack""}]"
2796,tundrel-range-extender-aero,Tundrel Range Extender Aero,Tundrel,Networking,SK-2796-TU,"The Tundrel Range Extender Aero. A dependable networking pick with a clean, no-nonsense design and the everyday features you actually use.","{""warranty"":""5 years limited warranty"",""inTheBox"":""Range Extender, Power adapter, Warranty card"",""countryOfOrigin"":""Indonesia"",""returns"":""10-day replacement, original packaging"",""support"":""Email and chat, 9am–7pm IST"",""weightGrams"":749,""material"":""Anodised aluminium"",""colour"":""Ice Blue"",""modelYear"":2022}",Pack,"[{""id"":""o1"",""label"":""1-pack""},{""id"":""o2"",""label"":""2-pack""}]"
2797,lumeno-powerline-adapter-aero,Lumeno Powerline Adapter Aero,Lumeno,Networking,SK-2797-LU,"The Lumeno Powerline Adapter Aero. A dependable networking pick with a clean, no-nonsense design and the everyday features you actually use.","{""warranty"":""2 years manufacturer warranty"",""inTheBox"":""Powerline Adapter, Setup guide, Wall-mount kit, Ethernet cable"",""countryOfOrigin"":""South Korea"",""returns"":""7-day replacement, unopened"",""support"":""In-app chat, 8am–8pm IST"",""weightGrams"":1211,""material"":""Flame-retardant polycarbonate"",""colour"":""Graphite"",""modelYear"":2022}",Pack,"[{""id"":""o1"",""label"":""1-pack""},{""id"":""o2"",""label"":""2-pack""}]"
2798,saffrix-travel-router-aero,Saffrix Travel Router Aero,Saffrix,Networking,SK-2798-SA,"The Saffrix Travel Router Aero. A dependable networking pick with a clean, no-nonsense design and the everyday features you actually use.","{""warranty"":""18 months manufacturer warranty"",""inTheBox"":""Travel Router, Warranty card, Ethernet cable, Wall-mount kit, Setup guide"",""countryOfOrigin"":""Vietnam"",""returns"":""15-day replacement, unopened"",""support"":""Email and chat, 9am–7pm IST"",""weightGrams"":290,""material"":""Powder-coated steel"",""colour"":""Slate Grey"",""modelYear"":2022}",Pack,"[{""id"":""o1"",""label"":""1-pack""},{""id"":""o2"",""label"":""2-pack""}]"
2799,pinecrest-nas-enclosure-aero,Pinecrest NAS Enclosure Aero,Pinecrest,Networking,SK-2799-PI,"The Pinecrest NAS Enclosure Aero. A dependable networking pick with a clean, no-nonsense design and the everyday features you actually use.","{""warranty"":""6 months manufacturer warranty"",""inTheBox"":""NAS Enclosure, Ethernet cable, Power adapter, Setup guide"",""countryOfOrigin"":""Czechia"",""returns"":""15-day replacement, unopened"",""support"":""Phone support, 9am–6pm IST, weekdays only"",""weightGrams"":1679,""material"":""Anodised aluminium"",""colour"":""Matte Black"",""modelYear"":2024}",Pack,"[{""id"":""o1"",""label"":""1-pack""},{""id"":""o2"",""label"":""2-pack""},{""id"":""o3"",""label"":""3-pack""}]"
2800,solvane-5g-hotspot-aero,Solvane 5G Hotspot Aero,Solvane,Networking,SK-2800-SO,"The Solvane 5G Hotspot Aero. A dependable networking pick with a clean, no-nonsense design and the everyday features you actually use.","{""warranty"":""3 years limited warranty"",""inTheBox"":""5G Hotspot, Wall-mount kit, Warranty card, Setup guide"",""countryOfOrigin"":""China"",""returns"":""7-day return or replacement"",""support"":""Email, chat and phone, 9am–9pm IST"",""weightGrams"":818,""material"":""Recycled polycarbonate"",""colour"":""Graphite"",""modelYear"":2023}",Pack,"[{""id"":""o1"",""label"":""1-pack""},{""id"":""o2"",""label"":""2-pack""},{""id"":""o3"",""label"":""3-pack""},{""id"":""o4"",""label"":""4-pack""}]"
2801,quarrow-mirrorless-camera-zen,Quarrow Mirrorless Camera Zen,Quarrow,Cameras,SK-2801-QU,"The Quarrow Mirrorless Camera Zen. A dependable cameras pick with a clean, no-nonsense design and the everyday features you actually use.","{""warranty"":""6 months manufacturer warranty"",""inTheBox"":""Mirrorless Camera, USB-C cable, Rechargeable battery, Microfibre cloth, Quick-start guide"",""countryOfOrigin"":""South Korea"",""returns"":""15-day replacement, unopened"",""support"":""Email only, 48-hour response"",""weightGrams"":178,""material"":""Anodised aluminium"",""colour"":""Matte Black"",""modelYear"":2023}",Kit,"[{""id"":""o1"",""label"":""Body only""},{""id"":""o2"",""label"":""Standard kit""}]"
2802,brightwell-action-camera-zen,Brightwell Action Camera Zen,Brightwell,Cameras,SK-2802-BR,"The Brightwell Action Camera Zen. A dependable cameras pick with a clean, no-nonsense design and the everyday features you actually use.","{""warranty"":""18 months manufacturer warranty"",""inTheBox"":""Action Camera, Mounting adapter, Rechargeable battery"",""countryOfOrigin"":""China"",""returns"":""15-day replacement, unopened"",""support"":""Email, chat and phone, 9am–9pm IST"",""weightGrams"":315,""material"":""Polycarbonate with rubber grip"",""colour"":""Slate Grey"",""modelYear"":2024}",Kit,"[{""id"":""o1"",""label"":""Body only""},{""id"":""o2"",""label"":""Standard kit""}]"
2803,tamarack-instant-camera-zen,Tamarack Instant Camera Zen,Tamarack,Cameras,SK-2803-TA,"The Tamarack Instant Camera Zen. A dependable cameras pick with a clean, no-nonsense design and the everyday features you actually use.","{""warranty"":""2 years manufacturer warranty"",""inTheBox"":""Instant Camera, Lens cap, Rechargeable battery, Quick-start guide, Mounting adapter"",""countryOfOrigin"":""Taiwan"",""returns"":""30-day return, original packaging"",""support"":""Email, chat and phone, 9am–9pm IST"",""weightGrams"":450,""material"":""Anodised aluminium"",""colour"":""Bone White"",""modelYear"":2025}",Kit,"[{""id"":""o1"",""label"":""Body only""},{""id"":""o2"",""label"":""Standard kit""}]"
2804,veloria-vlog-camera-zen,Veloria Vlog Camera Zen,Veloria,Cameras,SK-2804-VE,"The Veloria Vlog Camera Zen. A dependable cameras pick with a clean, no-nonsense design and the everyday features you actually use.","{""warranty"":""2 years international warranty"",""inTheBox"":""Vlog Camera, Lens cap, USB-C cable, Quick-start guide, Rechargeable battery"",""countryOfOrigin"":""Czechia"",""returns"":""30-day return, original packaging"",""support"":""In-app chat, 8am–8pm IST"",""weightGrams"":695,""material"":""Magnesium alloy"",""colour"":""Slate Grey"",""modelYear"":2021}",Kit,"[{""id"":""o1"",""label"":""Body only""},{""id"":""o2"",""label"":""Standard kit""}]"
2805,orbisk-film-scanner-zen,Orbisk Film Scanner Zen,Orbisk,Cameras,SK-2805-OR,"The Orbisk Film Scanner Zen. A dependable cameras pick with a clean, no-nonsense design and the everyday features you actually use.","{""warranty"":""5 years limited warranty"",""inTheBox"":""Film Scanner, Neck strap, Rechargeable battery, Mounting adapter, Lens cap"",""countryOfOrigin"":""Czechia"",""returns"":""7-day return or replacement"",""support"":""Email and chat, 9am–7pm IST"",""weightGrams"":151,""material"":""Magnesium alloy"",""colour"":""Graphite"",""modelYear"":2021}",Kit,"[{""id"":""o1"",""label"":""Body only""},{""id"":""o2"",""label"":""Standard kit""},{""id"":""o3"",""label"":""Creator kit""}]"
2806,junova-dash-cam-zen,Junova Dash Cam Zen,Junova,Cameras,SK-2806-JU,"The Junova Dash Cam Zen. A dependable cameras pick with a clean, no-nonsense design and the everyday features you actually use.","{""warranty"":""5 years limited warranty"",""inTheBox"":""Dash Cam, USB-C cable, Neck strap, Rechargeable battery"",""countryOfOrigin"":""Indonesia"",""returns"":""Replacement only, on verified defect"",""support"":""Phone and email, 10am–6pm IST, Mon–Sat"",""weightGrams"":762,""material"":""Glass-fibre composite"",""colour"":""Graphite"",""modelYear"":2021}",Kit,"[{""id"":""o1"",""label"":""Body only""},{""id"":""o2"",""label"":""Standard kit""},{""id"":""o3"",""label"":""Creator kit""},{""id"":""o4"",""label"":""Pro kit""}]"
2807,halvard-trail-camera-zen,Halvard Trail Camera Zen,Halvard,Cameras,SK-2807-HA,"The Halvard Trail Camera Zen. A dependable cameras pick with a clean, no-nonsense design and the everyday features you actually use.","{""warranty"":""1 year warranty, extendable to 2 on registration"",""inTheBox"":""Trail Camera, Mounting adapter, Rechargeable battery"",""countryOfOrigin"":""Mexico"",""returns"":""15-day replacement, unopened"",""support"":""Email, chat and phone, 9am–9pm IST"",""weightGrams"":524,""material"":""Magnesium alloy"",""colour"":""Pewter"",""modelYear"":2025}",Kit,"[{""id"":""o1"",""label"":""Body only""},{""id"":""o2"",""label"":""Standard kit""},{""id"":""o3"",""label"":""Creator kit""},{""id"":""o4"",""label"":""Pro kit""}]"
2808,redwick-gimbal-zen,Redwick Gimbal Zen,Redwick,Cameras,SK-2808-RE,"The Redwick Gimbal Zen. A dependable cameras pick with a clean, no-nonsense design and the everyday features you actually use.","{""warranty"":""1 year manufacturer warranty"",""inTheBox"":""Gimbal, Mounting adapter, Microfibre cloth, USB-C cable, Neck strap"",""countryOfOrigin"":""Taiwan"",""returns"":""15-day replacement, unopened"",""support"":""Email and chat, 9am–7pm IST"",""weightGrams"":1078,""material"":""Magnesium alloy"",""colour"":""Graphite"",""modelYear"":2025}",Kit,"[{""id"":""o1"",""label"":""Body only""},{""id"":""o2"",""label"":""Standard kit""},{""id"":""o3"",""label"":""Creator kit""},{""id"":""o4"",""label"":""Pro kit""}]"
2809,mosella-tablet-zen,Mosella Tablet Zen,Mosella,Tablets,SK-2809-MO,"The Mosella Tablet Zen. A dependable tablets pick with a clean, no-nonsense design and the everyday features you actually use.","{""warranty"":""1 year manufacturer warranty"",""inTheBox"":""Tablet, 20W adapter, Stylus, Folio sleeve, SIM tool"",""countryOfOrigin"":""Portugal"",""returns"":""7-day replacement, unopened"",""support"":""Phone and email, 10am–6pm IST, Mon–Sat"",""weightGrams"":654,""material"":""Recycled aluminium"",""colour"":""Graphite"",""modelYear"":2022}",Storage,"[{""id"":""o1"",""label"":""64 GB""},{""id"":""o2"",""label"":""128 GB""}]"
2810,tundrel-e-reader-zen,Tundrel E-Reader Zen,Tundrel,Tablets,SK-2810-TU,"The Tundrel E-Reader Zen. A dependable tablets pick with a clean, no-nonsense design and the everyday features you actually use.","{""warranty"":""1 year warranty, extendable to 2 on registration"",""inTheBox"":""E-Reader, SIM tool, USB-C cable, 20W adapter, Quick-start guide"",""countryOfOrigin"":""Malaysia"",""returns"":""Replacement only, on verified defect"",""support"":""Phone support, 9am–6pm IST, weekdays only"",""weightGrams"":801,""material"":""Recycled aluminium"",""colour"":""Pewter"",""modelYear"":2024}",Storage,"[{""id"":""o1"",""label"":""64 GB""},{""id"":""o2"",""label"":""128 GB""},{""id"":""o3"",""label"":""256 GB""},{""id"":""o4"",""label"":""512 GB""}]"
2811,lumeno-drawing-tablet-zen,Lumeno Drawing Tablet Zen,Lumeno,Tablets,SK-2811-LU,"The Lumeno Drawing Tablet Zen. A dependable tablets pick with a clean, no-nonsense design and the everyday features you actually use.","{""warranty"":""2 years international warranty"",""inTheBox"":""Drawing Tablet, SIM tool, Quick-start guide, 20W adapter, Folio sleeve"",""countryOfOrigin"":""India"",""returns"":""30-day return, original packaging"",""support"":""Email, chat and phone, 9am–9pm IST"",""weightGrams"":799,""material"":""Anodised aluminium"",""colour"":""Graphite"",""modelYear"":2021}",Storage,"[{""id"":""o1"",""label"":""64 GB""},{""id"":""o2"",""label"":""128 GB""},{""id"":""o3"",""label"":""256 GB""}]"
2812,saffrix-kids-tablet-zen,Saffrix Kids Tablet Zen,Saffrix,Tablets,SK-2812-SA,"The Saffrix Kids Tablet Zen. A dependable tablets pick with a clean, no-nonsense design and the everyday features you actually use.","{""warranty"":""1 year manufacturer warranty"",""inTheBox"":""Kids Tablet, 20W adapter, Quick-start guide, SIM tool, USB-C cable"",""countryOfOrigin"":""China"",""returns"":""15-day replacement, unopened"",""support"":""24×7 chat support"",""weightGrams"":574,""material"":""Anodised aluminium"",""colour"":""Slate Grey"",""modelYear"":2025}",Storage,"[{""id"":""o1"",""label"":""64 GB""},{""id"":""o2"",""label"":""128 GB""},{""id"":""o3"",""label"":""256 GB""},{""id"":""o4"",""label"":""512 GB""}]"
2813,pinecrest-note-pad-zen,Pinecrest Note Pad Zen,Pinecrest,Tablets,SK-2813-PI,"The Pinecrest Note Pad Zen. A dependable tablets pick with a clean, no-nonsense design and the everyday features you actually use.","{""warranty"":""1 year warranty, extendable to 2 on registration"",""inTheBox"":""Note Pad, 20W adapter, Folio sleeve, Stylus"",""countryOfOrigin"":""Indonesia"",""returns"":""7-day return or replacement"",""support"":""Email and chat, 9am–7pm IST"",""weightGrams"":441,""material"":""Magnesium alloy"",""colour"":""Bone White"",""modelYear"":2022}",Storage,"[{""id"":""o1"",""label"":""64 GB""},{""id"":""o2"",""label"":""128 GB""}]"
2814,solvane-slate-zen,Solvane Slate Zen,Solvane,Tablets,SK-2814-SO,"The Solvane Slate Zen. A dependable tablets pick with a clean, no-nonsense design and the everyday features you actually use.","{""warranty"":""2 years international warranty"",""inTheBox"":""Slate, Quick-start guide, Stylus, Folio sleeve"",""countryOfOrigin"":""South Korea"",""returns"":""Replacement only, on verified defect"",""support"":""Email only, 48-hour response"",""weightGrams"":843,""material"":""Recycled aluminium"",""colour"":""Ice Blue"",""modelYear"":2024}",Storage,"[{""id"":""o1"",""label"":""64 GB""},{""id"":""o2"",""label"":""128 GB""},{""id"":""o3"",""label"":""256 GB""}]"
2815,quarrow-foldable-tablet-zen,Quarrow Foldable Tablet Zen,Quarrow,Tablets,SK-2815-QU,"The Quarrow Foldable Tablet Zen. A dependable tablets pick with a clean, no-nonsense design and the everyday features you actually use.","{""warranty"":""3 years limited warranty"",""inTheBox"":""Foldable Tablet, 20W adapter, SIM tool, USB-C cable, Stylus"",""countryOfOrigin"":""Czechia"",""returns"":""7-day return or replacement"",""support"":""24×7 chat support"",""weightGrams"":459,""material"":""Anodised aluminium"",""colour"":""Oxblood"",""modelYear"":2021}",Storage,"[{""id"":""o1"",""label"":""64 GB""},{""id"":""o2"",""label"":""128 GB""},{""id"":""o3"",""label"":""256 GB""}]"
2816,brightwell-rugged-tablet-zen,Brightwell Rugged Tablet Zen,Brightwell,Tablets,SK-2816-BR,"The Brightwell Rugged Tablet Zen. A dependable tablets pick with a clean, no-nonsense design and the everyday features you actually use.","{""warranty"":""1 year manufacturer warranty"",""inTheBox"":""Rugged Tablet, Folio sleeve, USB-C cable, 20W adapter, SIM tool"",""countryOfOrigin"":""South Korea"",""returns"":""30-day return, original packaging"",""support"":""In-app chat, 8am–8pm IST"",""weightGrams"":820,""material"":""Polycarbonate with glass front"",""colour"":""Forest"",""modelYear"":2025}",Storage,"[{""id"":""o1"",""label"":""64 GB""},{""id"":""o2"",""label"":""128 GB""}]"
2817,tamarack-controller-zen,Tamarack Controller Zen,Tamarack,Gaming,SK-2817-TA,"The Tamarack Controller Zen. A dependable gaming pick with a clean, no-nonsense design and the everyday features you actually use.","{""warranty"":""2 years international warranty"",""inTheBox"":""Controller, Spare thumbsticks, Wireless dongle, Sticker sheet"",""countryOfOrigin"":""Portugal"",""returns"":""15-day replacement, unopened"",""support"":""In-app chat, 8am–8pm IST"",""weightGrams"":5956,""material"":""Aluminium and ABS"",""colour"":""Sandstone"",""modelYear"":2022}",Edition,"[{""id"":""o1"",""label"":""Standard""},{""id"":""o2"",""label"":""Special Edition""}]"
2818,veloria-handheld-console-zen,Veloria Handheld Console Zen,Veloria,Gaming,SK-2818-VE,"The Veloria Handheld Console Zen. A dependable gaming pick with a clean, no-nonsense design and the everyday features you actually use.","{""warranty"":""1 year manufacturer warranty"",""inTheBox"":""Handheld Console, Sticker sheet, Carry case, Wireless dongle, USB-C cable"",""countryOfOrigin"":""Indonesia"",""returns"":""7-day replacement, unopened"",""support"":""Email only, 48-hour response"",""weightGrams"":4883,""material"":""Aluminium and ABS"",""colour"":""Pewter"",""modelYear"":2021}",Edition,"[{""id"":""o1"",""label"":""Standard""},{""id"":""o2"",""label"":""Special Edition""},{""id"":""o3"",""label"":""Pro Bundle""}]"
2819,orbisk-racing-wheel-zen,Orbisk Racing Wheel Zen,Orbisk,Gaming,SK-2819-OR,"The Orbisk Racing Wheel Zen. A dependable gaming pick with a clean, no-nonsense design and the everyday features you actually use.","{""warranty"":""3 years limited warranty"",""inTheBox"":""Racing Wheel, Quick-start guide, Sticker sheet, Spare thumbsticks"",""countryOfOrigin"":""Taiwan"",""returns"":""7-day replacement, unopened"",""support"":""Phone and email, 10am–6pm IST, Mon–Sat"",""weightGrams"":5712,""material"":""Recycled polycarbonate"",""colour"":""Pewter"",""modelYear"":2021}",Edition,"[{""id"":""o1"",""label"":""Standard""},{""id"":""o2"",""label"":""Special Edition""},{""id"":""o3"",""label"":""Pro Bundle""},{""id"":""o4"",""label"":""Collector Bundle""}]"
2820,junova-arcade-stick-zen,Junova Arcade Stick Zen,Junova,Gaming,SK-2820-JU,"The Junova Arcade Stick Zen. A dependable gaming pick with a clean, no-nonsense design and the everyday features you actually use.","{""warranty"":""1 year warranty, extendable to 2 on registration"",""inTheBox"":""Arcade Stick, Carry case, Quick-start guide, Sticker sheet"",""countryOfOrigin"":""India"",""returns"":""7-day return or replacement"",""support"":""Phone support, 9am–6pm IST, weekdays only"",""weightGrams"":2539,""material"":""Recycled polycarbonate"",""colour"":""Graphite"",""modelYear"":2024}",Edition,"[{""id"":""o1"",""label"":""Standard""},{""id"":""o2"",""label"":""Special Edition""},{""id"":""o3"",""label"":""Pro Bundle""},{""id"":""o4"",""label"":""Collector Bundle""}]"
2821,halvard-gaming-headset-zen,Halvard Gaming Headset Zen,Halvard,Gaming,SK-2821-HA,"The Halvard Gaming Headset Zen. A dependable gaming pick with a clean, no-nonsense design and the everyday features you actually use.","{""warranty"":""5 years limited warranty"",""inTheBox"":""Gaming Headset, Wireless dongle, Quick-start guide, Sticker sheet"",""countryOfOrigin"":""Germany"",""returns"":""10-day replacement, original packaging"",""support"":""Phone support, 9am–6pm IST, weekdays only"",""weightGrams"":4016,""material"":""Recycled polycarbonate"",""colour"":""Matte Black"",""modelYear"":2022}",Edition,"[{""id"":""o1"",""label"":""Standard""},{""id"":""o2"",""label"":""Special Edition""},{""id"":""o3"",""label"":""Pro Bundle""},{""id"":""o4"",""label"":""Collector Bundle""}]"
2822,redwick-capture-card-zen,Redwick Capture Card Zen,Redwick,Gaming,SK-2822-RE,"The Redwick Capture Card Zen. A dependable gaming pick with a clean, no-nonsense design and the everyday features you actually use.","{""warranty"":""2 years international warranty"",""inTheBox"":""Capture Card, Spare thumbsticks, Carry case, USB-C cable, Wireless dongle"",""countryOfOrigin"":""China"",""returns"":""7-day replacement, unopened"",""support"":""Phone and email, 10am–6pm IST, Mon–Sat"",""weightGrams"":5200,""material"":""Glass-filled nylon"",""colour"":""Oxblood"",""modelYear"":2022}",Edition,"[{""id"":""o1"",""label"":""Standard""},{""id"":""o2"",""label"":""Special Edition""}]"
2823,mosella-flight-stick-zen,Mosella Flight Stick Zen,Mosella,Gaming,SK-2823-MO,"The Mosella Flight Stick Zen. A dependable gaming pick with a clean, no-nonsense design and the everyday features you actually use.","{""warranty"":""3 years limited warranty"",""inTheBox"":""Flight Stick, USB-C cable, Quick-start guide"",""countryOfOrigin"":""Indonesia"",""returns"":""7-day return or replacement"",""support"":""24×7 chat support"",""weightGrams"":2138,""material"":""ABS with soft-touch coating"",""colour"":""Pewter"",""modelYear"":2023}",Edition,"[{""id"":""o1"",""label"":""Standard""},{""id"":""o2"",""label"":""Special Edition""},{""id"":""o3"",""label"":""Pro Bundle""}]"
2824,tundrel-vr-headset-zen,Tundrel VR Headset Zen,Tundrel,Gaming,SK-2824-TU,"The Tundrel VR Headset Zen. A dependable gaming pick with a clean, no-nonsense design and the everyday features you actually use.","{""warranty"":""3 years limited warranty"",""inTheBox"":""VR Headset, Quick-start guide, Carry case"",""countryOfOrigin"":""South Korea"",""returns"":""7-day return or replacement"",""support"":""Email, chat and phone, 9am–9pm IST"",""weightGrams"":2200,""material"":""Glass-filled nylon"",""colour"":""Clay"",""modelYear"":2023}",Edition,"[{""id"":""o1"",""label"":""Standard""},{""id"":""o2"",""label"":""Special Edition""}]"
2825,lumeno-dumbbell-set-zen,Lumeno Dumbbell Set Zen,Lumeno,Fitness,SK-2825-LU,"The Lumeno Dumbbell Set Zen. A dependable fitness pick with a clean, no-nonsense design and the everyday features you actually use.","{""warranty"":""3 years limited warranty"",""inTheBox"":""Dumbbell Set, Exercise chart, Anchor strap, Assembly tools, Storage bag"",""countryOfOrigin"":""Taiwan"",""returns"":""14-day return, restocking fee applies"",""support"":""Email only, 48-hour response"",""weightGrams"":15744,""material"":""EVA foam"",""colour"":""Forest"",""modelYear"":2023}",Level,"[{""id"":""o1"",""label"":""Starter""},{""id"":""o2"",""label"":""Regular""}]"
2826,saffrix-yoga-mat-zen,Saffrix Yoga Mat Zen,Saffrix,Fitness,SK-2826-SA,"The Saffrix Yoga Mat Zen. A dependable fitness pick with a clean, no-nonsense design and the everyday features you actually use.","{""warranty"":""6 months manufacturer warranty"",""inTheBox"":""Yoga Mat, Storage bag, Exercise chart, Grip pads"",""countryOfOrigin"":""Czechia"",""returns"":""30-day return, original packaging"",""support"":""Phone support, 9am–6pm IST, weekdays only"",""weightGrams"":41325,""material"":""Cast iron"",""colour"":""Oxblood"",""modelYear"":2025}",Level,"[{""id"":""o1"",""label"":""Starter""},{""id"":""o2"",""label"":""Regular""},{""id"":""o3"",""label"":""Advanced""},{""id"":""o4"",""label"":""Elite""}]"
2827,pinecrest-rowing-machine-zen,Pinecrest Rowing Machine Zen,Pinecrest,Fitness,SK-2827-PI,"The Pinecrest Rowing Machine Zen. A dependable fitness pick with a clean, no-nonsense design and the everyday features you actually use.","{""warranty"":""1 year manufacturer warranty"",""inTheBox"":""Rowing Machine, Exercise chart, Anchor strap, Assembly tools"",""countryOfOrigin"":""Czechia"",""returns"":""15-day replacement, unopened"",""support"":""In-app chat, 8am–8pm IST"",""weightGrams"":46220,""material"":""TPE foam"",""colour"":""Midnight Navy"",""modelYear"":2022}",Level,"[{""id"":""o1"",""label"":""Starter""},{""id"":""o2"",""label"":""Regular""},{""id"":""o3"",""label"":""Advanced""}]"
2828,solvane-resistance-bands-zen,Solvane Resistance Bands Zen,Solvane,Fitness,SK-2828-SO,"The Solvane Resistance Bands Zen. A dependable fitness pick with a clean, no-nonsense design and the everyday features you actually use.","{""warranty"":""1 year manufacturer warranty"",""inTheBox"":""Resistance Bands, Storage bag, Exercise chart, Grip pads"",""countryOfOrigin"":""Vietnam"",""returns"":""14-day return, restocking fee applies"",""support"":""In-app chat, 8am–8pm IST"",""weightGrams"":11090,""material"":""Cast iron"",""colour"":""Sandstone"",""modelYear"":2025}",Level,"[{""id"":""o1"",""label"":""Starter""},{""id"":""o2"",""label"":""Regular""},{""id"":""o3"",""label"":""Advanced""}]"
2829,quarrow-kettlebell-zen,Quarrow Kettlebell Zen,Quarrow,Fitness,SK-2829-QU,"The Quarrow Kettlebell Zen. A dependable fitness pick with a clean, no-nonsense design and the everyday features you actually use.","{""warranty"":""6 months manufacturer warranty"",""inTheBox"":""Kettlebell, Exercise chart, Anchor strap, Storage bag, Care card"",""countryOfOrigin"":""China"",""returns"":""7-day replacement, unopened"",""support"":""Email, chat and phone, 9am–9pm IST"",""weightGrams"":18140,""material"":""Powder-coated steel"",""colour"":""Sandstone"",""modelYear"":2024}",Level,"[{""id"":""o1"",""label"":""Starter""},{""id"":""o2"",""label"":""Regular""},{""id"":""o3"",""label"":""Advanced""}]"
2830,brightwell-spin-bike-zen,Brightwell Spin Bike Zen,Brightwell,Fitness,SK-2830-BR,"The Brightwell Spin Bike Zen. A dependable fitness pick with a clean, no-nonsense design and the everyday features you actually use.","{""warranty"":""5 years limited warranty"",""inTheBox"":""Spin Bike, Storage bag, Assembly tools, Anchor strap"",""countryOfOrigin"":""Taiwan"",""returns"":""Replacement only, on verified defect"",""support"":""24×7 chat support"",""weightGrams"":3982,""material"":""Powder-coated steel"",""colour"":""Midnight Navy"",""modelYear"":2023}",Level,"[{""id"":""o1"",""label"":""Starter""},{""id"":""o2"",""label"":""Regular""},{""id"":""o3"",""label"":""Advanced""},{""id"":""o4"",""label"":""Elite""}]"
2831,tamarack-foam-roller-zen,Tamarack Foam Roller Zen,Tamarack,Fitness,SK-2831-TA,"The Tamarack Foam Roller Zen. A dependable fitness pick with a clean, no-nonsense design and the everyday features you actually use.","{""warranty"":""2 years international warranty"",""inTheBox"":""Foam Roller, Care card, Anchor strap, Storage bag, Grip pads"",""countryOfOrigin"":""Vietnam"",""returns"":""30-day return, original packaging"",""support"":""Email and chat, 9am–7pm IST"",""weightGrams"":46335,""material"":""Natural rubber"",""colour"":""Midnight Navy"",""modelYear"":2021}",Level,"[{""id"":""o1"",""label"":""Starter""},{""id"":""o2"",""label"":""Regular""}]"
2832,veloria-pull-up-bar-zen,Veloria Pull-up Bar Zen,Veloria,Fitness,SK-2832-VE,"The Veloria Pull-up Bar Zen. A dependable fitness pick with a clean, no-nonsense design and the everyday features you actually use.","{""warranty"":""3 years limited warranty"",""inTheBox"":""Pull-up Bar, Exercise chart, Assembly tools, Storage bag"",""countryOfOrigin"":""Vietnam"",""returns"":""Replacement only, on verified defect"",""support"":""Email and chat, 9am–7pm IST"",""weightGrams"":36853,""material"":""Cast iron"",""colour"":""Olive"",""modelYear"":2024}",Level,"[{""id"":""o1"",""label"":""Starter""},{""id"":""o2"",""label"":""Regular""},{""id"":""o3"",""label"":""Advanced""}]"
2833,orbisk-tent-zen,Orbisk Tent Zen,Orbisk,Outdoor,SK-2833-OR,"The Orbisk Tent Zen. A dependable outdoor pick with a clean, no-nonsense design and the everyday features you actually use.","{""warranty"":""5 years limited warranty"",""inTheBox"":""Tent, Guy lines, Pegs"",""countryOfOrigin"":""Malaysia"",""returns"":""15-day replacement, unopened"",""support"":""Email and chat, 9am–7pm IST"",""weightGrams"":1687,""material"":""Recycled PET weave"",""colour"":""Ice Blue"",""modelYear"":2021}",Capacity,"[{""id"":""o1"",""label"":""Solo""},{""id"":""o2"",""label"":""Duo""},{""id"":""o3"",""label"":""Family""},{""id"":""o4"",""label"":""Group""}]"
2834,junova-sleeping-bag-zen,Junova Sleeping Bag Zen,Junova,Outdoor,SK-2834-JU,"The Junova Sleeping Bag Zen. A dependable outdoor pick with a clean, no-nonsense design and the everyday features you actually use.","{""warranty"":""6 months manufacturer warranty"",""inTheBox"":""Sleeping Bag, Stuff sack, Carabiner, Care card"",""countryOfOrigin"":""South Korea"",""returns"":""7-day replacement, unopened"",""support"":""Email only, 48-hour response"",""weightGrams"":1817,""material"":""Ripstop polyester"",""colour"":""Midnight Navy"",""modelYear"":2022}",Capacity,"[{""id"":""o1"",""label"":""Solo""},{""id"":""o2"",""label"":""Duo""},{""id"":""o3"",""label"":""Family""}]"
2835,halvard-camp-stove-zen,Halvard Camp Stove Zen,Halvard,Outdoor,SK-2835-HA,"The Halvard Camp Stove Zen. A dependable outdoor pick with a clean, no-nonsense design and the everyday features you actually use.","{""warranty"":""6 months manufacturer warranty"",""inTheBox"":""Camp Stove, Guy lines, Repair kit, Carabiner, Pegs"",""countryOfOrigin"":""Thailand"",""returns"":""7-day return or replacement"",""support"":""Email and chat, 9am–7pm IST"",""weightGrams"":4226,""material"":""Ripstop polyester"",""colour"":""Graphite"",""modelYear"":2024}",Capacity,"[{""id"":""o1"",""label"":""Solo""},{""id"":""o2"",""label"":""Duo""}]"
2836,redwick-trekking-poles-zen,Redwick Trekking Poles Zen,Redwick,Outdoor,SK-2836-RE,"The Redwick Trekking Poles Zen. A dependable outdoor pick with a clean, no-nonsense design and the everyday features you actually use.","{""warranty"":""6 months manufacturer warranty"",""inTheBox"":""Trekking Poles, Pegs, Repair kit, Carabiner, Care card"",""countryOfOrigin"":""Mexico"",""returns"":""15-day replacement, unopened"",""support"":""Email, chat and phone, 9am–9pm IST"",""weightGrams"":1105,""material"":""Recycled PET weave"",""colour"":""Oxblood"",""modelYear"":2023}",Capacity,"[{""id"":""o1"",""label"":""Solo""},{""id"":""o2"",""label"":""Duo""}]"
2837,mosella-headlamp-zen,Mosella Headlamp Zen,Mosella,Outdoor,SK-2837-MO,"The Mosella Headlamp Zen. A dependable outdoor pick with a clean, no-nonsense design and the everyday features you actually use.","{""warranty"":""2 years manufacturer warranty"",""inTheBox"":""Headlamp, Repair kit, Care card"",""countryOfOrigin"":""China"",""returns"":""30-day return, original packaging"",""support"":""Phone support, 9am–6pm IST, weekdays only"",""weightGrams"":1637,""material"":""Ripstop polyester"",""colour"":""Clay"",""modelYear"":2024}",Capacity,"[{""id"":""o1"",""label"":""Solo""},{""id"":""o2"",""label"":""Duo""}]"
2838,tundrel-cooler-box-zen,Tundrel Cooler Box Zen,Tundrel,Outdoor,SK-2838-TU,"The Tundrel Cooler Box Zen. A dependable outdoor pick with a clean, no-nonsense design and the everyday features you actually use.","{""warranty"":""6 months manufacturer warranty"",""inTheBox"":""Cooler Box, Care card, Repair kit, Guy lines"",""countryOfOrigin"":""Portugal"",""returns"":""7-day replacement, unopened"",""support"":""Phone support, 9am–6pm IST, weekdays only"",""weightGrams"":2376,""material"":""Ripstop nylon"",""colour"":""Matte Black"",""modelYear"":2024}",Capacity,"[{""id"":""o1"",""label"":""Solo""},{""id"":""o2"",""label"":""Duo""}]"
2839,lumeno-hammock-zen,Lumeno Hammock Zen,Lumeno,Outdoor,SK-2839-LU,"The Lumeno Hammock Zen. A dependable outdoor pick with a clean, no-nonsense design and the everyday features you actually use.","{""warranty"":""1 year warranty, extendable to 2 on registration"",""inTheBox"":""Hammock, Care card, Carabiner, Pegs"",""countryOfOrigin"":""Vietnam"",""returns"":""Replacement only, on verified defect"",""support"":""In-app chat, 8am–8pm IST"",""weightGrams"":4113,""material"":""Recycled PET weave"",""colour"":""Graphite"",""modelYear"":2025}",Capacity,"[{""id"":""o1"",""label"":""Solo""},{""id"":""o2"",""label"":""Duo""}]"
2840,saffrix-camp-chair-zen,Saffrix Camp Chair Zen,Saffrix,Outdoor,SK-2840-SA,"The Saffrix Camp Chair Zen. A dependable outdoor pick with a clean, no-nonsense design and the everyday features you actually use.","{""warranty"":""2 years international warranty"",""inTheBox"":""Camp Chair, Pegs, Guy lines, Stuff sack, Carabiner"",""countryOfOrigin"":""Thailand"",""returns"":""10-day replacement, original packaging"",""support"":""Email and chat, 9am–7pm IST"",""weightGrams"":4793,""material"":""Ripstop nylon"",""colour"":""Matte Black"",""modelYear"":2022}",Capacity,"[{""id"":""o1"",""label"":""Solo""},{""id"":""o2"",""label"":""Duo""}]"
2841,pinecrest-desk-chair-zen,Pinecrest Desk Chair Zen,Pinecrest,Office,SK-2841-PI,"The Pinecrest Desk Chair Zen. A dependable office pick with a clean, no-nonsense design and the everyday features you actually use.","{""warranty"":""2 years manufacturer warranty"",""inTheBox"":""Desk Chair, Hardware pack, Assembly guide"",""countryOfOrigin"":""Germany"",""returns"":""15-day replacement, unopened"",""support"":""Email and chat, 9am–7pm IST"",""weightGrams"":25394,""material"":""Powder-coated steel"",""colour"":""Sandstone"",""modelYear"":2021}",Finish,"[{""id"":""o1"",""label"":""Oak""},{""id"":""o2"",""label"":""Walnut""},{""id"":""o3"",""label"":""Charcoal""}]"
2842,solvane-standing-desk-zen,Solvane Standing Desk Zen,Solvane,Office,SK-2842-SO,"The Solvane Standing Desk Zen. A dependable office pick with a clean, no-nonsense design and the everyday features you actually use.","{""warranty"":""2 years international warranty"",""inTheBox"":""Standing Desk, Assembly guide, Wall anchor, Floor protectors"",""countryOfOrigin"":""India"",""returns"":""30-day return, original packaging"",""support"":""Email, chat and phone, 9am–9pm IST"",""weightGrams"":3330,""material"":""Powder-coated steel"",""colour"":""Ice Blue"",""modelYear"":2023}",Finish,"[{""id"":""o1"",""label"":""Oak""},{""id"":""o2"",""label"":""Walnut""},{""id"":""o3"",""label"":""Charcoal""}]"
2843,quarrow-monitor-arm-zen,Quarrow Monitor Arm Zen,Quarrow,Office,SK-2843-QU,"The Quarrow Monitor Arm Zen. A dependable office pick with a clean, no-nonsense design and the everyday features you actually use.","{""warranty"":""1 year warranty, extendable to 2 on registration"",""inTheBox"":""Monitor Arm, Assembly guide, Cable tray, Hardware pack"",""countryOfOrigin"":""Czechia"",""returns"":""7-day replacement, unopened"",""support"":""24×7 chat support"",""weightGrams"":14914,""material"":""Mesh and aluminium"",""colour"":""Oxblood"",""modelYear"":2024}",Finish,"[{""id"":""o1"",""label"":""Oak""},{""id"":""o2"",""label"":""Walnut""},{""id"":""o3"",""label"":""Charcoal""},{""id"":""o4"",""label"":""White Ash""}]"
2844,brightwell-desk-lamp-zen,Brightwell Desk Lamp Zen,Brightwell,Office,SK-2844-BR,"The Brightwell Desk Lamp Zen. A dependable office pick with a clean, no-nonsense design and the everyday features you actually use.","{""warranty"":""6 months manufacturer warranty"",""inTheBox"":""Desk Lamp, Assembly guide, Floor protectors, Wall anchor, Hardware pack"",""countryOfOrigin"":""South Korea"",""returns"":""Replacement only, on verified defect"",""support"":""Email only, 48-hour response"",""weightGrams"":28447,""material"":""Powder-coated steel"",""colour"":""Sandstone"",""modelYear"":2025}",Finish,"[{""id"":""o1"",""label"":""Oak""},{""id"":""o2"",""label"":""Walnut""},{""id"":""o3"",""label"":""Charcoal""},{""id"":""o4"",""label"":""White Ash""}]"
2845,tamarack-filing-cabinet-zen,Tamarack Filing Cabinet Zen,Tamarack,Office,SK-2845-TA,"The Tamarack Filing Cabinet Zen. A dependable office pick with a clean, no-nonsense design and the everyday features you actually use.","{""warranty"":""6 months manufacturer warranty"",""inTheBox"":""Filing Cabinet, Hardware pack, Wall anchor, Assembly tools"",""countryOfOrigin"":""Mexico"",""returns"":""Replacement only, on verified defect"",""support"":""Phone and email, 10am–6pm IST, Mon–Sat"",""weightGrams"":27843,""material"":""Mesh and aluminium"",""colour"":""Bone White"",""modelYear"":2023}",Finish,"[{""id"":""o1"",""label"":""Oak""},{""id"":""o2"",""label"":""Walnut""},{""id"":""o3"",""label"":""Charcoal""}]"
2846,veloria-footrest-zen,Veloria Footrest Zen,Veloria,Office,SK-2846-VE,"The Veloria Footrest Zen. A dependable office pick with a clean, no-nonsense design and the everyday features you actually use.","{""warranty"":""5 years limited warranty"",""inTheBox"":""Footrest, Floor protectors, Cable tray, Hardware pack, Wall anchor"",""countryOfOrigin"":""Germany"",""returns"":""10-day replacement, original packaging"",""support"":""24×7 chat support"",""weightGrams"":14107,""material"":""Solid beech"",""colour"":""Forest"",""modelYear"":2025}",Finish,"[{""id"":""o1"",""label"":""Oak""},{""id"":""o2"",""label"":""Walnut""},{""id"":""o3"",""label"":""Charcoal""},{""id"":""o4"",""label"":""White Ash""}]"
2847,orbisk-bookshelf-zen,Orbisk Bookshelf Zen,Orbisk,Office,SK-2847-OR,"The Orbisk Bookshelf Zen. A dependable office pick with a clean, no-nonsense design and the everyday features you actually use.","{""warranty"":""1 year warranty, extendable to 2 on registration"",""inTheBox"":""Bookshelf, Assembly tools, Wall anchor, Assembly guide, Cable tray"",""countryOfOrigin"":""Taiwan"",""returns"":""10-day replacement, original packaging"",""support"":""24×7 chat support"",""weightGrams"":14648,""material"":""Solid beech"",""colour"":""Graphite"",""modelYear"":2024}",Finish,"[{""id"":""o1"",""label"":""Oak""},{""id"":""o2"",""label"":""Walnut""}]"
2848,junova-desk-organiser-zen,Junova Desk Organiser Zen,Junova,Office,SK-2848-JU,"The Junova Desk Organiser Zen. A dependable office pick with a clean, no-nonsense design and the everyday features you actually use.","{""warranty"":""6 months manufacturer warranty"",""inTheBox"":""Desk Organiser, Cable tray, Floor protectors"",""countryOfOrigin"":""Mexico"",""returns"":""10-day replacement, original packaging"",""support"":""Phone support, 9am–6pm IST, weekdays only"",""weightGrams"":14754,""material"":""Solid beech"",""colour"":""Graphite"",""modelYear"":2021}",Finish,"[{""id"":""o1"",""label"":""Oak""},{""id"":""o2"",""label"":""Walnut""},{""id"":""o3"",""label"":""Charcoal""}]"
2849,halvard-floor-lamp-zen,Halvard Floor Lamp Zen,Halvard,Lighting,SK-2849-HA,"The Halvard Floor Lamp Zen. A dependable lighting pick with a clean, no-nonsense design and the everyday features you actually use.","{""warranty"":""1 year warranty, extendable to 2 on registration"",""inTheBox"":""Floor Lamp, Power adapter, Adhesive clips, Spare diffuser, Remote control"",""countryOfOrigin"":""India"",""returns"":""15-day replacement, unopened"",""support"":""Email, chat and phone, 9am–9pm IST"",""weightGrams"":1713,""material"":""Anodised aluminium"",""colour"":""Matte Black"",""modelYear"":2025}",Tone,"[{""id"":""o1"",""label"":""Warm white""},{""id"":""o2"",""label"":""Neutral white""},{""id"":""o3"",""label"":""Tunable white""}]"
2850,redwick-led-strip-zen,Redwick LED Strip Zen,Redwick,Lighting,SK-2850-RE,"The Redwick LED Strip Zen. A dependable lighting pick with a clean, no-nonsense design and the everyday features you actually use.","{""warranty"":""2 years manufacturer warranty"",""inTheBox"":""LED Strip, Power adapter, Remote control, Adhesive clips"",""countryOfOrigin"":""China"",""returns"":""7-day return or replacement"",""support"":""Email only, 48-hour response"",""weightGrams"":5043,""material"":""Powder-coated steel"",""colour"":""Midnight Navy"",""modelYear"":2021}",Tone,"[{""id"":""o1"",""label"":""Warm white""},{""id"":""o2"",""label"":""Neutral white""}]"
2851,mosella-pendant-light-zen,Mosella Pendant Light Zen,Mosella,Lighting,SK-2851-MO,"The Mosella Pendant Light Zen. A dependable lighting pick with a clean, no-nonsense design and the everyday features you actually use.","{""warranty"":""1 year manufacturer warranty"",""inTheBox"":""Pendant Light, Mounting kit, Setup guide, Power adapter, Adhesive clips"",""countryOfOrigin"":""Czechia"",""returns"":""7-day replacement, unopened"",""support"":""Phone support, 9am–6pm IST, weekdays only"",""weightGrams"":5504,""material"":""Anodised aluminium"",""colour"":""Clay"",""modelYear"":2021}",Tone,"[{""id"":""o1"",""label"":""Warm white""},{""id"":""o2"",""label"":""Neutral white""}]"
2852,tundrel-smart-panel-zen,Tundrel Smart Panel Zen,Tundrel,Lighting,SK-2852-TU,"The Tundrel Smart Panel Zen. A dependable lighting pick with a clean, no-nonsense design and the everyday features you actually use.","{""warranty"":""2 years manufacturer warranty"",""inTheBox"":""Smart Panel, Spare diffuser, Remote control, Mounting kit, Power adapter"",""countryOfOrigin"":""Taiwan"",""returns"":""7-day return or replacement"",""support"":""24×7 chat support"",""weightGrams"":4869,""material"":""Silicone diffuser"",""colour"":""Pewter"",""modelYear"":2021}",Tone,"[{""id"":""o1"",""label"":""Warm white""},{""id"":""o2"",""label"":""Neutral white""}]"
2853,lumeno-reading-light-zen,Lumeno Reading Light Zen,Lumeno,Lighting,SK-2853-LU,"The Lumeno Reading Light Zen. A dependable lighting pick with a clean, no-nonsense design and the everyday features you actually use.","{""warranty"":""6 months manufacturer warranty"",""inTheBox"":""Reading Light, Remote control, Adhesive clips, Spare diffuser"",""countryOfOrigin"":""Portugal"",""returns"":""7-day return or replacement"",""support"":""Email and chat, 9am–7pm IST"",""weightGrams"":1372,""material"":""Silicone diffuser"",""colour"":""Sandstone"",""modelYear"":2022}",Tone,"[{""id"":""o1"",""label"":""Warm white""},{""id"":""o2"",""label"":""Neutral white""},{""id"":""o3"",""label"":""Tunable white""},{""id"":""o4"",""label"":""Full colour""}]"
2854,saffrix-lantern-zen,Saffrix Lantern Zen,Saffrix,Lighting,SK-2854-SA,"The Saffrix Lantern Zen. A dependable lighting pick with a clean, no-nonsense design and the everyday features you actually use.","{""warranty"":""6 months manufacturer warranty"",""inTheBox"":""Lantern, Adhesive clips, Power adapter"",""countryOfOrigin"":""Vietnam"",""returns"":""7-day return or replacement"",""support"":""Phone support, 9am–6pm IST, weekdays only"",""weightGrams"":5391,""material"":""Powder-coated steel"",""colour"":""Midnight Navy"",""modelYear"":2025}",Tone,"[{""id"":""o1"",""label"":""Warm white""},{""id"":""o2"",""label"":""Neutral white""}]"
2855,pinecrest-wall-sconce-zen,Pinecrest Wall Sconce Zen,Pinecrest,Lighting,SK-2855-PI,"The Pinecrest Wall Sconce Zen. A dependable lighting pick with a clean, no-nonsense design and the everyday features you actually use.","{""warranty"":""2 years manufacturer warranty"",""inTheBox"":""Wall Sconce, Spare diffuser, Power adapter, Remote control"",""countryOfOrigin"":""South Korea"",""returns"":""30-day return, original packaging"",""support"":""Email only, 48-hour response"",""weightGrams"":962,""material"":""Powder-coated steel"",""colour"":""Bone White"",""modelYear"":2023}",Tone,"[{""id"":""o1"",""label"":""Warm white""},{""id"":""o2"",""label"":""Neutral white""},{""id"":""o3"",""label"":""Tunable white""}]"
2856,solvane-light-bar-zen,Solvane Light Bar Zen,Solvane,Lighting,SK-2856-SO,"The Solvane Light Bar Zen. A dependable lighting pick with a clean, no-nonsense design and the everyday features you actually use.","{""warranty"":""3 years limited warranty"",""inTheBox"":""Light Bar, Remote control, Adhesive clips, Spare diffuser, Mounting kit"",""countryOfOrigin"":""Malaysia"",""returns"":""14-day return, restocking fee applies"",""support"":""In-app chat, 8am–8pm IST"",""weightGrams"":3679,""material"":""Borosilicate glass"",""colour"":""Graphite"",""modelYear"":2024}",Tone,"[{""id"":""o1"",""label"":""Warm white""},{""id"":""o2"",""label"":""Neutral white""},{""id"":""o3"",""label"":""Tunable white""}]"
2857,quarrow-hair-dryer-zen,Quarrow Hair Dryer Zen,Quarrow,Personal Care,SK-2857-QU,"The Quarrow Hair Dryer Zen. A dependable personal care pick with a clean, no-nonsense design and the everyday features you actually use.","{""warranty"":""2 years international warranty"",""inTheBox"":""Hair Dryer, Travel pouch, Charging stand, Spare head, Care guide"",""countryOfOrigin"":""Portugal"",""returns"":""7-day replacement, unopened"",""support"":""Email and chat, 9am–7pm IST"",""weightGrams"":322,""material"":""Ceramic and ABS"",""colour"":""Olive"",""modelYear"":2022}",Set,"[{""id"":""o1"",""label"":""Single""},{""id"":""o2"",""label"":""Duo pack""},{""id"":""o3"",""label"":""Travel set""},{""id"":""o4"",""label"":""Gift set""}]"
2858,brightwell-beard-trimmer-zen,Brightwell Beard Trimmer Zen,Brightwell,Personal Care,SK-2858-BR,"The Brightwell Beard Trimmer Zen. A dependable personal care pick with a clean, no-nonsense design and the everyday features you actually use.","{""warranty"":""3 years limited warranty"",""inTheBox"":""Beard Trimmer, Spare head, Guide combs"",""countryOfOrigin"":""China"",""returns"":""15-day replacement, unopened"",""support"":""Email only, 48-hour response"",""weightGrams"":719,""material"":""Recycled polycarbonate"",""colour"":""Slate Grey"",""modelYear"":2021}",Set,"[{""id"":""o1"",""label"":""Single""},{""id"":""o2"",""label"":""Duo pack""}]"
2859,tamarack-electric-toothbrush-zen,Tamarack Electric Toothbrush Zen,Tamarack,Personal Care,SK-2859-TA,"The Tamarack Electric Toothbrush Zen. A dependable personal care pick with a clean, no-nonsense design and the everyday features you actually use.","{""warranty"":""3 years limited warranty"",""inTheBox"":""Electric Toothbrush, Travel pouch, Cleaning brush"",""countryOfOrigin"":""India"",""returns"":""7-day return or replacement"",""support"":""Phone and email, 10am–6pm IST, Mon–Sat"",""weightGrams"":644,""material"":""ABS with soft-touch coating"",""colour"":""Ice Blue"",""modelYear"":2025}",Set,"[{""id"":""o1"",""label"":""Single""},{""id"":""o2"",""label"":""Duo pack""},{""id"":""o3"",""label"":""Travel set""},{""id"":""o4"",""label"":""Gift set""}]"
2860,veloria-hair-straightener-zen,Veloria Hair Straightener Zen,Veloria,Personal Care,SK-2860-VE,"The Veloria Hair Straightener Zen. A dependable personal care pick with a clean, no-nonsense design and the everyday features you actually use.","{""warranty"":""2 years manufacturer warranty"",""inTheBox"":""Hair Straightener, Charging stand, Guide combs, Spare head"",""countryOfOrigin"":""Thailand"",""returns"":""7-day return or replacement"",""support"":""24×7 chat support"",""weightGrams"":867,""material"":""Recycled polycarbonate"",""colour"":""Slate Grey"",""modelYear"":2021}",Set,"[{""id"":""o1"",""label"":""Single""},{""id"":""o2"",""label"":""Duo pack""},{""id"":""o3"",""label"":""Travel set""},{""id"":""o4"",""label"":""Gift set""}]"
2861,orbisk-massager-zen,Orbisk Massager Zen,Orbisk,Personal Care,SK-2861-OR,"The Orbisk Massager Zen. A dependable personal care pick with a clean, no-nonsense design and the everyday features you actually use.","{""warranty"":""3 years limited warranty"",""inTheBox"":""Massager, Charging stand, Cleaning brush, Travel pouch, Care guide"",""countryOfOrigin"":""Mexico"",""returns"":""30-day return, original packaging"",""support"":""24×7 chat support"",""weightGrams"":777,""material"":""Recycled polycarbonate"",""colour"":""Forest"",""modelYear"":2023}",Set,"[{""id"":""o1"",""label"":""Single""},{""id"":""o2"",""label"":""Duo pack""}]"
2862,junova-shaver-zen,Junova Shaver Zen,Junova,Personal Care,SK-2862-JU,"The Junova Shaver Zen. A dependable personal care pick with a clean, no-nonsense design and the everyday features you actually use.","{""warranty"":""3 years limited warranty"",""inTheBox"":""Shaver, Care guide, Charging stand"",""countryOfOrigin"":""Portugal"",""returns"":""7-day replacement, unopened"",""support"":""Phone support, 9am–6pm IST, weekdays only"",""weightGrams"":196,""material"":""Stainless steel"",""colour"":""Ice Blue"",""modelYear"":2022}",Set,"[{""id"":""o1"",""label"":""Single""},{""id"":""o2"",""label"":""Duo pack""},{""id"":""o3"",""label"":""Travel set""},{""id"":""o4"",""label"":""Gift set""}]"
2863,halvard-grooming-kit-zen,Halvard Grooming Kit Zen,Halvard,Personal Care,SK-2863-HA,"The Halvard Grooming Kit Zen. A dependable personal care pick with a clean, no-nonsense design and the everyday features you actually use.","{""warranty"":""2 years manufacturer warranty"",""inTheBox"":""Grooming Kit, Charging stand, Care guide, Travel pouch"",""countryOfOrigin"":""Indonesia"",""returns"":""10-day replacement, original packaging"",""support"":""Email and chat, 9am–7pm IST"",""weightGrams"":607,""material"":""Ceramic and ABS"",""colour"":""Clay"",""modelYear"":2023}",Set,"[{""id"":""o1"",""label"":""Single""},{""id"":""o2"",""label"":""Duo pack""},{""id"":""o3"",""label"":""Travel set""},{""id"":""o4"",""label"":""Gift set""}]"
2864,redwick-epilator-zen,Redwick Epilator Zen,Redwick,Personal Care,SK-2864-RE,"The Redwick Epilator Zen. A dependable personal care pick with a clean, no-nonsense design and the everyday features you actually use.","{""warranty"":""2 years manufacturer warranty"",""inTheBox"":""Epilator, Travel pouch, Cleaning brush, Guide combs"",""countryOfOrigin"":""Malaysia"",""returns"":""7-day replacement, unopened"",""support"":""Email and chat, 9am–7pm IST"",""weightGrams"":93,""material"":""Ceramic and ABS"",""colour"":""Midnight Navy"",""modelYear"":2022}",Set,"[{""id"":""o1"",""label"":""Single""},{""id"":""o2"",""label"":""Duo pack""},{""id"":""o3"",""label"":""Travel set""},{""id"":""o4"",""label"":""Gift set""}]"
2865,mosella-digital-piano-zen,Mosella Digital Piano Zen,Mosella,Instruments,SK-2865-MO,"The Mosella Digital Piano Zen. A dependable instruments pick with a clean, no-nonsense design and the everyday features you actually use.","{""warranty"":""1 year warranty, extendable to 2 on registration"",""inTheBox"":""Digital Piano, Power adapter, Polishing cloth"",""countryOfOrigin"":""Portugal"",""returns"":""10-day replacement, original packaging"",""support"":""Phone support, 9am–6pm IST, weekdays only"",""weightGrams"":20967,""material"":""Spruce and mahogany"",""colour"":""Oxblood"",""modelYear"":2023}",Bundle,"[{""id"":""o1"",""label"":""Instrument only""},{""id"":""o2"",""label"":""Starter bundle""}]"
2866,tundrel-ukulele-zen,Tundrel Ukulele Zen,Tundrel,Instruments,SK-2866-TU,"The Tundrel Ukulele Zen. A dependable instruments pick with a clean, no-nonsense design and the everyday features you actually use.","{""warranty"":""1 year manufacturer warranty"",""inTheBox"":""Ukulele, Tuner, Spare strings, Power adapter, Polishing cloth"",""countryOfOrigin"":""South Korea"",""returns"":""7-day return or replacement"",""support"":""Email and chat, 9am–7pm IST"",""weightGrams"":3122,""material"":""Rosewood"",""colour"":""Slate Grey"",""modelYear"":2023}",Bundle,"[{""id"":""o1"",""label"":""Instrument only""},{""id"":""o2"",""label"":""Starter bundle""},{""id"":""o3"",""label"":""Studio bundle""},{""id"":""o4"",""label"":""Stage bundle""}]"
2867,lumeno-acoustic-guitar-zen,Lumeno Acoustic Guitar Zen,Lumeno,Instruments,SK-2867-LU,"The Lumeno Acoustic Guitar Zen. A dependable instruments pick with a clean, no-nonsense design and the everyday features you actually use.","{""warranty"":""1 year manufacturer warranty"",""inTheBox"":""Acoustic Guitar, Power adapter, Polishing cloth"",""countryOfOrigin"":""Mexico"",""returns"":""14-day return, restocking fee applies"",""support"":""Email and chat, 9am–7pm IST"",""weightGrams"":20157,""material"":""Maple"",""colour"":""Pewter"",""modelYear"":2025}",Bundle,"[{""id"":""o1"",""label"":""Instrument only""},{""id"":""o2"",""label"":""Starter bundle""},{""id"":""o3"",""label"":""Studio bundle""},{""id"":""o4"",""label"":""Stage bundle""}]"
2868,saffrix-electronic-drum-kit-zen,Saffrix Electronic Drum Kit Zen,Saffrix,Instruments,SK-2868-SA,"The Saffrix Electronic Drum Kit Zen. A dependable instruments pick with a clean, no-nonsense design and the everyday features you actually use.","{""warranty"":""3 years limited warranty"",""inTheBox"":""Electronic Drum Kit, Tuner, Power adapter, Polishing cloth"",""countryOfOrigin"":""South Korea"",""returns"":""15-day replacement, unopened"",""support"":""Phone support, 9am–6pm IST, weekdays only"",""weightGrams"":10476,""material"":""Rosewood"",""colour"":""Clay"",""modelYear"":2021}",Bundle,"[{""id"":""o1"",""label"":""Instrument only""},{""id"":""o2"",""label"":""Starter bundle""},{""id"":""o3"",""label"":""Studio bundle""},{""id"":""o4"",""label"":""Stage bundle""}]"
2869,pinecrest-midi-keyboard-zen,Pinecrest MIDI Keyboard Zen,Pinecrest,Instruments,SK-2869-PI,"The Pinecrest MIDI Keyboard Zen. A dependable instruments pick with a clean, no-nonsense design and the everyday features you actually use.","{""warranty"":""18 months manufacturer warranty"",""inTheBox"":""MIDI Keyboard, Gig bag, Power adapter, Tuner, Spare strings"",""countryOfOrigin"":""China"",""returns"":""30-day return, original packaging"",""support"":""Phone support, 9am–6pm IST, weekdays only"",""weightGrams"":12355,""material"":""Rosewood"",""colour"":""Sandstone"",""modelYear"":2025}",Bundle,"[{""id"":""o1"",""label"":""Instrument only""},{""id"":""o2"",""label"":""Starter bundle""},{""id"":""o3"",""label"":""Studio bundle""},{""id"":""o4"",""label"":""Stage bundle""}]"
2870,solvane-violin-zen,Solvane Violin Zen,Solvane,Instruments,SK-2870-SO,"The Solvane Violin Zen. A dependable instruments pick with a clean, no-nonsense design and the everyday features you actually use.","{""warranty"":""1 year warranty, extendable to 2 on registration"",""inTheBox"":""Violin, Gig bag, Quick-start guide"",""countryOfOrigin"":""China"",""returns"":""30-day return, original packaging"",""support"":""Phone support, 9am–6pm IST, weekdays only"",""weightGrams"":14965,""material"":""Spruce and mahogany"",""colour"":""Ice Blue"",""modelYear"":2022}",Bundle,"[{""id"":""o1"",""label"":""Instrument only""},{""id"":""o2"",""label"":""Starter bundle""},{""id"":""o3"",""label"":""Studio bundle""},{""id"":""o4"",""label"":""Stage bundle""}]"
2871,quarrow-cajon-zen,Quarrow Cajon Zen,Quarrow,Instruments,SK-2871-QU,"The Quarrow Cajon Zen. A dependable instruments pick with a clean, no-nonsense design and the everyday features you actually use.","{""warranty"":""2 years manufacturer warranty"",""inTheBox"":""Cajon, Polishing cloth, Quick-start guide"",""countryOfOrigin"":""China"",""returns"":""Replacement only, on verified defect"",""support"":""Email and chat, 9am–7pm IST"",""weightGrams"":1870,""material"":""Spruce and mahogany"",""colour"":""Slate Grey"",""modelYear"":2024}",Bundle,"[{""id"":""o1"",""label"":""Instrument only""},{""id"":""o2"",""label"":""Starter bundle""},{""id"":""o3"",""label"":""Studio bundle""}]"
2872,brightwell-synthesizer-zen,Brightwell Synthesizer Zen,Brightwell,Instruments,SK-2872-BR,"The Brightwell Synthesizer Zen. A dependable instruments pick with a clean, no-nonsense design and the everyday features you actually use.","{""warranty"":""1 year warranty, extendable to 2 on registration"",""inTheBox"":""Synthesizer, Tuner, Quick-start guide, Gig bag, Power adapter"",""countryOfOrigin"":""Portugal"",""returns"":""14-day return, restocking fee applies"",""support"":""24×7 chat support"",""weightGrams"":4438,""material"":""Rosewood"",""colour"":""Olive"",""modelYear"":2022}",Bundle,"[{""id"":""o1"",""label"":""Instrument only""},{""id"":""o2"",""label"":""Starter bundle""},{""id"":""o3"",""label"":""Studio bundle""},{""id"":""o4"",""label"":""Stage bundle""}]"
2873,tamarack-wi-fi-router-zen,Tamarack Wi-Fi Router Zen,Tamarack,Networking,SK-2873-TA,"The Tamarack Wi-Fi Router Zen. A dependable networking pick with a clean, no-nonsense design and the everyday features you actually use.","{""warranty"":""1 year manufacturer warranty"",""inTheBox"":""Wi-Fi Router, Power adapter, Ethernet cable, Warranty card, Wall-mount kit"",""countryOfOrigin"":""Germany"",""returns"":""10-day replacement, original packaging"",""support"":""Phone and email, 10am–6pm IST, Mon–Sat"",""weightGrams"":976,""material"":""Flame-retardant polycarbonate"",""colour"":""Clay"",""modelYear"":2025}",Pack,"[{""id"":""o1"",""label"":""1-pack""},{""id"":""o2"",""label"":""2-pack""},{""id"":""o3"",""label"":""3-pack""},{""id"":""o4"",""label"":""4-pack""}]"
2874,veloria-mesh-system-zen,Veloria Mesh System Zen,Veloria,Networking,SK-2874-VE,"The Veloria Mesh System Zen. A dependable networking pick with a clean, no-nonsense design and the everyday features you actually use.","{""warranty"":""6 months manufacturer warranty"",""inTheBox"":""Mesh System, Power adapter, Warranty card, Wall-mount kit"",""countryOfOrigin"":""Germany"",""returns"":""7-day replacement, unopened"",""support"":""Email, chat and phone, 9am–9pm IST"",""weightGrams"":717,""material"":""Anodised aluminium"",""colour"":""Slate Grey"",""modelYear"":2025}",Pack,"[{""id"":""o1"",""label"":""1-pack""},{""id"":""o2"",""label"":""2-pack""}]"
2875,orbisk-network-switch-zen,Orbisk Network Switch Zen,Orbisk,Networking,SK-2875-OR,"The Orbisk Network Switch Zen. A dependable networking pick with a clean, no-nonsense design and the everyday features you actually use.","{""warranty"":""2 years international warranty"",""inTheBox"":""Network Switch, Ethernet cable, Power adapter"",""countryOfOrigin"":""Mexico"",""returns"":""Replacement only, on verified defect"",""support"":""Phone support, 9am–6pm IST, weekdays only"",""weightGrams"":1954,""material"":""Anodised aluminium"",""colour"":""Midnight Navy"",""modelYear"":2022}",Pack,"[{""id"":""o1"",""label"":""1-pack""},{""id"":""o2"",""label"":""2-pack""}]"
2876,junova-range-extender-zen,Junova Range Extender Zen,Junova,Networking,SK-2876-JU,"The Junova Range Extender Zen. A dependable networking pick with a clean, no-nonsense design and the everyday features you actually use.","{""warranty"":""2 years manufacturer warranty"",""inTheBox"":""Range Extender, Warranty card, Power adapter"",""countryOfOrigin"":""Portugal"",""returns"":""14-day return, restocking fee applies"",""support"":""Email only, 48-hour response"",""weightGrams"":1865,""material"":""Anodised aluminium"",""colour"":""Forest"",""modelYear"":2024}",Pack,"[{""id"":""o1"",""label"":""1-pack""},{""id"":""o2"",""label"":""2-pack""},{""id"":""o3"",""label"":""3-pack""}]"
2877,halvard-powerline-adapter-zen,Halvard Powerline Adapter Zen,Halvard,Networking,SK-2877-HA,"The Halvard Powerline Adapter Zen. A dependable networking pick with a clean, no-nonsense design and the everyday features you actually use.","{""warranty"":""6 months manufacturer warranty"",""inTheBox"":""Powerline Adapter, Warranty card, Ethernet cable, Power adapter"",""countryOfOrigin"":""Mexico"",""returns"":""10-day replacement, original packaging"",""support"":""24×7 chat support"",""weightGrams"":1233,""material"":""Flame-retardant polycarbonate"",""colour"":""Olive"",""modelYear"":2025}",Pack,"[{""id"":""o1"",""label"":""1-pack""},{""id"":""o2"",""label"":""2-pack""},{""id"":""o3"",""label"":""3-pack""},{""id"":""o4"",""label"":""4-pack""}]"
2878,redwick-travel-router-zen,Redwick Travel Router Zen,Redwick,Networking,SK-2878-RE,"The Redwick Travel Router Zen. A dependable networking pick with a clean, no-nonsense design and the everyday features you actually use.","{""warranty"":""5 years limited warranty"",""inTheBox"":""Travel Router, Setup guide, Ethernet cable, Wall-mount kit"",""countryOfOrigin"":""South Korea"",""returns"":""Replacement only, on verified defect"",""support"":""24×7 chat support"",""weightGrams"":724,""material"":""Flame-retardant polycarbonate"",""colour"":""Forest"",""modelYear"":2023}",Pack,"[{""id"":""o1"",""label"":""1-pack""},{""id"":""o2"",""label"":""2-pack""},{""id"":""o3"",""label"":""3-pack""}]"
2879,mosella-nas-enclosure-zen,Mosella NAS Enclosure Zen,Mosella,Networking,SK-2879-MO,"The Mosella NAS Enclosure Zen. A dependable networking pick with a clean, no-nonsense design and the everyday features you actually use.","{""warranty"":""1 year manufacturer warranty"",""inTheBox"":""NAS Enclosure, Warranty card, Power adapter"",""countryOfOrigin"":""Malaysia"",""returns"":""10-day replacement, original packaging"",""support"":""Email and chat, 9am–7pm IST"",""weightGrams"":1676,""material"":""Flame-retardant polycarbonate"",""colour"":""Midnight Navy"",""modelYear"":2025}",Pack,"[{""id"":""o1"",""label"":""1-pack""},{""id"":""o2"",""label"":""2-pack""},{""id"":""o3"",""label"":""3-pack""},{""id"":""o4"",""label"":""4-pack""}]"
2880,tundrel-5g-hotspot-zen,Tundrel 5G Hotspot Zen,Tundrel,Networking,SK-2880-TU,"The Tundrel 5G Hotspot Zen. A dependable networking pick with a clean, no-nonsense design and the everyday features you actually use.","{""warranty"":""6 months manufacturer warranty"",""inTheBox"":""5G Hotspot, Warranty card, Ethernet cable, Setup guide, Wall-mount kit"",""countryOfOrigin"":""Germany"",""returns"":""30-day return, original packaging"",""support"":""Phone and email, 10am–6pm IST, Mon–Sat"",""weightGrams"":132,""material"":""Flame-retardant polycarbonate"",""colour"":""Graphite"",""modelYear"":2024}",Pack,"[{""id"":""o1"",""label"":""1-pack""},{""id"":""o2"",""label"":""2-pack""},{""id"":""o3"",""label"":""3-pack""}]"
2881,lumeno-mirrorless-camera-arc,Lumeno Mirrorless Camera Arc,Lumeno,Cameras,SK-2881-LU,"The Lumeno Mirrorless Camera Arc. A dependable cameras pick with a clean, no-nonsense design and the everyday features you actually use.","{""warranty"":""2 years international warranty"",""inTheBox"":""Mirrorless Camera, Rechargeable battery, Mounting adapter, Lens cap, Quick-start guide"",""countryOfOrigin"":""India"",""returns"":""14-day return, restocking fee applies"",""support"":""Email, chat and phone, 9am–9pm IST"",""weightGrams"":532,""material"":""Polycarbonate with rubber grip"",""colour"":""Clay"",""modelYear"":2023}",Kit,"[{""id"":""o1"",""label"":""Body only""},{""id"":""o2"",""label"":""Standard kit""},{""id"":""o3"",""label"":""Creator kit""},{""id"":""o4"",""label"":""Pro kit""}]"
2882,saffrix-action-camera-arc,Saffrix Action Camera Arc,Saffrix,Cameras,SK-2882-SA,"The Saffrix Action Camera Arc. A dependable cameras pick with a clean, no-nonsense design and the everyday features you actually use.","{""warranty"":""2 years manufacturer warranty"",""inTheBox"":""Action Camera, Lens cap, Microfibre cloth"",""countryOfOrigin"":""Mexico"",""returns"":""14-day return, restocking fee applies"",""support"":""In-app chat, 8am–8pm IST"",""weightGrams"":1347,""material"":""Polycarbonate with rubber grip"",""colour"":""Bone White"",""modelYear"":2025}",Kit,"[{""id"":""o1"",""label"":""Body only""},{""id"":""o2"",""label"":""Standard kit""}]"
2883,pinecrest-instant-camera-arc,Pinecrest Instant Camera Arc,Pinecrest,Cameras,SK-2883-PI,"The Pinecrest Instant Camera Arc. A dependable cameras pick with a clean, no-nonsense design and the everyday features you actually use.","{""warranty"":""1 year warranty, extendable to 2 on registration"",""inTheBox"":""Instant Camera, Microfibre cloth, Neck strap"",""countryOfOrigin"":""Germany"",""returns"":""30-day return, original packaging"",""support"":""Email, chat and phone, 9am–9pm IST"",""weightGrams"":720,""material"":""Glass-fibre composite"",""colour"":""Matte Black"",""modelYear"":2022}",Kit,"[{""id"":""o1"",""label"":""Body only""},{""id"":""o2"",""label"":""Standard kit""},{""id"":""o3"",""label"":""Creator kit""},{""id"":""o4"",""label"":""Pro kit""}]"
2884,solvane-vlog-camera-arc,Solvane Vlog Camera Arc,Solvane,Cameras,SK-2884-SO,"The Solvane Vlog Camera Arc. A dependable cameras pick with a clean, no-nonsense design and the everyday features you actually use.","{""warranty"":""1 year warranty, extendable to 2 on registration"",""inTheBox"":""Vlog Camera, Quick-start guide, Rechargeable battery, USB-C cable"",""countryOfOrigin"":""Thailand"",""returns"":""7-day replacement, unopened"",""support"":""Email and chat, 9am–7pm IST"",""weightGrams"":740,""material"":""Anodised aluminium"",""colour"":""Oxblood"",""modelYear"":2022}",Kit,"[{""id"":""o1"",""label"":""Body only""},{""id"":""o2"",""label"":""Standard kit""},{""id"":""o3"",""label"":""Creator kit""},{""id"":""o4"",""label"":""Pro kit""}]"
2885,quarrow-film-scanner-arc,Quarrow Film Scanner Arc,Quarrow,Cameras,SK-2885-QU,"The Quarrow Film Scanner Arc. A dependable cameras pick with a clean, no-nonsense design and the everyday features you actually use.","{""warranty"":""3 years limited warranty"",""inTheBox"":""Film Scanner, Microfibre cloth, Rechargeable battery"",""countryOfOrigin"":""Indonesia"",""returns"":""Replacement only, on verified defect"",""support"":""In-app chat, 8am–8pm IST"",""weightGrams"":1196,""material"":""Glass-fibre composite"",""colour"":""Forest"",""modelYear"":2022}",Kit,"[{""id"":""o1"",""label"":""Body only""},{""id"":""o2"",""label"":""Standard kit""}]"
2886,brightwell-dash-cam-arc,Brightwell Dash Cam Arc,Brightwell,Cameras,SK-2886-BR,"The Brightwell Dash Cam Arc. A dependable cameras pick with a clean, no-nonsense design and the everyday features you actually use.","{""warranty"":""6 months manufacturer warranty"",""inTheBox"":""Dash Cam, Microfibre cloth, Quick-start guide, Lens cap, Mounting adapter"",""countryOfOrigin"":""Malaysia"",""returns"":""7-day return or replacement"",""support"":""Email, chat and phone, 9am–9pm IST"",""weightGrams"":1217,""material"":""Anodised aluminium"",""colour"":""Ice Blue"",""modelYear"":2024}",Kit,"[{""id"":""o1"",""label"":""Body only""},{""id"":""o2"",""label"":""Standard kit""},{""id"":""o3"",""label"":""Creator kit""},{""id"":""o4"",""label"":""Pro kit""}]"
2887,tamarack-trail-camera-arc,Tamarack Trail Camera Arc,Tamarack,Cameras,SK-2887-TA,"The Tamarack Trail Camera Arc. A dependable cameras pick with a clean, no-nonsense design and the everyday features you actually use.","{""warranty"":""18 months manufacturer warranty"",""inTheBox"":""Trail Camera, Microfibre cloth, Neck strap, Lens cap"",""countryOfOrigin"":""Mexico"",""returns"":""7-day replacement, unopened"",""support"":""In-app chat, 8am–8pm IST"",""weightGrams"":1353,""material"":""Anodised aluminium"",""colour"":""Sandstone"",""modelYear"":2022}",Kit,"[{""id"":""o1"",""label"":""Body only""},{""id"":""o2"",""label"":""Standard kit""}]"
2888,veloria-gimbal-arc,Veloria Gimbal Arc,Veloria,Cameras,SK-2888-VE,"The Veloria Gimbal Arc. A dependable cameras pick with a clean, no-nonsense design and the everyday features you actually use.","{""warranty"":""18 months manufacturer warranty"",""inTheBox"":""Gimbal, Lens cap, Mounting adapter"",""countryOfOrigin"":""Thailand"",""returns"":""14-day return, restocking fee applies"",""support"":""Phone support, 9am–6pm IST, weekdays only"",""weightGrams"":608,""material"":""Magnesium alloy"",""colour"":""Bone White"",""modelYear"":2023}",Kit,"[{""id"":""o1"",""label"":""Body only""},{""id"":""o2"",""label"":""Standard kit""},{""id"":""o3"",""label"":""Creator kit""},{""id"":""o4"",""label"":""Pro kit""}]"
2889,orbisk-tablet-arc,Orbisk Tablet Arc,Orbisk,Tablets,SK-2889-OR,"The Orbisk Tablet Arc. A dependable tablets pick with a clean, no-nonsense design and the everyday features you actually use.","{""warranty"":""1 year warranty, extendable to 2 on registration"",""inTheBox"":""Tablet, Folio sleeve, Quick-start guide"",""countryOfOrigin"":""Vietnam"",""returns"":""7-day return or replacement"",""support"":""In-app chat, 8am–8pm IST"",""weightGrams"":546,""material"":""Anodised aluminium"",""colour"":""Olive"",""modelYear"":2021}",Storage,"[{""id"":""o1"",""label"":""64 GB""},{""id"":""o2"",""label"":""128 GB""}]"
2890,junova-e-reader-arc,Junova E-Reader Arc,Junova,Tablets,SK-2890-JU,"The Junova E-Reader Arc. A dependable tablets pick with a clean, no-nonsense design and the everyday features you actually use.","{""warranty"":""1 year warranty, extendable to 2 on registration"",""inTheBox"":""E-Reader, SIM tool, Folio sleeve, Stylus"",""countryOfOrigin"":""Germany"",""returns"":""7-day return or replacement"",""support"":""Email only, 48-hour response"",""weightGrams"":540,""material"":""Magnesium alloy"",""colour"":""Ice Blue"",""modelYear"":2022}",Storage,"[{""id"":""o1"",""label"":""64 GB""},{""id"":""o2"",""label"":""128 GB""},{""id"":""o3"",""label"":""256 GB""},{""id"":""o4"",""label"":""512 GB""}]"
2891,halvard-drawing-tablet-arc,Halvard Drawing Tablet Arc,Halvard,Tablets,SK-2891-HA,"The Halvard Drawing Tablet Arc. A dependable tablets pick with a clean, no-nonsense design and the everyday features you actually use.","{""warranty"":""18 months manufacturer warranty"",""inTheBox"":""Drawing Tablet, Folio sleeve, Stylus, SIM tool"",""countryOfOrigin"":""Thailand"",""returns"":""10-day replacement, original packaging"",""support"":""Email, chat and phone, 9am–9pm IST"",""weightGrams"":802,""material"":""Recycled aluminium"",""colour"":""Clay"",""modelYear"":2022}",Storage,"[{""id"":""o1"",""label"":""64 GB""},{""id"":""o2"",""label"":""128 GB""},{""id"":""o3"",""label"":""256 GB""},{""id"":""o4"",""label"":""512 GB""}]"
2892,redwick-kids-tablet-arc,Redwick Kids Tablet Arc,Redwick,Tablets,SK-2892-RE,"The Redwick Kids Tablet Arc. A dependable tablets pick with a clean, no-nonsense design and the everyday features you actually use.","{""warranty"":""3 years limited warranty"",""inTheBox"":""Kids Tablet, Folio sleeve, 20W adapter"",""countryOfOrigin"":""India"",""returns"":""Replacement only, on verified defect"",""support"":""In-app chat, 8am–8pm IST"",""weightGrams"":851,""material"":""Polycarbonate with glass front"",""colour"":""Pewter"",""modelYear"":2025}",Storage,"[{""id"":""o1"",""label"":""64 GB""},{""id"":""o2"",""label"":""128 GB""},{""id"":""o3"",""label"":""256 GB""}]"
2893,mosella-note-pad-arc,Mosella Note Pad Arc,Mosella,Tablets,SK-2893-MO,"The Mosella Note Pad Arc. A dependable tablets pick with a clean, no-nonsense design and the everyday features you actually use.","{""warranty"":""5 years limited warranty"",""inTheBox"":""Note Pad, USB-C cable, Quick-start guide, Folio sleeve, 20W adapter"",""countryOfOrigin"":""Taiwan"",""returns"":""14-day return, restocking fee applies"",""support"":""Phone support, 9am–6pm IST, weekdays only"",""weightGrams"":900,""material"":""Anodised aluminium"",""colour"":""Oxblood"",""modelYear"":2025}",Storage,"[{""id"":""o1"",""label"":""64 GB""},{""id"":""o2"",""label"":""128 GB""}]"
2894,tundrel-slate-arc,Tundrel Slate Arc,Tundrel,Tablets,SK-2894-TU,"The Tundrel Slate Arc. A dependable tablets pick with a clean, no-nonsense design and the everyday features you actually use.","{""warranty"":""3 years limited warranty"",""inTheBox"":""Slate, Stylus, USB-C cable, Quick-start guide"",""countryOfOrigin"":""India"",""returns"":""7-day return or replacement"",""support"":""Phone support, 9am–6pm IST, weekdays only"",""weightGrams"":853,""material"":""Magnesium alloy"",""colour"":""Ice Blue"",""modelYear"":2024}",Storage,"[{""id"":""o1"",""label"":""64 GB""},{""id"":""o2"",""label"":""128 GB""}]"
2895,lumeno-foldable-tablet-arc,Lumeno Foldable Tablet Arc,Lumeno,Tablets,SK-2895-LU,"The Lumeno Foldable Tablet Arc. A dependable tablets pick with a clean, no-nonsense design and the everyday features you actually use.","{""warranty"":""2 years international warranty"",""inTheBox"":""Foldable Tablet, 20W adapter, SIM tool, Stylus"",""countryOfOrigin"":""South Korea"",""returns"":""10-day replacement, original packaging"",""support"":""In-app chat, 8am–8pm IST"",""weightGrams"":488,""material"":""Magnesium alloy"",""colour"":""Forest"",""modelYear"":2022}",Storage,"[{""id"":""o1"",""label"":""64 GB""},{""id"":""o2"",""label"":""128 GB""},{""id"":""o3"",""label"":""256 GB""},{""id"":""o4"",""label"":""512 GB""}]"
2896,saffrix-rugged-tablet-arc,Saffrix Rugged Tablet Arc,Saffrix,Tablets,SK-2896-SA,"The Saffrix Rugged Tablet Arc. A dependable tablets pick with a clean, no-nonsense design and the everyday features you actually use.","{""warranty"":""1 year manufacturer warranty"",""inTheBox"":""Rugged Tablet, USB-C cable, Quick-start guide"",""countryOfOrigin"":""Portugal"",""returns"":""15-day replacement, unopened"",""support"":""Phone and email, 10am–6pm IST, Mon–Sat"",""weightGrams"":597,""material"":""Recycled aluminium"",""colour"":""Midnight Navy"",""modelYear"":2021}",Storage,"[{""id"":""o1"",""label"":""64 GB""},{""id"":""o2"",""label"":""128 GB""},{""id"":""o3"",""label"":""256 GB""},{""id"":""o4"",""label"":""512 GB""}]"
2897,pinecrest-controller-arc,Pinecrest Controller Arc,Pinecrest,Gaming,SK-2897-PI,"The Pinecrest Controller Arc. A dependable gaming pick with a clean, no-nonsense design and the everyday features you actually use.","{""warranty"":""2 years manufacturer warranty"",""inTheBox"":""Controller, Spare thumbsticks, Wireless dongle"",""countryOfOrigin"":""China"",""returns"":""15-day replacement, unopened"",""support"":""Email, chat and phone, 9am–9pm IST"",""weightGrams"":5885,""material"":""Recycled polycarbonate"",""colour"":""Clay"",""modelYear"":2022}",Edition,"[{""id"":""o1"",""label"":""Standard""},{""id"":""o2"",""label"":""Special Edition""}]"
2898,solvane-handheld-console-arc,Solvane Handheld Console Arc,Solvane,Gaming,SK-2898-SO,"The Solvane Handheld Console Arc. A dependable gaming pick with a clean, no-nonsense design and the everyday features you actually use.","{""warranty"":""3 years limited warranty"",""inTheBox"":""Handheld Console, Wireless dongle, USB-C cable, Carry case, Quick-start guide"",""countryOfOrigin"":""Germany"",""returns"":""15-day replacement, unopened"",""support"":""Email only, 48-hour response"",""weightGrams"":4697,""material"":""ABS with soft-touch coating"",""colour"":""Sandstone"",""modelYear"":2021}",Edition,"[{""id"":""o1"",""label"":""Standard""},{""id"":""o2"",""label"":""Special Edition""},{""id"":""o3"",""label"":""Pro Bundle""}]"
2899,quarrow-racing-wheel-arc,Quarrow Racing Wheel Arc,Quarrow,Gaming,SK-2899-QU,"The Quarrow Racing Wheel Arc. A dependable gaming pick with a clean, no-nonsense design and the everyday features you actually use.","{""warranty"":""2 years manufacturer warranty"",""inTheBox"":""Racing Wheel, USB-C cable, Sticker sheet, Wireless dongle, Quick-start guide"",""countryOfOrigin"":""Mexico"",""returns"":""15-day replacement, unopened"",""support"":""Email and chat, 9am–7pm IST"",""weightGrams"":3433,""material"":""ABS with soft-touch coating"",""colour"":""Ice Blue"",""modelYear"":2023}",Edition,"[{""id"":""o1"",""label"":""Standard""},{""id"":""o2"",""label"":""Special Edition""},{""id"":""o3"",""label"":""Pro Bundle""},{""id"":""o4"",""label"":""Collector Bundle""}]"
2900,brightwell-arcade-stick-arc,Brightwell Arcade Stick Arc,Brightwell,Gaming,SK-2900-BR,"The Brightwell Arcade Stick Arc. A dependable gaming pick with a clean, no-nonsense design and the everyday features you actually use.","{""warranty"":""2 years international warranty"",""inTheBox"":""Arcade Stick, Spare thumbsticks, Sticker sheet, Quick-start guide"",""countryOfOrigin"":""Germany"",""returns"":""30-day return, original packaging"",""support"":""24×7 chat support"",""weightGrams"":605,""material"":""Recycled polycarbonate"",""colour"":""Clay"",""modelYear"":2022}",Edition,"[{""id"":""o1"",""label"":""Standard""},{""id"":""o2"",""label"":""Special Edition""},{""id"":""o3"",""label"":""Pro Bundle""}]"
2901,tamarack-gaming-headset-arc,Tamarack Gaming Headset Arc,Tamarack,Gaming,SK-2901-TA,"The Tamarack Gaming Headset Arc. A dependable gaming pick with a clean, no-nonsense design and the everyday features you actually use.","{""warranty"":""1 year warranty, extendable to 2 on registration"",""inTheBox"":""Gaming Headset, Sticker sheet, USB-C cable, Carry case"",""countryOfOrigin"":""India"",""returns"":""30-day return, original packaging"",""support"":""Email, chat and phone, 9am–9pm IST"",""weightGrams"":217,""material"":""ABS with soft-touch coating"",""colour"":""Olive"",""modelYear"":2022}",Edition,"[{""id"":""o1"",""label"":""Standard""},{""id"":""o2"",""label"":""Special Edition""},{""id"":""o3"",""label"":""Pro Bundle""},{""id"":""o4"",""label"":""Collector Bundle""}]"
2902,veloria-capture-card-arc,Veloria Capture Card Arc,Veloria,Gaming,SK-2902-VE,"The Veloria Capture Card Arc. A dependable gaming pick with a clean, no-nonsense design and the everyday features you actually use.","{""warranty"":""2 years international warranty"",""inTheBox"":""Capture Card, Wireless dongle, Sticker sheet, Spare thumbsticks"",""countryOfOrigin"":""Czechia"",""returns"":""14-day return, restocking fee applies"",""support"":""In-app chat, 8am–8pm IST"",""weightGrams"":4905,""material"":""Glass-filled nylon"",""colour"":""Pewter"",""modelYear"":2025}",Edition,"[{""id"":""o1"",""label"":""Standard""},{""id"":""o2"",""label"":""Special Edition""},{""id"":""o3"",""label"":""Pro Bundle""},{""id"":""o4"",""label"":""Collector Bundle""}]"
2903,orbisk-flight-stick-arc,Orbisk Flight Stick Arc,Orbisk,Gaming,SK-2903-OR,"The Orbisk Flight Stick Arc. A dependable gaming pick with a clean, no-nonsense design and the everyday features you actually use.","{""warranty"":""2 years manufacturer warranty"",""inTheBox"":""Flight Stick, USB-C cable, Wireless dongle, Quick-start guide"",""countryOfOrigin"":""South Korea"",""returns"":""7-day return or replacement"",""support"":""Phone and email, 10am–6pm IST, Mon–Sat"",""weightGrams"":2876,""material"":""Glass-filled nylon"",""colour"":""Bone White"",""modelYear"":2024}",Edition,"[{""id"":""o1"",""label"":""Standard""},{""id"":""o2"",""label"":""Special Edition""},{""id"":""o3"",""label"":""Pro Bundle""}]"
2904,junova-vr-headset-arc,Junova VR Headset Arc,Junova,Gaming,SK-2904-JU,"The Junova VR Headset Arc. A dependable gaming pick with a clean, no-nonsense design and the everyday features you actually use.","{""warranty"":""6 months manufacturer warranty"",""inTheBox"":""VR Headset, Quick-start guide, Spare thumbsticks"",""countryOfOrigin"":""India"",""returns"":""10-day replacement, original packaging"",""support"":""24×7 chat support"",""weightGrams"":2060,""material"":""Glass-filled nylon"",""colour"":""Bone White"",""modelYear"":2025}",Edition,"[{""id"":""o1"",""label"":""Standard""},{""id"":""o2"",""label"":""Special Edition""},{""id"":""o3"",""label"":""Pro Bundle""},{""id"":""o4"",""label"":""Collector Bundle""}]"
2905,halvard-dumbbell-set-arc,Halvard Dumbbell Set Arc,Halvard,Fitness,SK-2905-HA,"The Halvard Dumbbell Set Arc. A dependable fitness pick with a clean, no-nonsense design and the everyday features you actually use.","{""warranty"":""2 years manufacturer warranty"",""inTheBox"":""Dumbbell Set, Anchor strap, Assembly tools, Exercise chart"",""countryOfOrigin"":""Indonesia"",""returns"":""30-day return, original packaging"",""support"":""In-app chat, 8am–8pm IST"",""weightGrams"":4903,""material"":""EVA foam"",""colour"":""Matte Black"",""modelYear"":2025}",Level,"[{""id"":""o1"",""label"":""Starter""},{""id"":""o2"",""label"":""Regular""},{""id"":""o3"",""label"":""Advanced""},{""id"":""o4"",""label"":""Elite""}]"
2906,redwick-yoga-mat-arc,Redwick Yoga Mat Arc,Redwick,Fitness,SK-2906-RE,"The Redwick Yoga Mat Arc. A dependable fitness pick with a clean, no-nonsense design and the everyday features you actually use.","{""warranty"":""5 years limited warranty"",""inTheBox"":""Yoga Mat, Storage bag, Grip pads, Anchor strap"",""countryOfOrigin"":""Vietnam"",""returns"":""10-day replacement, original packaging"",""support"":""Phone and email, 10am–6pm IST, Mon–Sat"",""weightGrams"":46581,""material"":""Powder-coated steel"",""colour"":""Sandstone"",""modelYear"":2025}",Level,"[{""id"":""o1"",""label"":""Starter""},{""id"":""o2"",""label"":""Regular""},{""id"":""o3"",""label"":""Advanced""},{""id"":""o4"",""label"":""Elite""}]"
2907,mosella-rowing-machine-arc,Mosella Rowing Machine Arc,Mosella,Fitness,SK-2907-MO,"The Mosella Rowing Machine Arc. A dependable fitness pick with a clean, no-nonsense design and the everyday features you actually use.","{""warranty"":""1 year warranty, extendable to 2 on registration"",""inTheBox"":""Rowing Machine, Care card, Grip pads"",""countryOfOrigin"":""India"",""returns"":""10-day replacement, original packaging"",""support"":""Email, chat and phone, 9am–9pm IST"",""weightGrams"":39863,""material"":""TPE foam"",""colour"":""Olive"",""modelYear"":2022}",Level,"[{""id"":""o1"",""label"":""Starter""},{""id"":""o2"",""label"":""Regular""},{""id"":""o3"",""label"":""Advanced""}]"
2908,tundrel-resistance-bands-arc,Tundrel Resistance Bands Arc,Tundrel,Fitness,SK-2908-TU,"The Tundrel Resistance Bands Arc. A dependable fitness pick with a clean, no-nonsense design and the everyday features you actually use.","{""warranty"":""1 year warranty, extendable to 2 on registration"",""inTheBox"":""Resistance Bands, Care card, Exercise chart, Grip pads"",""countryOfOrigin"":""Germany"",""returns"":""15-day replacement, unopened"",""support"":""Phone support, 9am–6pm IST, weekdays only"",""weightGrams"":12031,""material"":""Cast iron"",""colour"":""Bone White"",""modelYear"":2022}",Level,"[{""id"":""o1"",""label"":""Starter""},{""id"":""o2"",""label"":""Regular""},{""id"":""o3"",""label"":""Advanced""}]"
2909,lumeno-kettlebell-arc,Lumeno Kettlebell Arc,Lumeno,Fitness,SK-2909-LU,"The Lumeno Kettlebell Arc. A dependable fitness pick with a clean, no-nonsense design and the everyday features you actually use.","{""warranty"":""1 year warranty, extendable to 2 on registration"",""inTheBox"":""Kettlebell, Care card, Anchor strap, Grip pads"",""countryOfOrigin"":""China"",""returns"":""10-day replacement, original packaging"",""support"":""In-app chat, 8am–8pm IST"",""weightGrams"":37992,""material"":""EVA foam"",""colour"":""Oxblood"",""modelYear"":2024}",Level,"[{""id"":""o1"",""label"":""Starter""},{""id"":""o2"",""label"":""Regular""},{""id"":""o3"",""label"":""Advanced""}]"
2910,saffrix-spin-bike-arc,Saffrix Spin Bike Arc,Saffrix,Fitness,SK-2910-SA,"The Saffrix Spin Bike Arc. A dependable fitness pick with a clean, no-nonsense design and the everyday features you actually use.","{""warranty"":""5 years limited warranty"",""inTheBox"":""Spin Bike, Exercise chart, Storage bag"",""countryOfOrigin"":""Malaysia"",""returns"":""7-day replacement, unopened"",""support"":""Email, chat and phone, 9am–9pm IST"",""weightGrams"":12917,""material"":""Natural rubber"",""colour"":""Oxblood"",""modelYear"":2022}",Level,"[{""id"":""o1"",""label"":""Starter""},{""id"":""o2"",""label"":""Regular""}]"
2911,pinecrest-foam-roller-arc,Pinecrest Foam Roller Arc,Pinecrest,Fitness,SK-2911-PI,"The Pinecrest Foam Roller Arc. A dependable fitness pick with a clean, no-nonsense design and the everyday features you actually use.","{""warranty"":""6 months manufacturer warranty"",""inTheBox"":""Foam Roller, Grip pads, Care card"",""countryOfOrigin"":""Indonesia"",""returns"":""15-day replacement, unopened"",""support"":""Email only, 48-hour response"",""weightGrams"":38929,""material"":""Natural rubber"",""colour"":""Ice Blue"",""modelYear"":2021}",Level,"[{""id"":""o1"",""label"":""Starter""},{""id"":""o2"",""label"":""Regular""},{""id"":""o3"",""label"":""Advanced""},{""id"":""o4"",""label"":""Elite""}]"
2912,solvane-pull-up-bar-arc,Solvane Pull-up Bar Arc,Solvane,Fitness,SK-2912-SO,"The Solvane Pull-up Bar Arc. A dependable fitness pick with a clean, no-nonsense design and the everyday features you actually use.","{""warranty"":""3 years limited warranty"",""inTheBox"":""Pull-up Bar, Care card, Anchor strap, Storage bag"",""countryOfOrigin"":""Mexico"",""returns"":""7-day return or replacement"",""support"":""Email and chat, 9am–7pm IST"",""weightGrams"":4425,""material"":""Natural rubber"",""colour"":""Graphite"",""modelYear"":2021}",Level,"[{""id"":""o1"",""label"":""Starter""},{""id"":""o2"",""label"":""Regular""}]"
2913,quarrow-tent-arc,Quarrow Tent Arc,Quarrow,Outdoor,SK-2913-QU,"The Quarrow Tent Arc. A dependable outdoor pick with a clean, no-nonsense design and the everyday features you actually use.","{""warranty"":""1 year manufacturer warranty"",""inTheBox"":""Tent, Repair kit, Stuff sack, Guy lines, Carabiner"",""countryOfOrigin"":""Vietnam"",""returns"":""15-day replacement, unopened"",""support"":""Phone and email, 10am–6pm IST, Mon–Sat"",""weightGrams"":5022,""material"":""Stainless steel"",""colour"":""Clay"",""modelYear"":2021}",Capacity,"[{""id"":""o1"",""label"":""Solo""},{""id"":""o2"",""label"":""Duo""},{""id"":""o3"",""label"":""Family""}]"
2914,brightwell-sleeping-bag-arc,Brightwell Sleeping Bag Arc,Brightwell,Outdoor,SK-2914-BR,"The Brightwell Sleeping Bag Arc. A dependable outdoor pick with a clean, no-nonsense design and the everyday features you actually use.","{""warranty"":""1 year warranty, extendable to 2 on registration"",""inTheBox"":""Sleeping Bag, Stuff sack, Carabiner, Repair kit, Care card"",""countryOfOrigin"":""Indonesia"",""returns"":""30-day return, original packaging"",""support"":""24×7 chat support"",""weightGrams"":4593,""material"":""Ripstop nylon"",""colour"":""Bone White"",""modelYear"":2025}",Capacity,"[{""id"":""o1"",""label"":""Solo""},{""id"":""o2"",""label"":""Duo""}]"
2915,tamarack-camp-stove-arc,Tamarack Camp Stove Arc,Tamarack,Outdoor,SK-2915-TA,"The Tamarack Camp Stove Arc. A dependable outdoor pick with a clean, no-nonsense design and the everyday features you actually use.","{""warranty"":""5 years limited warranty"",""inTheBox"":""Camp Stove, Guy lines, Stuff sack"",""countryOfOrigin"":""Taiwan"",""returns"":""14-day return, restocking fee applies"",""support"":""Email, chat and phone, 9am–9pm IST"",""weightGrams"":4925,""material"":""Recycled PET weave"",""colour"":""Sandstone"",""modelYear"":2025}",Capacity,"[{""id"":""o1"",""label"":""Solo""},{""id"":""o2"",""label"":""Duo""},{""id"":""o3"",""label"":""Family""}]"
2916,veloria-trekking-poles-arc,Veloria Trekking Poles Arc,Veloria,Outdoor,SK-2916-VE,"The Veloria Trekking Poles Arc. A dependable outdoor pick with a clean, no-nonsense design and the everyday features you actually use.","{""warranty"":""2 years international warranty"",""inTheBox"":""Trekking Poles, Guy lines, Pegs, Care card, Repair kit"",""countryOfOrigin"":""Vietnam"",""returns"":""7-day replacement, unopened"",""support"":""Email, chat and phone, 9am–9pm IST"",""weightGrams"":1322,""material"":""Recycled PET weave"",""colour"":""Pewter"",""modelYear"":2025}",Capacity,"[{""id"":""o1"",""label"":""Solo""},{""id"":""o2"",""label"":""Duo""},{""id"":""o3"",""label"":""Family""}]"
2917,orbisk-headlamp-arc,Orbisk Headlamp Arc,Orbisk,Outdoor,SK-2917-OR,"The Orbisk Headlamp Arc. A dependable outdoor pick with a clean, no-nonsense design and the everyday features you actually use.","{""warranty"":""5 years limited warranty"",""inTheBox"":""Headlamp, Stuff sack, Guy lines, Care card, Repair kit"",""countryOfOrigin"":""Portugal"",""returns"":""30-day return, original packaging"",""support"":""Email only, 48-hour response"",""weightGrams"":2745,""material"":""Aluminium alloy"",""colour"":""Graphite"",""modelYear"":2023}",Capacity,"[{""id"":""o1"",""label"":""Solo""},{""id"":""o2"",""label"":""Duo""},{""id"":""o3"",""label"":""Family""}]"
2918,junova-cooler-box-arc,Junova Cooler Box Arc,Junova,Outdoor,SK-2918-JU,"The Junova Cooler Box Arc. A dependable outdoor pick with a clean, no-nonsense design and the everyday features you actually use.","{""warranty"":""3 years limited warranty"",""inTheBox"":""Cooler Box, Stuff sack, Care card, Repair kit, Pegs"",""countryOfOrigin"":""Thailand"",""returns"":""30-day return, original packaging"",""support"":""In-app chat, 8am–8pm IST"",""weightGrams"":4398,""material"":""Recycled PET weave"",""colour"":""Pewter"",""modelYear"":2024}",Capacity,"[{""id"":""o1"",""label"":""Solo""},{""id"":""o2"",""label"":""Duo""}]"
2919,halvard-hammock-arc,Halvard Hammock Arc,Halvard,Outdoor,SK-2919-HA,"The Halvard Hammock Arc. A dependable outdoor pick with a clean, no-nonsense design and the everyday features you actually use.","{""warranty"":""2 years international warranty"",""inTheBox"":""Hammock, Care card, Pegs, Stuff sack"",""countryOfOrigin"":""Mexico"",""returns"":""7-day replacement, unopened"",""support"":""Phone support, 9am–6pm IST, weekdays only"",""weightGrams"":3915,""material"":""Stainless steel"",""colour"":""Slate Grey"",""modelYear"":2023}",Capacity,"[{""id"":""o1"",""label"":""Solo""},{""id"":""o2"",""label"":""Duo""},{""id"":""o3"",""label"":""Family""},{""id"":""o4"",""label"":""Group""}]"
2920,redwick-camp-chair-arc,Redwick Camp Chair Arc,Redwick,Outdoor,SK-2920-RE,"The Redwick Camp Chair Arc. A dependable outdoor pick with a clean, no-nonsense design and the everyday features you actually use.","{""warranty"":""2 years international warranty"",""inTheBox"":""Camp Chair, Pegs, Carabiner, Guy lines"",""countryOfOrigin"":""Germany"",""returns"":""10-day replacement, original packaging"",""support"":""24×7 chat support"",""weightGrams"":1110,""material"":""Ripstop nylon"",""colour"":""Graphite"",""modelYear"":2021}",Capacity,"[{""id"":""o1"",""label"":""Solo""},{""id"":""o2"",""label"":""Duo""}]"
2921,mosella-desk-chair-arc,Mosella Desk Chair Arc,Mosella,Office,SK-2921-MO,"The Mosella Desk Chair Arc. A dependable office pick with a clean, no-nonsense design and the everyday features you actually use.","{""warranty"":""2 years international warranty"",""inTheBox"":""Desk Chair, Assembly guide, Cable tray, Hardware pack"",""countryOfOrigin"":""Czechia"",""returns"":""7-day replacement, unopened"",""support"":""Email only, 48-hour response"",""weightGrams"":6871,""material"":""Bamboo composite"",""colour"":""Clay"",""modelYear"":2022}",Finish,"[{""id"":""o1"",""label"":""Oak""},{""id"":""o2"",""label"":""Walnut""},{""id"":""o3"",""label"":""Charcoal""},{""id"":""o4"",""label"":""White Ash""}]"
2922,tundrel-standing-desk-arc,Tundrel Standing Desk Arc,Tundrel,Office,SK-2922-TU,"The Tundrel Standing Desk Arc. A dependable office pick with a clean, no-nonsense design and the everyday features you actually use.","{""warranty"":""1 year manufacturer warranty"",""inTheBox"":""Standing Desk, Wall anchor, Assembly guide, Assembly tools, Floor protectors"",""countryOfOrigin"":""Taiwan"",""returns"":""10-day replacement, original packaging"",""support"":""Phone and email, 10am–6pm IST, Mon–Sat"",""weightGrams"":31895,""material"":""Engineered oak"",""colour"":""Bone White"",""modelYear"":2022}",Finish,"[{""id"":""o1"",""label"":""Oak""},{""id"":""o2"",""label"":""Walnut""},{""id"":""o3"",""label"":""Charcoal""}]"
2923,lumeno-monitor-arm-arc,Lumeno Monitor Arm Arc,Lumeno,Office,SK-2923-LU,"The Lumeno Monitor Arm Arc. A dependable office pick with a clean, no-nonsense design and the everyday features you actually use.","{""warranty"":""2 years international warranty"",""inTheBox"":""Monitor Arm, Wall anchor, Cable tray, Floor protectors, Assembly guide"",""countryOfOrigin"":""Thailand"",""returns"":""Replacement only, on verified defect"",""support"":""Phone and email, 10am–6pm IST, Mon–Sat"",""weightGrams"":19610,""material"":""Solid beech"",""colour"":""Matte Black"",""modelYear"":2022}",Finish,"[{""id"":""o1"",""label"":""Oak""},{""id"":""o2"",""label"":""Walnut""}]"
2924,saffrix-desk-lamp-arc,Saffrix Desk Lamp Arc,Saffrix,Office,SK-2924-SA,"The Saffrix Desk Lamp Arc. A dependable office pick with a clean, no-nonsense design and the everyday features you actually use.","{""warranty"":""6 months manufacturer warranty"",""inTheBox"":""Desk Lamp, Floor protectors, Hardware pack, Assembly guide, Cable tray"",""countryOfOrigin"":""Malaysia"",""returns"":""7-day return or replacement"",""support"":""Phone support, 9am–6pm IST, weekdays only"",""weightGrams"":893,""material"":""Powder-coated steel"",""colour"":""Slate Grey"",""modelYear"":2024}",Finish,"[{""id"":""o1"",""label"":""Oak""},{""id"":""o2"",""label"":""Walnut""},{""id"":""o3"",""label"":""Charcoal""}]"
2925,pinecrest-filing-cabinet-arc,Pinecrest Filing Cabinet Arc,Pinecrest,Office,SK-2925-PI,"The Pinecrest Filing Cabinet Arc. A dependable office pick with a clean, no-nonsense design and the everyday features you actually use.","{""warranty"":""3 years limited warranty"",""inTheBox"":""Filing Cabinet, Wall anchor, Assembly guide"",""countryOfOrigin"":""Thailand"",""returns"":""15-day replacement, unopened"",""support"":""Email only, 48-hour response"",""weightGrams"":6415,""material"":""Powder-coated steel"",""colour"":""Bone White"",""modelYear"":2025}",Finish,"[{""id"":""o1"",""label"":""Oak""},{""id"":""o2"",""label"":""Walnut""},{""id"":""o3"",""label"":""Charcoal""},{""id"":""o4"",""label"":""White Ash""}]"
2926,solvane-footrest-arc,Solvane Footrest Arc,Solvane,Office,SK-2926-SO,"The Solvane Footrest Arc. A dependable office pick with a clean, no-nonsense design and the everyday features you actually use.","{""warranty"":""3 years limited warranty"",""inTheBox"":""Footrest, Floor protectors, Hardware pack, Cable tray, Wall anchor"",""countryOfOrigin"":""Vietnam"",""returns"":""14-day return, restocking fee applies"",""support"":""Phone support, 9am–6pm IST, weekdays only"",""weightGrams"":31045,""material"":""Mesh and aluminium"",""colour"":""Olive"",""modelYear"":2021}",Finish,"[{""id"":""o1"",""label"":""Oak""},{""id"":""o2"",""label"":""Walnut""},{""id"":""o3"",""label"":""Charcoal""}]"
2927,quarrow-bookshelf-arc,Quarrow Bookshelf Arc,Quarrow,Office,SK-2927-QU,"The Quarrow Bookshelf Arc. A dependable office pick with a clean, no-nonsense design and the everyday features you actually use.","{""warranty"":""1 year warranty, extendable to 2 on registration"",""inTheBox"":""Bookshelf, Assembly guide, Assembly tools, Hardware pack"",""countryOfOrigin"":""India"",""returns"":""Replacement only, on verified defect"",""support"":""In-app chat, 8am–8pm IST"",""weightGrams"":19132,""material"":""Solid beech"",""colour"":""Oxblood"",""modelYear"":2022}",Finish,"[{""id"":""o1"",""label"":""Oak""},{""id"":""o2"",""label"":""Walnut""},{""id"":""o3"",""label"":""Charcoal""}]"
2928,brightwell-desk-organiser-arc,Brightwell Desk Organiser Arc,Brightwell,Office,SK-2928-BR,"The Brightwell Desk Organiser Arc. A dependable office pick with a clean, no-nonsense design and the everyday features you actually use.","{""warranty"":""6 months manufacturer warranty"",""inTheBox"":""Desk Organiser, Assembly guide, Floor protectors, Cable tray, Assembly tools"",""countryOfOrigin"":""Mexico"",""returns"":""14-day return, restocking fee applies"",""support"":""Email, chat and phone, 9am–9pm IST"",""weightGrams"":27250,""material"":""Bamboo composite"",""colour"":""Slate Grey"",""modelYear"":2024}",Finish,"[{""id"":""o1"",""label"":""Oak""},{""id"":""o2"",""label"":""Walnut""},{""id"":""o3"",""label"":""Charcoal""}]"
2929,tamarack-floor-lamp-arc,Tamarack Floor Lamp Arc,Tamarack,Lighting,SK-2929-TA,"The Tamarack Floor Lamp Arc. A dependable lighting pick with a clean, no-nonsense design and the everyday features you actually use.","{""warranty"":""2 years manufacturer warranty"",""inTheBox"":""Floor Lamp, Mounting kit, Spare diffuser"",""countryOfOrigin"":""Indonesia"",""returns"":""7-day return or replacement"",""support"":""Phone support, 9am–6pm IST, weekdays only"",""weightGrams"":2706,""material"":""Powder-coated steel"",""colour"":""Sandstone"",""modelYear"":2022}",Tone,"[{""id"":""o1"",""label"":""Warm white""},{""id"":""o2"",""label"":""Neutral white""},{""id"":""o3"",""label"":""Tunable white""},{""id"":""o4"",""label"":""Full colour""}]"
2930,veloria-led-strip-arc,Veloria LED Strip Arc,Veloria,Lighting,SK-2930-VE,"The Veloria LED Strip Arc. A dependable lighting pick with a clean, no-nonsense design and the everyday features you actually use.","{""warranty"":""6 months manufacturer warranty"",""inTheBox"":""LED Strip, Adhesive clips, Remote control, Spare diffuser, Setup guide"",""countryOfOrigin"":""Portugal"",""returns"":""30-day return, original packaging"",""support"":""Email and chat, 9am–7pm IST"",""weightGrams"":6200,""material"":""Powder-coated steel"",""colour"":""Pewter"",""modelYear"":2023}",Tone,"[{""id"":""o1"",""label"":""Warm white""},{""id"":""o2"",""label"":""Neutral white""},{""id"":""o3"",""label"":""Tunable white""},{""id"":""o4"",""label"":""Full colour""}]"
2931,orbisk-pendant-light-arc,Orbisk Pendant Light Arc,Orbisk,Lighting,SK-2931-OR,"The Orbisk Pendant Light Arc. A dependable lighting pick with a clean, no-nonsense design and the everyday features you actually use.","{""warranty"":""2 years international warranty"",""inTheBox"":""Pendant Light, Adhesive clips, Spare diffuser"",""countryOfOrigin"":""Vietnam"",""returns"":""30-day return, original packaging"",""support"":""Email only, 48-hour response"",""weightGrams"":4441,""material"":""Powder-coated steel"",""colour"":""Midnight Navy"",""modelYear"":2025}",Tone,"[{""id"":""o1"",""label"":""Warm white""},{""id"":""o2"",""label"":""Neutral white""}]"
2932,junova-smart-panel-arc,Junova Smart Panel Arc,Junova,Lighting,SK-2932-JU,"The Junova Smart Panel Arc. A dependable lighting pick with a clean, no-nonsense design and the everyday features you actually use.","{""warranty"":""5 years limited warranty"",""inTheBox"":""Smart Panel, Setup guide, Spare diffuser"",""countryOfOrigin"":""Vietnam"",""returns"":""7-day replacement, unopened"",""support"":""24×7 chat support"",""weightGrams"":6569,""material"":""Borosilicate glass"",""colour"":""Ice Blue"",""modelYear"":2023}",Tone,"[{""id"":""o1"",""label"":""Warm white""},{""id"":""o2"",""label"":""Neutral white""}]"
2933,halvard-reading-light-arc,Halvard Reading Light Arc,Halvard,Lighting,SK-2933-HA,"The Halvard Reading Light Arc. A dependable lighting pick with a clean, no-nonsense design and the everyday features you actually use.","{""warranty"":""6 months manufacturer warranty"",""inTheBox"":""Reading Light, Remote control, Setup guide, Mounting kit, Adhesive clips"",""countryOfOrigin"":""Taiwan"",""returns"":""7-day return or replacement"",""support"":""Phone support, 9am–6pm IST, weekdays only"",""weightGrams"":5770,""material"":""Silicone diffuser"",""colour"":""Sandstone"",""modelYear"":2024}",Tone,"[{""id"":""o1"",""label"":""Warm white""},{""id"":""o2"",""label"":""Neutral white""},{""id"":""o3"",""label"":""Tunable white""}]"
2934,redwick-lantern-arc,Redwick Lantern Arc,Redwick,Lighting,SK-2934-RE,"The Redwick Lantern Arc. A dependable lighting pick with a clean, no-nonsense design and the everyday features you actually use.","{""warranty"":""5 years limited warranty"",""inTheBox"":""Lantern, Spare diffuser, Adhesive clips, Remote control"",""countryOfOrigin"":""South Korea"",""returns"":""15-day replacement, unopened"",""support"":""Email, chat and phone, 9am–9pm IST"",""weightGrams"":4974,""material"":""Anodised aluminium"",""colour"":""Forest"",""modelYear"":2022}",Tone,"[{""id"":""o1"",""label"":""Warm white""},{""id"":""o2"",""label"":""Neutral white""},{""id"":""o3"",""label"":""Tunable white""},{""id"":""o4"",""label"":""Full colour""}]"
2935,mosella-wall-sconce-arc,Mosella Wall Sconce Arc,Mosella,Lighting,SK-2935-MO,"The Mosella Wall Sconce Arc. A dependable lighting pick with a clean, no-nonsense design and the everyday features you actually use.","{""warranty"":""18 months manufacturer warranty"",""inTheBox"":""Wall Sconce, Setup guide, Power adapter, Spare diffuser"",""countryOfOrigin"":""Portugal"",""returns"":""7-day replacement, unopened"",""support"":""Email and chat, 9am–7pm IST"",""weightGrams"":5899,""material"":""Anodised aluminium"",""colour"":""Ice Blue"",""modelYear"":2021}",Tone,"[{""id"":""o1"",""label"":""Warm white""},{""id"":""o2"",""label"":""Neutral white""},{""id"":""o3"",""label"":""Tunable white""}]"
2936,tundrel-light-bar-arc,Tundrel Light Bar Arc,Tundrel,Lighting,SK-2936-TU,"The Tundrel Light Bar Arc. A dependable lighting pick with a clean, no-nonsense design and the everyday features you actually use.","{""warranty"":""2 years international warranty"",""inTheBox"":""Light Bar, Setup guide, Power adapter, Remote control"",""countryOfOrigin"":""South Korea"",""returns"":""14-day return, restocking fee applies"",""support"":""24×7 chat support"",""weightGrams"":4763,""material"":""Silicone diffuser"",""colour"":""Olive"",""modelYear"":2021}",Tone,"[{""id"":""o1"",""label"":""Warm white""},{""id"":""o2"",""label"":""Neutral white""},{""id"":""o3"",""label"":""Tunable white""}]"
2937,lumeno-hair-dryer-arc,Lumeno Hair Dryer Arc,Lumeno,Personal Care,SK-2937-LU,"The Lumeno Hair Dryer Arc. A dependable personal care pick with a clean, no-nonsense design and the everyday features you actually use.","{""warranty"":""1 year warranty, extendable to 2 on registration"",""inTheBox"":""Hair Dryer, Guide combs, Spare head, Cleaning brush"",""countryOfOrigin"":""Mexico"",""returns"":""15-day replacement, unopened"",""support"":""24×7 chat support"",""weightGrams"":745,""material"":""Recycled polycarbonate"",""colour"":""Sandstone"",""modelYear"":2021}",Set,"[{""id"":""o1"",""label"":""Single""},{""id"":""o2"",""label"":""Duo pack""},{""id"":""o3"",""label"":""Travel set""}]"
2938,saffrix-beard-trimmer-arc,Saffrix Beard Trimmer Arc,Saffrix,Personal Care,SK-2938-SA,"The Saffrix Beard Trimmer Arc. A dependable personal care pick with a clean, no-nonsense design and the everyday features you actually use.","{""warranty"":""3 years limited warranty"",""inTheBox"":""Beard Trimmer, Care guide, Guide combs"",""countryOfOrigin"":""Vietnam"",""returns"":""30-day return, original packaging"",""support"":""In-app chat, 8am–8pm IST"",""weightGrams"":299,""material"":""Ceramic and ABS"",""colour"":""Graphite"",""modelYear"":2021}",Set,"[{""id"":""o1"",""label"":""Single""},{""id"":""o2"",""label"":""Duo pack""}]"
2939,pinecrest-electric-toothbrush-arc,Pinecrest Electric Toothbrush Arc,Pinecrest,Personal Care,SK-2939-PI,"The Pinecrest Electric Toothbrush Arc. A dependable personal care pick with a clean, no-nonsense design and the everyday features you actually use.","{""warranty"":""2 years manufacturer warranty"",""inTheBox"":""Electric Toothbrush, Care guide, Cleaning brush"",""countryOfOrigin"":""Portugal"",""returns"":""10-day replacement, original packaging"",""support"":""Phone support, 9am–6pm IST, weekdays only"",""weightGrams"":608,""material"":""Recycled polycarbonate"",""colour"":""Forest"",""modelYear"":2021}",Set,"[{""id"":""o1"",""label"":""Single""},{""id"":""o2"",""label"":""Duo pack""}]"
2940,solvane-hair-straightener-arc,Solvane Hair Straightener Arc,Solvane,Personal Care,SK-2940-SO,"The Solvane Hair Straightener Arc. A dependable personal care pick with a clean, no-nonsense design and the everyday features you actually use.","{""warranty"":""3 years limited warranty"",""inTheBox"":""Hair Straightener, Charging stand, Travel pouch"",""countryOfOrigin"":""Portugal"",""returns"":""10-day replacement, original packaging"",""support"":""Phone and email, 10am–6pm IST, Mon–Sat"",""weightGrams"":395,""material"":""Recycled polycarbonate"",""colour"":""Ice Blue"",""modelYear"":2024}",Set,"[{""id"":""o1"",""label"":""Single""},{""id"":""o2"",""label"":""Duo pack""},{""id"":""o3"",""label"":""Travel set""}]"
2941,quarrow-massager-arc,Quarrow Massager Arc,Quarrow,Personal Care,SK-2941-QU,"The Quarrow Massager Arc. A dependable personal care pick with a clean, no-nonsense design and the everyday features you actually use.","{""warranty"":""3 years limited warranty"",""inTheBox"":""Massager, Guide combs, Travel pouch, Care guide"",""countryOfOrigin"":""Czechia"",""returns"":""Replacement only, on verified defect"",""support"":""In-app chat, 8am–8pm IST"",""weightGrams"":896,""material"":""Stainless steel"",""colour"":""Olive"",""modelYear"":2022}",Set,"[{""id"":""o1"",""label"":""Single""},{""id"":""o2"",""label"":""Duo pack""}]"
2942,brightwell-shaver-arc,Brightwell Shaver Arc,Brightwell,Personal Care,SK-2942-BR,"The Brightwell Shaver Arc. A dependable personal care pick with a clean, no-nonsense design and the everyday features you actually use.","{""warranty"":""3 years limited warranty"",""inTheBox"":""Shaver, Guide combs, Cleaning brush, Spare head, Travel pouch"",""countryOfOrigin"":""Mexico"",""returns"":""14-day return, restocking fee applies"",""support"":""Email only, 48-hour response"",""weightGrams"":123,""material"":""Stainless steel"",""colour"":""Slate Grey"",""modelYear"":2023}",Set,"[{""id"":""o1"",""label"":""Single""},{""id"":""o2"",""label"":""Duo pack""}]"
2943,tamarack-grooming-kit-arc,Tamarack Grooming Kit Arc,Tamarack,Personal Care,SK-2943-TA,"The Tamarack Grooming Kit Arc. A dependable personal care pick with a clean, no-nonsense design and the everyday features you actually use.","{""warranty"":""1 year manufacturer warranty"",""inTheBox"":""Grooming Kit, Spare head, Care guide, Charging stand, Guide combs"",""countryOfOrigin"":""Vietnam"",""returns"":""Replacement only, on verified defect"",""support"":""24×7 chat support"",""weightGrams"":895,""material"":""Stainless steel"",""colour"":""Pewter"",""modelYear"":2021}",Set,"[{""id"":""o1"",""label"":""Single""},{""id"":""o2"",""label"":""Duo pack""},{""id"":""o3"",""label"":""Travel set""}]"
2944,veloria-epilator-arc,Veloria Epilator Arc,Veloria,Personal Care,SK-2944-VE,"The Veloria Epilator Arc. A dependable personal care pick with a clean, no-nonsense design and the everyday features you actually use.","{""warranty"":""3 years limited warranty"",""inTheBox"":""Epilator, Charging stand, Cleaning brush, Guide combs, Spare head"",""countryOfOrigin"":""Mexico"",""returns"":""7-day replacement, unopened"",""support"":""Email only, 48-hour response"",""weightGrams"":619,""material"":""Recycled polycarbonate"",""colour"":""Sandstone"",""modelYear"":2022}",Set,"[{""id"":""o1"",""label"":""Single""},{""id"":""o2"",""label"":""Duo pack""},{""id"":""o3"",""label"":""Travel set""},{""id"":""o4"",""label"":""Gift set""}]"
2945,orbisk-digital-piano-arc,Orbisk Digital Piano Arc,Orbisk,Instruments,SK-2945-OR,"The Orbisk Digital Piano Arc. A dependable instruments pick with a clean, no-nonsense design and the everyday features you actually use.","{""warranty"":""1 year warranty, extendable to 2 on registration"",""inTheBox"":""Digital Piano, Gig bag, Spare strings, Tuner, Polishing cloth"",""countryOfOrigin"":""Malaysia"",""returns"":""7-day replacement, unopened"",""support"":""Email and chat, 9am–7pm IST"",""weightGrams"":5524,""material"":""Rosewood"",""colour"":""Sandstone"",""modelYear"":2022}",Bundle,"[{""id"":""o1"",""label"":""Instrument only""},{""id"":""o2"",""label"":""Starter bundle""},{""id"":""o3"",""label"":""Studio bundle""},{""id"":""o4"",""label"":""Stage bundle""}]"
2946,junova-ukulele-arc,Junova Ukulele Arc,Junova,Instruments,SK-2946-JU,"The Junova Ukulele Arc. A dependable instruments pick with a clean, no-nonsense design and the everyday features you actually use.","{""warranty"":""1 year manufacturer warranty"",""inTheBox"":""Ukulele, Tuner, Quick-start guide"",""countryOfOrigin"":""Czechia"",""returns"":""7-day return or replacement"",""support"":""24×7 chat support"",""weightGrams"":6915,""material"":""Maple"",""colour"":""Graphite"",""modelYear"":2022}",Bundle,"[{""id"":""o1"",""label"":""Instrument only""},{""id"":""o2"",""label"":""Starter bundle""}]"
2947,halvard-acoustic-guitar-arc,Halvard Acoustic Guitar Arc,Halvard,Instruments,SK-2947-HA,"The Halvard Acoustic Guitar Arc. A dependable instruments pick with a clean, no-nonsense design and the everyday features you actually use.","{""warranty"":""18 months manufacturer warranty"",""inTheBox"":""Acoustic Guitar, Tuner, Polishing cloth, Gig bag"",""countryOfOrigin"":""Czechia"",""returns"":""14-day return, restocking fee applies"",""support"":""Phone and email, 10am–6pm IST, Mon–Sat"",""weightGrams"":19061,""material"":""Birch plywood"",""colour"":""Forest"",""modelYear"":2025}",Bundle,"[{""id"":""o1"",""label"":""Instrument only""},{""id"":""o2"",""label"":""Starter bundle""}]"
2948,redwick-electronic-drum-kit-arc,Redwick Electronic Drum Kit Arc,Redwick,Instruments,SK-2948-RE,"The Redwick Electronic Drum Kit Arc. A dependable instruments pick with a clean, no-nonsense design and the everyday features you actually use.","{""warranty"":""2 years international warranty"",""inTheBox"":""Electronic Drum Kit, Tuner, Polishing cloth"",""countryOfOrigin"":""South Korea"",""returns"":""10-day replacement, original packaging"",""support"":""24×7 chat support"",""weightGrams"":13087,""material"":""ABS with steel frame"",""colour"":""Sandstone"",""modelYear"":2021}",Bundle,"[{""id"":""o1"",""label"":""Instrument only""},{""id"":""o2"",""label"":""Starter bundle""},{""id"":""o3"",""label"":""Studio bundle""},{""id"":""o4"",""label"":""Stage bundle""}]"
2949,mosella-midi-keyboard-arc,Mosella MIDI Keyboard Arc,Mosella,Instruments,SK-2949-MO,"The Mosella MIDI Keyboard Arc. A dependable instruments pick with a clean, no-nonsense design and the everyday features you actually use.","{""warranty"":""1 year manufacturer warranty"",""inTheBox"":""MIDI Keyboard, Power adapter, Polishing cloth, Tuner"",""countryOfOrigin"":""Taiwan"",""returns"":""7-day replacement, unopened"",""support"":""Email, chat and phone, 9am–9pm IST"",""weightGrams"":9681,""material"":""ABS with steel frame"",""colour"":""Clay"",""modelYear"":2021}",Bundle,"[{""id"":""o1"",""label"":""Instrument only""},{""id"":""o2"",""label"":""Starter bundle""},{""id"":""o3"",""label"":""Studio bundle""},{""id"":""o4"",""label"":""Stage bundle""}]"
2950,tundrel-violin-arc,Tundrel Violin Arc,Tundrel,Instruments,SK-2950-TU,"The Tundrel Violin Arc. A dependable instruments pick with a clean, no-nonsense design and the everyday features you actually use.","{""warranty"":""6 months manufacturer warranty"",""inTheBox"":""Violin, Polishing cloth, Gig bag"",""countryOfOrigin"":""Malaysia"",""returns"":""30-day return, original packaging"",""support"":""Email, chat and phone, 9am–9pm IST"",""weightGrams"":19900,""material"":""Rosewood"",""colour"":""Olive"",""modelYear"":2024}",Bundle,"[{""id"":""o1"",""label"":""Instrument only""},{""id"":""o2"",""label"":""Starter bundle""}]"
2951,lumeno-cajon-arc,Lumeno Cajon Arc,Lumeno,Instruments,SK-2951-LU,"The Lumeno Cajon Arc. A dependable instruments pick with a clean, no-nonsense design and the everyday features you actually use.","{""warranty"":""2 years international warranty"",""inTheBox"":""Cajon, Quick-start guide, Spare strings, Power adapter, Gig bag"",""countryOfOrigin"":""Germany"",""returns"":""Replacement only, on verified defect"",""support"":""Phone and email, 10am–6pm IST, Mon–Sat"",""weightGrams"":10658,""material"":""Birch plywood"",""colour"":""Sandstone"",""modelYear"":2021}",Bundle,"[{""id"":""o1"",""label"":""Instrument only""},{""id"":""o2"",""label"":""Starter bundle""},{""id"":""o3"",""label"":""Studio bundle""}]"
2952,saffrix-synthesizer-arc,Saffrix Synthesizer Arc,Saffrix,Instruments,SK-2952-SA,"The Saffrix Synthesizer Arc. A dependable instruments pick with a clean, no-nonsense design and the everyday features you actually use.","{""warranty"":""2 years international warranty"",""inTheBox"":""Synthesizer, Gig bag, Tuner, Power adapter, Spare strings"",""countryOfOrigin"":""India"",""returns"":""30-day return, original packaging"",""support"":""Phone support, 9am–6pm IST, weekdays only"",""weightGrams"":12070,""material"":""Rosewood"",""colour"":""Bone White"",""modelYear"":2021}",Bundle,"[{""id"":""o1"",""label"":""Instrument only""},{""id"":""o2"",""label"":""Starter bundle""},{""id"":""o3"",""label"":""Studio bundle""},{""id"":""o4"",""label"":""Stage bundle""}]"
2953,pinecrest-wi-fi-router-arc,Pinecrest Wi-Fi Router Arc,Pinecrest,Networking,SK-2953-PI,"The Pinecrest Wi-Fi Router Arc. A dependable networking pick with a clean, no-nonsense design and the everyday features you actually use.","{""warranty"":""1 year manufacturer warranty"",""inTheBox"":""Wi-Fi Router, Warranty card, Ethernet cable"",""countryOfOrigin"":""India"",""returns"":""10-day replacement, original packaging"",""support"":""Phone support, 9am–6pm IST, weekdays only"",""weightGrams"":125,""material"":""Anodised aluminium"",""colour"":""Graphite"",""modelYear"":2022}",Pack,"[{""id"":""o1"",""label"":""1-pack""},{""id"":""o2"",""label"":""2-pack""},{""id"":""o3"",""label"":""3-pack""},{""id"":""o4"",""label"":""4-pack""}]"
2954,solvane-mesh-system-arc,Solvane Mesh System Arc,Solvane,Networking,SK-2954-SO,"The Solvane Mesh System Arc. A dependable networking pick with a clean, no-nonsense design and the everyday features you actually use.","{""warranty"":""2 years manufacturer warranty"",""inTheBox"":""Mesh System, Power adapter, Ethernet cable, Setup guide"",""countryOfOrigin"":""China"",""returns"":""7-day return or replacement"",""support"":""Phone and email, 10am–6pm IST, Mon–Sat"",""weightGrams"":1905,""material"":""Flame-retardant polycarbonate"",""colour"":""Clay"",""modelYear"":2021}",Pack,"[{""id"":""o1"",""label"":""1-pack""},{""id"":""o2"",""label"":""2-pack""},{""id"":""o3"",""label"":""3-pack""}]"
2955,quarrow-network-switch-arc,Quarrow Network Switch Arc,Quarrow,Networking,SK-2955-QU,"The Quarrow Network Switch Arc. A dependable networking pick with a clean, no-nonsense design and the everyday features you actually use.","{""warranty"":""2 years international warranty"",""inTheBox"":""Network Switch, Ethernet cable, Wall-mount kit, Power adapter"",""countryOfOrigin"":""Vietnam"",""returns"":""10-day replacement, original packaging"",""support"":""24×7 chat support"",""weightGrams"":1450,""material"":""Flame-retardant polycarbonate"",""colour"":""Matte Black"",""modelYear"":2023}",Pack,"[{""id"":""o1"",""label"":""1-pack""},{""id"":""o2"",""label"":""2-pack""}]"
2956,brightwell-range-extender-arc,Brightwell Range Extender Arc,Brightwell,Networking,SK-2956-BR,"The Brightwell Range Extender Arc. A dependable networking pick with a clean, no-nonsense design and the everyday features you actually use.","{""warranty"":""2 years manufacturer warranty"",""inTheBox"":""Range Extender, Power adapter, Setup guide, Wall-mount kit"",""countryOfOrigin"":""Vietnam"",""returns"":""14-day return, restocking fee applies"",""support"":""Phone support, 9am–6pm IST, weekdays only"",""weightGrams"":1598,""material"":""Powder-coated steel"",""colour"":""Bone White"",""modelYear"":2021}",Pack,"[{""id"":""o1"",""label"":""1-pack""},{""id"":""o2"",""label"":""2-pack""},{""id"":""o3"",""label"":""3-pack""},{""id"":""o4"",""label"":""4-pack""}]"
2957,tamarack-powerline-adapter-arc,Tamarack Powerline Adapter Arc,Tamarack,Networking,SK-2957-TA,"The Tamarack Powerline Adapter Arc. A dependable networking pick with a clean, no-nonsense design and the everyday features you actually use.","{""warranty"":""2 years manufacturer warranty"",""inTheBox"":""Powerline Adapter, Setup guide, Power adapter"",""countryOfOrigin"":""Taiwan"",""returns"":""7-day replacement, unopened"",""support"":""Email, chat and phone, 9am–9pm IST"",""weightGrams"":367,""material"":""Recycled polycarbonate"",""colour"":""Pewter"",""modelYear"":2024}",Pack,"[{""id"":""o1"",""label"":""1-pack""},{""id"":""o2"",""label"":""2-pack""},{""id"":""o3"",""label"":""3-pack""}]"
2958,veloria-travel-router-arc,Veloria Travel Router Arc,Veloria,Networking,SK-2958-VE,"The Veloria Travel Router Arc. A dependable networking pick with a clean, no-nonsense design and the everyday features you actually use.","{""warranty"":""2 years international warranty"",""inTheBox"":""Travel Router, Warranty card, Ethernet cable, Setup guide"",""countryOfOrigin"":""Germany"",""returns"":""15-day replacement, unopened"",""support"":""In-app chat, 8am–8pm IST"",""weightGrams"":379,""material"":""Recycled polycarbonate"",""colour"":""Ice Blue"",""modelYear"":2024}",Pack,"[{""id"":""o1"",""label"":""1-pack""},{""id"":""o2"",""label"":""2-pack""},{""id"":""o3"",""label"":""3-pack""}]"
2959,orbisk-nas-enclosure-arc,Orbisk NAS Enclosure Arc,Orbisk,Networking,SK-2959-OR,"The Orbisk NAS Enclosure Arc. A dependable networking pick with a clean, no-nonsense design and the everyday features you actually use.","{""warranty"":""6 months manufacturer warranty"",""inTheBox"":""NAS Enclosure, Power adapter, Ethernet cable, Wall-mount kit, Setup guide"",""countryOfOrigin"":""Malaysia"",""returns"":""14-day return, restocking fee applies"",""support"":""In-app chat, 8am–8pm IST"",""weightGrams"":624,""material"":""Recycled polycarbonate"",""colour"":""Clay"",""modelYear"":2024}",Pack,"[{""id"":""o1"",""label"":""1-pack""},{""id"":""o2"",""label"":""2-pack""},{""id"":""o3"",""label"":""3-pack""},{""id"":""o4"",""label"":""4-pack""}]"
2960,junova-5g-hotspot-arc,Junova 5G Hotspot Arc,Junova,Networking,SK-2960-JU,"The Junova 5G Hotspot Arc. A dependable networking pick with a clean, no-nonsense design and the everyday features you actually use.","{""warranty"":""3 years limited warranty"",""inTheBox"":""5G Hotspot, Ethernet cable, Warranty card"",""countryOfOrigin"":""Taiwan"",""returns"":""7-day replacement, unopened"",""support"":""In-app chat, 8am–8pm IST"",""weightGrams"":192,""material"":""Anodised aluminium"",""colour"":""Pewter"",""modelYear"":2022}",Pack,"[{""id"":""o1"",""label"":""1-pack""},{""id"":""o2"",""label"":""2-pack""},{""id"":""o3"",""label"":""3-pack""}]"
